strut_id,midpoint_surface_gap_mm,x0_json,y0_json,z0_json,x1_json,y1_json,z1_json,x0_stl_mm,y0_stl_mm,z0_stl_mm,x1_stl_mm,y1_stl_mm,z1_stl_mm
0,0.203055,18.000,18.000,18.000,17.000,18.000,17.000,20.520,20.520,20.520,18.240,20.520,18.240
10,1.185886,18.000,16.000,18.000,17.000,17.000,18.000,20.520,15.960,20.520,18.240,18.240,20.520
178,0.200552,4.000,16.000,18.000,3.000,17.000,18.000,-11.400,15.960,20.520,-13.680,18.240,20.520
214,1.187583,0.000,17.000,17.000,1.000,16.000,17.000,-20.520,18.240,18.240,-18.240,15.960,18.240
417,1.141684,2.000,18.000,14.000,2.000,17.000,15.000,-15.960,20.520,11.400,-15.960,18.240,13.680
434,0.204410,0.000,17.000,15.000,1.000,16.000,15.000,-20.520,18.240,13.680,-18.240,15.960,13.680
846,0.199278,2.000,17.000,11.000,3.000,16.000,11.000,-15.960,18.240,4.560,-13.680,15.960,4.560
946,1.186163,12.000,17.000,9.000,13.000,16.000,9.000,6.840,18.240,0.000,9.120,15.960,0.000
1088,0.209305,1.000,16.000,9.000,2.000,17.000,9.000,-18.240,15.960,0.000,-15.960,18.240,0.000
1310,1.184024,2.000,17.000,7.000,1.000,17.000,6.000,-15.960,18.240,-4.560,-18.240,18.240,-6.840
1475,0.206077,4.000,16.000,6.000,5.000,17.000,6.000,-11.400,15.960,-6.840,-9.120,18.240,-6.840
1666,1.187028,8.000,16.000,2.000,8.000,17.000,3.000,-2.280,15.960,-15.960,-2.280,18.240,-13.680
1728,1.186386,2.000,17.000,3.000,3.000,17.000,4.000,-15.960,18.240,-13.680,-13.680,18.240,-11.400
1763,0.212331,18.000,18.000,0.000,17.000,18.000,1.000,20.520,20.520,-20.520,18.240,20.520,-18.240
1765,0.211202,18.000,18.000,0.000,18.000,17.000,1.000,20.520,20.520,-20.520,20.520,18.240,-18.240
1766,0.205983,18.000,16.000,0.000,18.000,17.000,1.000,20.520,15.960,-20.520,20.520,18.240,-18.240
1772,0.202013,16.000,18.000,0.000,17.000,17.000,0.000,15.960,20.520,-20.520,18.240,18.240,-20.520
1773,0.203451,18.000,18.000,0.000,17.000,17.000,0.000,20.520,20.520,-20.520,18.240,18.240,-20.520
1774,0.206162,18.000,16.000,0.000,17.000,17.000,0.000,20.520,15.960,-20.520,18.240,18.240,-20.520
1775,0.205721,16.000,16.000,0.000,17.000,17.000,0.000,15.960,15.960,-20.520,18.240,18.240,-20.520
1778,0.201550,18.000,17.000,1.000,17.000,17.000,0.000,20.520,18.240,-18.240,18.240,18.240,-20.520
1781,0.203871,16.000,17.000,1.000,17.000,17.000,0.000,15.960,18.240,-18.240,18.240,18.240,-20.520
1786,0.210343,17.000,16.000,1.000,17.000,17.000,0.000,18.240,15.960,-18.240,18.240,18.240,-20.520
1787,0.201575,17.000,18.000,1.000,17.000,17.000,0.000,18.240,20.520,-18.240,18.240,18.240,-20.520
1793,0.198816,16.000,18.000,0.000,16.000,17.000,1.000,15.960,20.520,-20.520,15.960,18.240,-18.240
1794,0.209659,16.000,16.000,0.000,16.000,17.000,1.000,15.960,15.960,-20.520,15.960,18.240,-18.240
1800,0.202602,14.000,18.000,0.000,15.000,17.000,0.000,11.400,20.520,-20.520,13.680,18.240,-20.520
1801,0.203652,16.000,18.000,0.000,15.000,17.000,0.000,15.960,20.520,-20.520,13.680,18.240,-20.520
1802,0.202309,16.000,16.000,0.000,15.000,17.000,0.000,15.960,15.960,-20.520,13.680,18.240,-20.520
1803,0.204380,14.000,16.000,0.000,15.000,17.000,0.000,11.400,15.960,-20.520,13.680,18.240,-20.520
1806,0.196944,16.000,17.000,1.000,15.000,17.000,0.000,15.960,18.240,-18.240,13.680,18.240,-20.520
1809,0.201389,14.000,17.000,1.000,15.000,17.000,0.000,11.400,18.240,-18.240,13.680,18.240,-20.520
1814,0.207500,15.000,16.000,1.000,15.000,17.000,0.000,13.680,15.960,-18.240,13.680,18.240,-20.520
1815,0.205803,15.000,18.000,1.000,15.000,17.000,0.000,13.680,20.520,-18.240,13.680,18.240,-20.520
1821,0.210411,14.000,18.000,0.000,14.000,17.000,1.000,11.400,20.520,-20.520,11.400,18.240,-18.240
1822,0.209050,14.000,16.000,0.000,14.000,17.000,1.000,11.400,15.960,-20.520,11.400,18.240,-18.240
1828,0.205727,12.000,18.000,0.000,13.000,17.000,0.000,6.840,20.520,-20.520,9.120,18.240,-20.520
1829,0.198776,14.000,18.000,0.000,13.000,17.000,0.000,11.400,20.520,-20.520,9.120,18.240,-20.520
1830,0.206504,14.000,16.000,0.000,13.000,17.000,0.000,11.400,15.960,-20.520,9.120,18.240,-20.520
1831,0.199463,12.000,16.000,0.000,13.000,17.000,0.000,6.840,15.960,-20.520,9.120,18.240,-20.520
1834,0.202761,14.000,17.000,1.000,13.000,17.000,0.000,11.400,18.240,-18.240,9.120,18.240,-20.520
1837,0.199640,12.000,17.000,1.000,13.000,17.000,0.000,6.840,18.240,-18.240,9.120,18.240,-20.520
1842,0.200809,13.000,16.000,1.000,13.000,17.000,0.000,9.120,15.960,-18.240,9.120,18.240,-20.520
1843,0.212710,13.000,18.000,1.000,13.000,17.000,0.000,9.120,20.520,-18.240,9.120,18.240,-20.520
1849,0.200923,12.000,18.000,0.000,12.000,17.000,1.000,6.840,20.520,-20.520,6.840,18.240,-18.240
1850,0.210403,12.000,16.000,0.000,12.000,17.000,1.000,6.840,15.960,-20.520,6.840,18.240,-18.240
1856,0.200793,10.000,18.000,0.000,11.000,17.000,0.000,2.280,20.520,-20.520,4.560,18.240,-20.520
1857,0.202535,12.000,18.000,0.000,11.000,17.000,0.000,6.840,20.520,-20.520,4.560,18.240,-20.520
1858,0.202864,12.000,16.000,0.000,11.000,17.000,0.000,6.840,15.960,-20.520,4.560,18.240,-20.520
1859,0.205265,10.000,16.000,0.000,11.000,17.000,0.000,2.280,15.960,-20.520,4.560,18.240,-20.520
1862,0.202394,12.000,17.000,1.000,11.000,17.000,0.000,6.840,18.240,-18.240,4.560,18.240,-20.520
1865,0.201912,10.000,17.000,1.000,11.000,17.000,0.000,2.280,18.240,-18.240,4.560,18.240,-20.520
1870,0.207897,11.000,16.000,1.000,11.000,17.000,0.000,4.560,15.960,-18.240,4.560,18.240,-20.520
1871,0.209591,11.000,18.000,1.000,11.000,17.000,0.000,4.560,20.520,-18.240,4.560,18.240,-20.520
1877,0.204063,10.000,18.000,0.000,10.000,17.000,1.000,2.280,20.520,-20.520,2.280,18.240,-18.240
1878,0.196511,10.000,16.000,0.000,10.000,17.000,1.000,2.280,15.960,-20.520,2.280,18.240,-18.240
1884,0.201498,8.000,18.000,0.000,9.000,17.000,0.000,-2.280,20.520,-20.520,0.000,18.240,-20.520
1885,0.202237,10.000,18.000,0.000,9.000,17.000,0.000,2.280,20.520,-20.520,0.000,18.240,-20.520
1886,0.201849,10.000,16.000,0.000,9.000,17.000,0.000,2.280,15.960,-20.520,0.000,18.240,-20.520
1887,0.202464,8.000,16.000,0.000,9.000,17.000,0.000,-2.280,15.960,-20.520,0.000,18.240,-20.520
1890,0.202188,10.000,17.000,1.000,9.000,17.000,0.000,2.280,18.240,-18.240,0.000,18.240,-20.520
1893,0.201921,8.000,17.000,1.000,9.000,17.000,0.000,-2.280,18.240,-18.240,0.000,18.240,-20.520
1898,0.196366,9.000,16.000,1.000,9.000,17.000,0.000,0.000,15.960,-18.240,0.000,18.240,-20.520
1899,0.209965,9.000,18.000,1.000,9.000,17.000,0.000,0.000,20.520,-18.240,0.000,18.240,-20.520
1905,0.207031,8.000,18.000,0.000,8.000,17.000,1.000,-2.280,20.520,-20.520,-2.280,18.240,-18.240
1906,0.210758,8.000,16.000,0.000,8.000,17.000,1.000,-2.280,15.960,-20.520,-2.280,18.240,-18.240
1912,0.202805,6.000,18.000,0.000,7.000,17.000,0.000,-6.840,20.520,-20.520,-4.560,18.240,-20.520
1913,0.202053,8.000,18.000,0.000,7.000,17.000,0.000,-2.280,20.520,-20.520,-4.560,18.240,-20.520
1914,0.202018,8.000,16.000,0.000,7.000,17.000,0.000,-2.280,15.960,-20.520,-4.560,18.240,-20.520
1915,0.202429,6.000,16.000,0.000,7.000,17.000,0.000,-6.840,15.960,-20.520,-4.560,18.240,-20.520
1918,0.202236,8.000,17.000,1.000,7.000,17.000,0.000,-2.280,18.240,-18.240,-4.560,18.240,-20.520
1921,0.201508,6.000,17.000,1.000,7.000,17.000,0.000,-6.840,18.240,-18.240,-4.560,18.240,-20.520
1926,0.207707,7.000,16.000,1.000,7.000,17.000,0.000,-4.560,15.960,-18.240,-4.560,18.240,-20.520
1927,0.208876,7.000,18.000,1.000,7.000,17.000,0.000,-4.560,20.520,-18.240,-4.560,18.240,-20.520
1933,0.208904,6.000,18.000,0.000,6.000,17.000,1.000,-6.840,20.520,-20.520,-6.840,18.240,-18.240
1934,0.205130,6.000,16.000,0.000,6.000,17.000,1.000,-6.840,15.960,-20.520,-6.840,18.240,-18.240
1940,0.204697,4.000,18.000,0.000,5.000,17.000,0.000,-11.400,20.520,-20.520,-9.120,18.240,-20.520
1941,0.200565,6.000,18.000,0.000,5.000,17.000,0.000,-6.840,20.520,-20.520,-9.120,18.240,-20.520
1942,0.207440,6.000,16.000,0.000,5.000,17.000,0.000,-6.840,15.960,-20.520,-9.120,18.240,-20.520
1943,0.205671,4.000,16.000,0.000,5.000,17.000,0.000,-11.400,15.960,-20.520,-9.120,18.240,-20.520
1946,0.201698,6.000,17.000,1.000,5.000,17.000,0.000,-6.840,18.240,-18.240,-9.120,18.240,-20.520
1949,0.202767,4.000,17.000,1.000,5.000,17.000,0.000,-11.400,18.240,-18.240,-9.120,18.240,-20.520
1950,0.202646,4.000,17.000,1.000,5.000,16.000,1.000,-11.400,18.240,-18.240,-9.120,15.960,-18.240
1954,0.210712,5.000,16.000,1.000,5.000,17.000,0.000,-9.120,15.960,-18.240,-9.120,18.240,-20.520
1955,0.207529,5.000,18.000,1.000,5.000,17.000,0.000,-9.120,20.520,-18.240,-9.120,18.240,-20.520
1961,0.208733,4.000,18.000,0.000,4.000,17.000,1.000,-11.400,20.520,-20.520,-11.400,18.240,-18.240
1962,0.208473,4.000,16.000,0.000,4.000,17.000,1.000,-11.400,15.960,-20.520,-11.400,18.240,-18.240
1968,0.200039,2.000,18.000,0.000,3.000,17.000,0.000,-15.960,20.520,-20.520,-13.680,18.240,-20.520
1969,0.205376,4.000,18.000,0.000,3.000,17.000,0.000,-11.400,20.520,-20.520,-13.680,18.240,-20.520
1970,0.203670,4.000,16.000,0.000,3.000,17.000,0.000,-11.400,15.960,-20.520,-13.680,18.240,-20.520
1971,0.201770,2.000,16.000,0.000,3.000,17.000,0.000,-15.960,15.960,-20.520,-13.680,18.240,-20.520
1974,0.198011,4.000,17.000,1.000,3.000,17.000,0.000,-11.400,18.240,-18.240,-13.680,18.240,-20.520
1977,0.210263,2.000,17.000,1.000,3.000,17.000,0.000,-15.960,18.240,-18.240,-13.680,18.240,-20.520
1982,0.207190,3.000,16.000,1.000,3.000,17.000,0.000,-13.680,15.960,-18.240,-13.680,18.240,-20.520
1983,0.201517,3.000,18.000,1.000,3.000,17.000,0.000,-13.680,20.520,-18.240,-13.680,18.240,-20.520
1986,0.211758,0.000,18.000,0.000,1.000,18.000,1.000,-20.520,20.520,-20.520,-18.240,20.520,-18.240
1989,0.208361,2.000,18.000,0.000,2.000,17.000,1.000,-15.960,20.520,-20.520,-15.960,18.240,-18.240
1990,0.203723,2.000,16.000,0.000,2.000,17.000,1.000,-15.960,15.960,-20.520,-15.960,18.240,-18.240
1993,0.199892,0.000,18.000,0.000,0.000,17.000,1.000,-20.520,20.520,-20.520,-20.520,18.240,-18.240
1995,0.197115,0.000,16.000,0.000,0.000,17.000,1.000,-20.520,15.960,-20.520,-20.520,18.240,-18.240
2000,0.201402,0.000,18.000,0.000,1.000,17.000,0.000,-20.520,20.520,-20.520,-18.240,18.240,-20.520
2001,0.201878,2.000,18.000,0.000,1.000,17.000,0.000,-15.960,20.520,-20.520,-18.240,18.240,-20.520
2002,0.201931,2.000,16.000,0.000,1.000,17.000,0.000,-15.960,15.960,-20.520,-18.240,18.240,-20.520
2003,0.196356,0.000,16.000,0.000,1.000,17.000,0.000,-20.520,15.960,-20.520,-18.240,18.240,-20.520
2006,0.203032,2.000,17.000,1.000,1.000,17.000,0.000,-15.960,18.240,-18.240,-18.240,18.240,-20.520
2009,0.203916,0.000,17.000,1.000,1.000,17.000,0.000,-20.520,18.240,-18.240,-18.240,18.240,-20.520
2014,0.209571,1.000,16.000,1.000,1.000,17.000,0.000,-18.240,15.960,-18.240,-18.240,18.240,-20.520
2015,0.210064,1.000,18.000,1.000,1.000,17.000,0.000,-18.240,20.520,-18.240,-18.240,18.240,-20.520
2061,0.193643,15.000,14.000,17.000,15.000,15.000,18.000,13.680,11.400,18.240,13.680,13.680,20.520
2074,0.203031,14.000,14.000,18.000,13.000,15.000,18.000,11.400,11.400,20.520,9.120,13.680,20.520
2251,1.186024,18.000,15.000,15.000,17.000,15.000,16.000,20.520,13.680,13.680,18.240,13.680,15.960
2289,1.178769,14.000,16.000,14.000,14.000,15.000,15.000,11.400,15.960,11.400,11.400,13.680,13.680
2302,0.199854,12.000,15.000,15.000,13.000,14.000,15.000,6.840,13.680,13.680,9.120,11.400,13.680
2303,1.178895,13.000,16.000,15.000,13.000,15.000,16.000,9.120,15.960,13.680,9.120,13.680,15.960
2359,1.184408,8.000,16.000,14.000,7.000,16.000,15.000,-2.280,15.960,11.400,-4.560,15.960,13.680
2412,0.199200,4.000,16.000,16.000,3.000,15.000,16.000,-11.400,15.960,15.960,-13.680,13.680,15.960
2640,0.203208,2.000,15.000,13.000,3.000,16.000,13.000,-15.960,13.680,9.120,-13.680,15.960,9.120
2888,0.201720,0.000,15.000,11.000,1.000,16.000,11.000,-20.520,13.680,4.560,-18.240,15.960,4.560
2931,0.208104,14.000,14.000,10.000,15.000,15.000,10.000,11.400,11.400,2.280,13.680,13.680,2.280
3199,0.202107,10.000,14.000,8.000,11.000,15.000,8.000,2.280,11.400,-2.280,4.560,13.680,-2.280
3254,0.200187,6.000,15.000,7.000,7.000,14.000,7.000,-6.840,13.680,-4.560,-4.560,11.400,-4.560
3256,1.187480,6.000,15.000,7.000,7.000,15.000,8.000,-6.840,13.680,-4.560,-4.560,13.680,-2.280
3544,0.199874,1.000,14.000,5.000,2.000,15.000,5.000,-18.240,11.400,-9.120,-15.960,13.680,-9.120
3778,0.208956,16.000,16.000,0.000,17.000,16.000,1.000,15.960,15.960,-20.520,18.240,15.960,-18.240
3779,0.201374,18.000,16.000,0.000,17.000,16.000,1.000,20.520,15.960,-20.520,18.240,15.960,-18.240
3781,0.206163,18.000,16.000,0.000,18.000,15.000,1.000,20.520,15.960,-20.520,20.520,13.680,-18.240
3782,0.205911,18.000,14.000,0.000,18.000,15.000,1.000,20.520,11.400,-20.520,20.520,13.680,-18.240
3788,0.203006,16.000,16.000,0.000,17.000,15.000,0.000,15.960,15.960,-20.520,18.240,13.680,-20.520
3789,0.197749,18.000,16.000,0.000,17.000,15.000,0.000,20.520,15.960,-20.520,18.240,13.680,-20.520
3790,0.203677,18.000,14.000,0.000,17.000,15.000,0.000,20.520,11.400,-20.520,18.240,13.680,-20.520
3791,0.205335,16.000,14.000,0.000,17.000,15.000,0.000,15.960,11.400,-20.520,18.240,13.680,-20.520
3794,0.196841,18.000,15.000,1.000,17.000,15.000,0.000,20.520,13.680,-18.240,18.240,13.680,-20.520
3797,0.200204,16.000,15.000,1.000,17.000,15.000,0.000,15.960,13.680,-18.240,18.240,13.680,-20.520
3802,0.206410,17.000,14.000,1.000,17.000,15.000,0.000,18.240,11.400,-18.240,18.240,13.680,-20.520
3803,0.198477,17.000,16.000,1.000,17.000,15.000,0.000,18.240,15.960,-18.240,18.240,13.680,-20.520
3806,0.205529,14.000,16.000,0.000,15.000,16.000,1.000,11.400,15.960,-20.520,13.680,15.960,-18.240
3807,0.204120,16.000,16.000,0.000,15.000,16.000,1.000,15.960,15.960,-20.520,13.680,15.960,-18.240
3809,0.199123,16.000,16.000,0.000,16.000,15.000,1.000,15.960,15.960,-20.520,15.960,13.680,-18.240
3810,0.209909,16.000,14.000,0.000,16.000,15.000,1.000,15.960,11.400,-20.520,15.960,13.680,-18.240
3815,0.207340,14.000,14.000,2.000,15.000,15.000,2.000,11.400,11.400,-15.960,13.680,13.680,-15.960
3816,0.207674,14.000,16.000,0.000,15.000,15.000,0.000,11.400,15.960,-20.520,13.680,13.680,-20.520
3817,0.200298,16.000,16.000,0.000,15.000,15.000,0.000,15.960,15.960,-20.520,13.680,13.680,-20.520
3818,0.203649,16.000,14.000,0.000,15.000,15.000,0.000,15.960,11.400,-20.520,13.680,13.680,-20.520
3819,0.205817,14.000,14.000,0.000,15.000,15.000,0.000,11.400,11.400,-20.520,13.680,13.680,-20.520
3822,0.201923,16.000,15.000,1.000,15.000,15.000,0.000,15.960,13.680,-18.240,13.680,13.680,-20.520
3825,0.197216,14.000,15.000,1.000,15.000,15.000,0.000,11.400,13.680,-18.240,13.680,13.680,-20.520
3830,0.205423,15.000,14.000,1.000,15.000,15.000,0.000,13.680,11.400,-18.240,13.680,13.680,-20.520
3831,0.210364,15.000,16.000,1.000,15.000,15.000,0.000,13.680,15.960,-18.240,13.680,13.680,-20.520
3834,0.207427,12.000,16.000,0.000,13.000,16.000,1.000,6.840,15.960,-20.520,9.120,15.960,-18.240
3835,0.199019,14.000,16.000,0.000,13.000,16.000,1.000,11.400,15.960,-20.520,9.120,15.960,-18.240
3837,0.201765,14.000,16.000,0.000,14.000,15.000,1.000,11.400,15.960,-20.520,11.400,13.680,-18.240
3838,0.205007,14.000,14.000,0.000,14.000,15.000,1.000,11.400,11.400,-20.520,11.400,13.680,-18.240
3844,0.204088,12.000,16.000,0.000,13.000,15.000,0.000,6.840,15.960,-20.520,9.120,13.680,-20.520
3845,0.207798,14.000,16.000,0.000,13.000,15.000,0.000,11.400,15.960,-20.520,9.120,13.680,-20.520
3846,0.200531,14.000,14.000,0.000,13.000,15.000,0.000,11.400,11.400,-20.520,9.120,13.680,-20.520
3847,0.208771,12.000,14.000,0.000,13.000,15.000,0.000,6.840,11.400,-20.520,9.120,13.680,-20.520
3850,0.204469,14.000,15.000,1.000,13.000,15.000,0.000,11.400,13.680,-18.240,9.120,13.680,-20.520
3853,0.197539,12.000,15.000,1.000,13.000,15.000,0.000,6.840,13.680,-18.240,9.120,13.680,-20.520
3858,0.207745,13.000,14.000,1.000,13.000,15.000,0.000,9.120,11.400,-18.240,9.120,13.680,-20.520
3859,0.200306,13.000,16.000,1.000,13.000,15.000,0.000,9.120,15.960,-18.240,9.120,13.680,-20.520
3862,0.201685,10.000,16.000,0.000,11.000,16.000,1.000,2.280,15.960,-20.520,4.560,15.960,-18.240
3863,0.196606,12.000,16.000,0.000,11.000,16.000,1.000,6.840,15.960,-20.520,4.560,15.960,-18.240
3865,0.207827,12.000,16.000,0.000,12.000,15.000,1.000,6.840,15.960,-20.520,6.840,13.680,-18.240
3866,0.198062,12.000,14.000,0.000,12.000,15.000,1.000,6.840,11.400,-20.520,6.840,13.680,-18.240
3872,0.201987,10.000,16.000,0.000,11.000,15.000,0.000,2.280,15.960,-20.520,4.560,13.680,-20.520
3873,0.198275,12.000,16.000,0.000,11.000,15.000,0.000,6.840,15.960,-20.520,4.560,13.680,-20.520
3874,0.201986,12.000,14.000,0.000,11.000,15.000,0.000,6.840,11.400,-20.520,4.560,13.680,-20.520
3875,0.198827,10.000,14.000,0.000,11.000,15.000,0.000,2.280,11.400,-20.520,4.560,13.680,-20.520
3878,0.206864,12.000,15.000,1.000,11.000,15.000,0.000,6.840,13.680,-18.240,4.560,13.680,-20.520
3881,0.196708,10.000,15.000,1.000,11.000,15.000,0.000,2.280,13.680,-18.240,4.560,13.680,-20.520
3886,0.208052,11.000,14.000,1.000,11.000,15.000,0.000,4.560,11.400,-18.240,4.560,13.680,-20.520
3887,0.211588,11.000,16.000,1.000,11.000,15.000,0.000,4.560,15.960,-18.240,4.560,13.680,-20.520
3890,0.201406,8.000,16.000,0.000,9.000,16.000,1.000,-2.280,15.960,-20.520,0.000,15.960,-18.240
3891,0.202359,10.000,16.000,0.000,9.000,16.000,1.000,2.280,15.960,-20.520,0.000,15.960,-18.240
3893,0.201342,10.000,16.000,0.000,10.000,15.000,1.000,2.280,15.960,-20.520,2.280,13.680,-18.240
3894,0.201685,10.000,14.000,0.000,10.000,15.000,1.000,2.280,11.400,-20.520,2.280,13.680,-18.240
3900,0.199506,8.000,16.000,0.000,9.000,15.000,0.000,-2.280,15.960,-20.520,0.000,13.680,-20.520
3901,0.201979,10.000,16.000,0.000,9.000,15.000,0.000,2.280,15.960,-20.520,0.000,13.680,-20.520
3902,0.201649,10.000,14.000,0.000,9.000,15.000,0.000,2.280,11.400,-20.520,0.000,13.680,-20.520
3903,0.202395,8.000,14.000,0.000,9.000,15.000,0.000,-2.280,11.400,-20.520,0.000,13.680,-20.520
3906,0.199846,10.000,15.000,1.000,9.000,15.000,0.000,2.280,13.680,-18.240,0.000,13.680,-20.520
3909,0.202727,8.000,15.000,1.000,9.000,15.000,0.000,-2.280,13.680,-18.240,0.000,13.680,-20.520
3914,0.199796,9.000,14.000,1.000,9.000,15.000,0.000,0.000,11.400,-18.240,0.000,13.680,-20.520
3915,0.209677,9.000,16.000,1.000,9.000,15.000,0.000,0.000,15.960,-18.240,0.000,13.680,-20.520
3918,0.198511,6.000,16.000,0.000,7.000,16.000,1.000,-6.840,15.960,-20.520,-4.560,15.960,-18.240
3919,0.202011,8.000,16.000,0.000,7.000,16.000,1.000,-2.280,15.960,-20.520,-4.560,15.960,-18.240
3921,0.206820,8.000,16.000,0.000,8.000,15.000,1.000,-2.280,15.960,-20.520,-2.280,13.680,-18.240
3922,0.205200,8.000,14.000,0.000,8.000,15.000,1.000,-2.280,11.400,-20.520,-2.280,13.680,-18.240
3928,0.207214,6.000,16.000,0.000,7.000,15.000,0.000,-6.840,15.960,-20.520,-4.560,13.680,-20.520
3929,0.202708,8.000,16.000,0.000,7.000,15.000,0.000,-2.280,15.960,-20.520,-4.560,13.680,-20.520
3930,0.205521,8.000,14.000,0.000,7.000,15.000,0.000,-2.280,11.400,-20.520,-4.560,13.680,-20.520
3931,0.203407,6.000,14.000,0.000,7.000,15.000,0.000,-6.840,11.400,-20.520,-4.560,13.680,-20.520
3934,0.202226,8.000,15.000,1.000,7.000,15.000,0.000,-2.280,13.680,-18.240,-4.560,13.680,-20.520
3937,0.203418,6.000,15.000,1.000,7.000,15.000,0.000,-6.840,13.680,-18.240,-4.560,13.680,-20.520
3942,0.207433,7.000,14.000,1.000,7.000,15.000,0.000,-4.560,11.400,-18.240,-4.560,13.680,-20.520
3943,0.202406,7.000,16.000,1.000,7.000,15.000,0.000,-4.560,15.960,-18.240,-4.560,13.680,-20.520
3946,0.207234,4.000,16.000,0.000,5.000,16.000,1.000,-11.400,15.960,-20.520,-9.120,15.960,-18.240
3947,0.198252,6.000,16.000,0.000,5.000,16.000,1.000,-6.840,15.960,-20.520,-9.120,15.960,-18.240
3949,0.209628,6.000,16.000,0.000,6.000,15.000,1.000,-6.840,15.960,-20.520,-6.840,13.680,-18.240
3950,0.208003,6.000,14.000,0.000,6.000,15.000,1.000,-6.840,11.400,-20.520,-6.840,13.680,-18.240
3954,0.209405,6.000,14.000,2.000,5.000,15.000,2.000,-6.840,11.400,-15.960,-9.120,13.680,-15.960
3956,0.202473,4.000,16.000,0.000,5.000,15.000,0.000,-11.400,15.960,-20.520,-9.120,13.680,-20.520
3957,0.203264,6.000,16.000,0.000,5.000,15.000,0.000,-6.840,15.960,-20.520,-9.120,13.680,-20.520
3958,0.202486,6.000,14.000,0.000,5.000,15.000,0.000,-6.840,11.400,-20.520,-9.120,13.680,-20.520
3959,0.203452,4.000,14.000,0.000,5.000,15.000,0.000,-11.400,11.400,-20.520,-9.120,13.680,-20.520
3962,0.206975,6.000,15.000,1.000,5.000,15.000,0.000,-6.840,13.680,-18.240,-9.120,13.680,-20.520
3965,0.199340,4.000,15.000,1.000,5.000,15.000,0.000,-11.400,13.680,-18.240,-9.120,13.680,-20.520
3970,0.204661,5.000,14.000,1.000,5.000,15.000,0.000,-9.120,11.400,-18.240,-9.120,13.680,-20.520
3971,0.200342,5.000,16.000,1.000,5.000,15.000,0.000,-9.120,15.960,-18.240,-9.120,13.680,-20.520
3974,0.207217,2.000,16.000,0.000,3.000,16.000,1.000,-15.960,15.960,-20.520,-13.680,15.960,-18.240
3975,0.201152,4.000,16.000,0.000,3.000,16.000,1.000,-11.400,15.960,-20.520,-13.680,15.960,-18.240
3977,0.207408,4.000,16.000,0.000,4.000,15.000,1.000,-11.400,15.960,-20.520,-11.400,13.680,-18.240
3978,0.210480,4.000,14.000,0.000,4.000,15.000,1.000,-11.400,11.400,-20.520,-11.400,13.680,-18.240
3984,0.201977,2.000,16.000,0.000,3.000,15.000,0.000,-15.960,15.960,-20.520,-13.680,13.680,-20.520
3985,0.200670,4.000,16.000,0.000,3.000,15.000,0.000,-11.400,15.960,-20.520,-13.680,13.680,-20.520
3986,0.199668,4.000,14.000,0.000,3.000,15.000,0.000,-11.400,11.400,-20.520,-13.680,13.680,-20.520
3987,0.204325,2.000,14.000,0.000,3.000,15.000,0.000,-15.960,11.400,-20.520,-13.680,13.680,-20.520
3990,0.197584,4.000,15.000,1.000,3.000,15.000,0.000,-11.400,13.680,-18.240,-13.680,13.680,-20.520
3993,0.199106,2.000,15.000,1.000,3.000,15.000,0.000,-15.960,13.680,-18.240,-13.680,13.680,-20.520
3998,0.206177,3.000,14.000,1.000,3.000,15.000,0.000,-13.680,11.400,-18.240,-13.680,13.680,-20.520
3999,0.207098,3.000,16.000,1.000,3.000,15.000,0.000,-13.680,15.960,-18.240,-13.680,13.680,-20.520
4002,0.201762,0.000,16.000,0.000,1.000,16.000,1.000,-20.520,15.960,-20.520,-18.240,15.960,-18.240
4003,0.203866,2.000,16.000,0.000,1.000,16.000,1.000,-15.960,15.960,-20.520,-18.240,15.960,-18.240
4005,0.205802,2.000,16.000,0.000,2.000,15.000,1.000,-15.960,15.960,-20.520,-15.960,13.680,-18.240
4006,0.207714,2.000,14.000,0.000,2.000,15.000,1.000,-15.960,11.400,-20.520,-15.960,13.680,-18.240
4009,0.209065,0.000,16.000,0.000,0.000,15.000,1.000,-20.520,15.960,-20.520,-20.520,13.680,-18.240
4011,0.210634,0.000,14.000,0.000,0.000,15.000,1.000,-20.520,11.400,-20.520,-20.520,13.680,-18.240
4016,0.202986,0.000,16.000,0.000,1.000,15.000,0.000,-20.520,15.960,-20.520,-18.240,13.680,-20.520
4017,0.202717,2.000,16.000,0.000,1.000,15.000,0.000,-15.960,15.960,-20.520,-18.240,13.680,-20.520
4018,0.207853,2.000,14.000,0.000,1.000,15.000,0.000,-15.960,11.400,-20.520,-18.240,13.680,-20.520
4019,0.202356,0.000,14.000,0.000,1.000,15.000,0.000,-20.520,11.400,-20.520,-18.240,13.680,-20.520
4022,0.199402,2.000,15.000,1.000,1.000,15.000,0.000,-15.960,13.680,-18.240,-18.240,13.680,-20.520
4025,0.199781,0.000,15.000,1.000,1.000,15.000,0.000,-20.520,13.680,-18.240,-18.240,13.680,-20.520
4030,0.197937,1.000,14.000,1.000,1.000,15.000,0.000,-18.240,11.400,-18.240,-18.240,13.680,-20.520
4031,0.205680,1.000,16.000,1.000,1.000,15.000,0.000,-18.240,15.960,-18.240,-18.240,13.680,-20.520
4050,0.201731,16.000,13.000,17.000,17.000,12.000,17.000,15.960,9.120,18.240,18.240,6.840,18.240
4057,0.202366,14.000,14.000,18.000,15.000,14.000,17.000,11.400,11.400,20.520,13.680,11.400,18.240
4090,0.204612,14.000,12.000,18.000,13.000,13.000,18.000,11.400,6.840,20.520,9.120,9.120,20.520
4101,1.184470,13.000,12.000,17.000,13.000,13.000,18.000,9.120,6.840,18.240,9.120,9.120,20.520
4215,0.200453,4.000,13.000,17.000,3.000,13.000,18.000,-11.400,9.120,18.240,-13.680,9.120,20.520
4221,0.210223,3.000,12.000,17.000,3.000,13.000,18.000,-13.680,6.840,18.240,-13.680,9.120,20.520
4340,0.197439,10.000,13.000,15.000,11.000,14.000,15.000,2.280,9.120,13.680,4.560,11.400,13.680
4435,0.200927,4.000,13.000,15.000,3.000,13.000,16.000,-11.400,9.120,13.680,-13.680,9.120,15.960
4495,1.184048,17.000,14.000,13.000,17.000,13.000,12.000,18.240,11.400,9.120,18.240,9.120,6.840
4655,0.200600,4.000,13.000,13.000,3.000,13.000,14.000,-11.400,9.120,9.120,-13.680,9.120,11.400
4661,1.186224,3.000,12.000,13.000,3.000,13.000,14.000,-13.680,6.840,9.120,-13.680,9.120,11.400
4747,1.189382,14.000,12.000,12.000,14.000,13.000,11.000,11.400,6.840,6.840,11.400,9.120,4.560
4752,1.186348,13.000,12.000,11.000,14.000,13.000,11.000,9.120,6.840,4.560,11.400,9.120,4.560
4923,0.205378,16.000,12.000,10.000,17.000,13.000,10.000,15.960,6.840,2.280,18.240,9.120,2.280
4931,1.184559,17.000,14.000,9.000,17.000,13.000,10.000,18.240,11.400,0.000,18.240,9.120,2.280
4976,0.208029,12.000,13.000,9.000,13.000,14.000,9.000,6.840,9.120,0.000,9.120,11.400,0.000
5066,1.185072,6.000,12.000,10.000,5.000,13.000,10.000,-6.840,6.840,2.280,-9.120,9.120,2.280
5116,0.208056,2.000,14.000,10.000,1.000,13.000,10.000,-15.960,11.400,2.280,-18.240,9.120,2.280
5140,0.208951,18.000,14.000,8.000,17.000,13.000,8.000,20.520,11.400,-2.280,18.240,9.120,-2.280
5223,1.188070,11.000,14.000,7.000,11.000,13.000,8.000,4.560,11.400,-4.560,4.560,9.120,-2.280
5386,0.204701,16.000,12.000,6.000,15.000,13.000,6.000,15.960,6.840,-6.840,13.680,9.120,-6.840
5564,0.202712,0.000,13.000,5.000,1.000,14.000,5.000,-20.520,9.120,-9.120,-18.240,11.400,-9.120
5621,1.180879,12.000,14.000,4.000,13.000,14.000,3.000,6.840,11.400,-11.400,9.120,11.400,-13.680
5784,0.203789,0.000,13.000,3.000,1.000,14.000,3.000,-20.520,9.120,-13.680,-18.240,11.400,-13.680
5794,0.201065,16.000,14.000,0.000,17.000,14.000,1.000,15.960,11.400,-20.520,18.240,11.400,-18.240
5795,0.200994,18.000,14.000,0.000,17.000,14.000,1.000,20.520,11.400,-20.520,18.240,11.400,-18.240
5797,0.207646,18.000,14.000,0.000,18.000,13.000,1.000,20.520,11.400,-20.520,20.520,9.120,-18.240
5798,0.201150,18.000,12.000,0.000,18.000,13.000,1.000,20.520,6.840,-20.520,20.520,9.120,-18.240
5804,0.204480,16.000,14.000,0.000,17.000,13.000,0.000,15.960,11.400,-20.520,18.240,9.120,-20.520
5805,0.203419,18.000,14.000,0.000,17.000,13.000,0.000,20.520,11.400,-20.520,18.240,9.120,-20.520
5806,0.205700,18.000,12.000,0.000,17.000,13.000,0.000,20.520,6.840,-20.520,18.240,9.120,-20.520
5807,0.203934,16.000,12.000,0.000,17.000,13.000,0.000,15.960,6.840,-20.520,18.240,9.120,-20.520
5810,0.204779,18.000,13.000,1.000,17.000,13.000,0.000,20.520,9.120,-18.240,18.240,9.120,-20.520
5813,0.201084,16.000,13.000,1.000,17.000,13.000,0.000,15.960,9.120,-18.240,18.240,9.120,-20.520
5818,0.206729,17.000,12.000,1.000,17.000,13.000,0.000,18.240,6.840,-18.240,18.240,9.120,-20.520
5819,0.205225,17.000,14.000,1.000,17.000,13.000,0.000,18.240,11.400,-18.240,18.240,9.120,-20.520
5822,0.200903,14.000,14.000,0.000,15.000,14.000,1.000,11.400,11.400,-20.520,13.680,11.400,-18.240
5823,1.187759,16.000,14.000,0.000,15.000,14.000,1.000,15.960,11.400,-20.520,13.680,11.400,-18.240
5825,0.210386,16.000,14.000,0.000,16.000,13.000,1.000,15.960,11.400,-20.520,15.960,9.120,-18.240
5826,0.207575,16.000,12.000,0.000,16.000,13.000,1.000,15.960,6.840,-20.520,15.960,9.120,-18.240
5832,0.201250,14.000,14.000,0.000,15.000,13.000,0.000,11.400,11.400,-20.520,13.680,9.120,-20.520
5833,0.202519,16.000,14.000,0.000,15.000,13.000,0.000,15.960,11.400,-20.520,13.680,9.120,-20.520
5834,0.200820,16.000,12.000,0.000,15.000,13.000,0.000,15.960,6.840,-20.520,13.680,9.120,-20.520
5835,0.203668,14.000,12.000,0.000,15.000,13.000,0.000,11.400,6.840,-20.520,13.680,9.120,-20.520
5838,0.207717,16.000,13.000,1.000,15.000,13.000,0.000,15.960,9.120,-18.240,13.680,9.120,-20.520
5841,0.203720,14.000,13.000,1.000,15.000,13.000,0.000,11.400,9.120,-18.240,13.680,9.120,-20.520
5846,0.209108,15.000,12.000,1.000,15.000,13.000,0.000,13.680,6.840,-18.240,13.680,9.120,-20.520
5847,0.199334,15.000,14.000,1.000,15.000,13.000,0.000,13.680,11.400,-18.240,13.680,9.120,-20.520
5850,0.202417,12.000,14.000,0.000,13.000,14.000,1.000,6.840,11.400,-20.520,9.120,11.400,-18.240
5851,0.197926,14.000,14.000,0.000,13.000,14.000,1.000,11.400,11.400,-20.520,9.120,11.400,-18.240
5853,0.207448,14.000,14.000,0.000,14.000,13.000,1.000,11.400,11.400,-20.520,11.400,9.120,-18.240
5854,0.208097,14.000,12.000,0.000,14.000,13.000,1.000,11.400,6.840,-20.520,11.400,9.120,-18.240
5860,0.203411,12.000,14.000,0.000,13.000,13.000,0.000,6.840,11.400,-20.520,9.120,9.120,-20.520
5861,0.202025,14.000,14.000,0.000,13.000,13.000,0.000,11.400,11.400,-20.520,9.120,9.120,-20.520
5862,0.202499,14.000,12.000,0.000,13.000,13.000,0.000,11.400,6.840,-20.520,9.120,9.120,-20.520
5863,0.199276,12.000,12.000,0.000,13.000,13.000,0.000,6.840,6.840,-20.520,9.120,9.120,-20.520
5866,0.200230,14.000,13.000,1.000,13.000,13.000,0.000,11.400,9.120,-18.240,9.120,9.120,-20.520
5869,0.199532,12.000,13.000,1.000,13.000,13.000,0.000,6.840,9.120,-18.240,9.120,9.120,-20.520
5874,0.206801,13.000,12.000,1.000,13.000,13.000,0.000,9.120,6.840,-18.240,9.120,9.120,-20.520
5875,0.205329,13.000,14.000,1.000,13.000,13.000,0.000,9.120,11.400,-18.240,9.120,9.120,-20.520
5878,0.204039,10.000,14.000,0.000,11.000,14.000,1.000,2.280,11.400,-20.520,4.560,11.400,-18.240
5879,0.197894,12.000,14.000,0.000,11.000,14.000,1.000,6.840,11.400,-20.520,4.560,11.400,-18.240
5881,0.206695,12.000,14.000,0.000,12.000,13.000,1.000,6.840,11.400,-20.520,6.840,9.120,-18.240
5882,0.202396,12.000,12.000,0.000,12.000,13.000,1.000,6.840,6.840,-20.520,6.840,9.120,-18.240
5888,0.202068,10.000,14.000,0.000,11.000,13.000,0.000,2.280,11.400,-20.520,4.560,9.120,-20.520
5889,0.201372,12.000,14.000,0.000,11.000,13.000,0.000,6.840,11.400,-20.520,4.560,9.120,-20.520
5890,0.202780,12.000,12.000,0.000,11.000,13.000,0.000,6.840,6.840,-20.520,4.560,9.120,-20.520
5891,0.202656,10.000,12.000,0.000,11.000,13.000,0.000,2.280,6.840,-20.520,4.560,9.120,-20.520
5894,0.203152,12.000,13.000,1.000,11.000,13.000,0.000,6.840,9.120,-18.240,4.560,9.120,-20.520
5897,0.208424,10.000,13.000,1.000,11.000,13.000,0.000,2.280,9.120,-18.240,4.560,9.120,-20.520
5902,0.208687,11.000,12.000,1.000,11.000,13.000,0.000,4.560,6.840,-18.240,4.560,9.120,-20.520
5903,0.209584,11.000,14.000,1.000,11.000,13.000,0.000,4.560,11.400,-18.240,4.560,9.120,-20.520
5906,0.208885,8.000,14.000,0.000,9.000,14.000,1.000,-2.280,11.400,-20.520,0.000,11.400,-18.240
5907,0.206876,10.000,14.000,0.000,9.000,14.000,1.000,2.280,11.400,-20.520,0.000,11.400,-18.240
5909,0.207187,10.000,14.000,0.000,10.000,13.000,1.000,2.280,11.400,-20.520,2.280,9.120,-18.240
5910,0.209909,10.000,12.000,0.000,10.000,13.000,1.000,2.280,6.840,-20.520,2.280,9.120,-18.240
5916,0.205910,8.000,14.000,0.000,9.000,13.000,0.000,-2.280,11.400,-20.520,0.000,9.120,-20.520
5917,0.200052,10.000,14.000,0.000,9.000,13.000,0.000,2.280,11.400,-20.520,0.000,9.120,-20.520
5918,0.204676,10.000,12.000,0.000,9.000,13.000,0.000,2.280,6.840,-20.520,0.000,9.120,-20.520
5919,0.201499,8.000,12.000,0.000,9.000,13.000,0.000,-2.280,6.840,-20.520,0.000,9.120,-20.520
5922,0.203123,10.000,13.000,1.000,9.000,13.000,0.000,2.280,9.120,-18.240,0.000,9.120,-20.520
5925,0.206374,8.000,13.000,1.000,9.000,13.000,0.000,-2.280,9.120,-18.240,0.000,9.120,-20.520
5930,0.207138,9.000,12.000,1.000,9.000,13.000,0.000,0.000,6.840,-18.240,0.000,9.120,-20.520
5931,0.208626,9.000,14.000,1.000,9.000,13.000,0.000,0.000,11.400,-18.240,0.000,9.120,-20.520
5934,0.205304,6.000,14.000,0.000,7.000,14.000,1.000,-6.840,11.400,-20.520,-4.560,11.400,-18.240
5935,0.205357,8.000,14.000,0.000,7.000,14.000,1.000,-2.280,11.400,-20.520,-4.560,11.400,-18.240
5937,0.204202,8.000,14.000,0.000,8.000,13.000,1.000,-2.280,11.400,-20.520,-2.280,9.120,-18.240
5938,0.202001,8.000,12.000,0.000,8.000,13.000,1.000,-2.280,6.840,-20.520,-2.280,9.120,-18.240
5944,0.203051,6.000,14.000,0.000,7.000,13.000,0.000,-6.840,11.400,-20.520,-4.560,9.120,-20.520
5945,0.202966,8.000,14.000,0.000,7.000,13.000,0.000,-2.280,11.400,-20.520,-4.560,9.120,-20.520
5946,0.203034,8.000,12.000,0.000,7.000,13.000,0.000,-2.280,6.840,-20.520,-4.560,9.120,-20.520
5947,0.203641,6.000,12.000,0.000,7.000,13.000,0.000,-6.840,6.840,-20.520,-4.560,9.120,-20.520
5950,0.205724,8.000,13.000,1.000,7.000,13.000,0.000,-2.280,9.120,-18.240,-4.560,9.120,-20.520
5953,0.209551,6.000,13.000,1.000,7.000,13.000,0.000,-6.840,9.120,-18.240,-4.560,9.120,-20.520
5958,0.206084,7.000,12.000,1.000,7.000,13.000,0.000,-4.560,6.840,-18.240,-4.560,9.120,-20.520
5959,0.208535,7.000,14.000,1.000,7.000,13.000,0.000,-4.560,11.400,-18.240,-4.560,9.120,-20.520
5962,0.206754,4.000,14.000,0.000,5.000,14.000,1.000,-11.400,11.400,-20.520,-9.120,11.400,-18.240
5963,0.198613,6.000,14.000,0.000,5.000,14.000,1.000,-6.840,11.400,-20.520,-9.120,11.400,-18.240
5965,0.205292,6.000,14.000,0.000,6.000,13.000,1.000,-6.840,11.400,-20.520,-6.840,9.120,-18.240
5966,0.207876,6.000,12.000,0.000,6.000,13.000,1.000,-6.840,6.840,-20.520,-6.840,9.120,-18.240
5972,0.201071,4.000,14.000,0.000,5.000,13.000,0.000,-11.400,11.400,-20.520,-9.120,9.120,-20.520
5973,0.202410,6.000,14.000,0.000,5.000,13.000,0.000,-6.840,11.400,-20.520,-9.120,9.120,-20.520
5974,0.196344,6.000,12.000,0.000,5.000,13.000,0.000,-6.840,6.840,-20.520,-9.120,9.120,-20.520
5975,0.202409,4.000,12.000,0.000,5.000,13.000,0.000,-11.400,6.840,-20.520,-9.120,9.120,-20.520
5978,0.204036,6.000,13.000,1.000,5.000,13.000,0.000,-6.840,9.120,-18.240,-9.120,9.120,-20.520
5981,0.201444,4.000,13.000,1.000,5.000,13.000,0.000,-11.400,9.120,-18.240,-9.120,9.120,-20.520
5986,0.204396,5.000,12.000,1.000,5.000,13.000,0.000,-9.120,6.840,-18.240,-9.120,9.120,-20.520
5987,0.208010,5.000,14.000,1.000,5.000,13.000,0.000,-9.120,11.400,-18.240,-9.120,9.120,-20.520
5990,0.195701,2.000,14.000,0.000,3.000,14.000,1.000,-15.960,11.400,-20.520,-13.680,11.400,-18.240
5991,0.200414,4.000,14.000,0.000,3.000,14.000,1.000,-11.400,11.400,-20.520,-13.680,11.400,-18.240
5993,0.212009,4.000,14.000,0.000,4.000,13.000,1.000,-11.400,11.400,-20.520,-11.400,9.120,-18.240
5994,0.204655,4.000,12.000,0.000,4.000,13.000,1.000,-11.400,6.840,-20.520,-11.400,9.120,-18.240
6000,0.202335,2.000,14.000,0.000,3.000,13.000,0.000,-15.960,11.400,-20.520,-13.680,9.120,-20.520
6001,0.203250,4.000,14.000,0.000,3.000,13.000,0.000,-11.400,11.400,-20.520,-13.680,9.120,-20.520
6002,0.202020,4.000,12.000,0.000,3.000,13.000,0.000,-11.400,6.840,-20.520,-13.680,9.120,-20.520
6003,0.202790,2.000,12.000,0.000,3.000,13.000,0.000,-15.960,6.840,-20.520,-13.680,9.120,-20.520
6006,0.196099,4.000,13.000,1.000,3.000,13.000,0.000,-11.400,9.120,-18.240,-13.680,9.120,-20.520
6009,0.197648,2.000,13.000,1.000,3.000,13.000,0.000,-15.960,9.120,-18.240,-13.680,9.120,-20.520
6014,0.208257,3.000,12.000,1.000,3.000,13.000,0.000,-13.680,6.840,-18.240,-13.680,9.120,-20.520
6015,0.209713,3.000,14.000,1.000,3.000,13.000,0.000,-13.680,11.400,-18.240,-13.680,9.120,-20.520
6018,0.205426,0.000,14.000,0.000,1.000,14.000,1.000,-20.520,11.400,-20.520,-18.240,11.400,-18.240
6019,0.200369,2.000,14.000,0.000,1.000,14.000,1.000,-15.960,11.400,-20.520,-18.240,11.400,-18.240
6021,0.211075,2.000,14.000,0.000,2.000,13.000,1.000,-15.960,11.400,-20.520,-15.960,9.120,-18.240
6022,0.210558,2.000,12.000,0.000,2.000,13.000,1.000,-15.960,6.840,-20.520,-15.960,9.120,-18.240
6025,0.206187,0.000,14.000,0.000,0.000,13.000,1.000,-20.520,11.400,-20.520,-20.520,9.120,-18.240
6027,0.203383,0.000,12.000,0.000,0.000,13.000,1.000,-20.520,6.840,-20.520,-20.520,9.120,-18.240
6032,0.204311,0.000,14.000,0.000,1.000,13.000,0.000,-20.520,11.400,-20.520,-18.240,9.120,-20.520
6033,0.204243,2.000,14.000,0.000,1.000,13.000,0.000,-15.960,11.400,-20.520,-18.240,9.120,-20.520
6034,0.205060,2.000,12.000,0.000,1.000,13.000,0.000,-15.960,6.840,-20.520,-18.240,9.120,-20.520
6035,0.201558,0.000,12.000,0.000,1.000,13.000,0.000,-20.520,6.840,-20.520,-18.240,9.120,-20.520
6038,0.205272,2.000,13.000,1.000,1.000,13.000,0.000,-15.960,9.120,-18.240,-18.240,9.120,-20.520
6041,0.201313,0.000,13.000,1.000,1.000,13.000,0.000,-20.520,9.120,-18.240,-18.240,9.120,-20.520
6046,0.206815,1.000,12.000,1.000,1.000,13.000,0.000,-18.240,6.840,-18.240,-18.240,9.120,-20.520
6047,0.204761,1.000,14.000,1.000,1.000,13.000,0.000,-18.240,11.400,-18.240,-18.240,9.120,-20.520
6127,0.206722,12.000,10.000,18.000,12.000,11.000,17.000,6.840,2.280,20.520,6.840,4.560,18.240
6141,0.211425,11.000,10.000,17.000,11.000,11.000,18.000,4.560,2.280,18.240,4.560,4.560,20.520
6151,0.210028,10.000,10.000,18.000,10.000,11.000,17.000,2.280,2.280,20.520,2.280,4.560,18.240
6166,0.208129,9.000,10.000,17.000,9.000,11.000,16.000,0.000,2.280,18.240,0.000,4.560,15.960
6176,0.206067,8.000,12.000,18.000,7.000,11.000,18.000,-2.280,6.840,20.520,-4.560,4.560,20.520
6203,0.201550,4.000,10.000,18.000,5.000,11.000,18.000,-11.400,2.280,20.520,-9.120,4.560,20.520
6225,0.198238,2.000,12.000,18.000,3.000,11.000,18.000,-15.960,6.840,20.520,-13.680,4.560,20.520
6234,1.182966,2.000,11.000,17.000,3.000,10.000,17.000,-15.960,4.560,18.240,-13.680,2.280,18.240
6245,0.206785,2.000,12.000,16.000,2.000,11.000,17.000,-15.960,6.840,15.960,-15.960,4.560,18.240
6247,0.207323,2.000,10.000,18.000,2.000,11.000,17.000,-15.960,2.280,20.520,-15.960,4.560,18.240
6249,0.202521,0.000,12.000,16.000,0.000,11.000,17.000,-20.520,6.840,15.960,-20.520,4.560,18.240
6254,0.202354,2.000,10.000,18.000,1.000,11.000,18.000,-15.960,2.280,20.520,-18.240,4.560,20.520
6259,0.200062,2.000,11.000,17.000,1.000,11.000,18.000,-15.960,4.560,18.240,-18.240,4.560,20.520
6265,0.210564,1.000,10.000,17.000,1.000,11.000,18.000,-18.240,2.280,18.240,-18.240,4.560,20.520
6356,0.201631,10.000,11.000,15.000,11.000,12.000,15.000,2.280,4.560,13.680,4.560,6.840,13.680
6470,0.199985,0.000,10.000,16.000,0.000,11.000,15.000,-20.520,2.280,15.960,-20.520,4.560,13.680
6479,0.200051,2.000,11.000,15.000,1.000,11.000,16.000,-15.960,4.560,13.680,-18.240,4.560,15.960
6482,0.200289,0.000,11.000,15.000,1.000,10.000,15.000,-20.520,4.560,13.680,-18.240,2.280,13.680
6641,0.198226,4.000,12.000,14.000,5.000,11.000,14.000,-11.400,6.840,11.400,-9.120,4.560,11.400
6670,1.184642,4.000,11.000,13.000,3.000,11.000,12.000,-11.400,4.560,9.120,-13.680,4.560,6.840
6692,0.205195,2.000,12.000,14.000,1.000,11.000,14.000,-15.960,6.840,11.400,-18.240,4.560,11.400
6916,0.206206,1.000,10.000,11.000,2.000,11.000,11.000,-18.240,2.280,4.560,-15.960,4.560,4.560
7225,1.187687,12.000,12.000,6.000,12.000,11.000,7.000,6.840,6.840,-6.840,6.840,4.560,-4.560
7280,0.198659,7.000,10.000,7.000,8.000,11.000,7.000,-4.560,2.280,-4.560,-2.280,4.560,-4.560
7304,0.204033,5.000,10.000,7.000,6.000,11.000,7.000,-9.120,2.280,-4.560,-6.840,4.560,-4.560
7404,0.209230,15.000,10.000,5.000,16.000,11.000,5.000,13.680,2.280,-9.120,15.960,4.560,-9.120
7420,1.187986,14.000,12.000,6.000,14.000,11.000,5.000,11.400,6.840,-6.840,11.400,4.560,-9.120
7480,0.201000,8.000,11.000,5.000,9.000,12.000,5.000,-2.280,4.560,-9.120,0.000,6.840,-9.120
7580,0.204269,0.000,11.000,5.000,1.000,12.000,5.000,-20.520,4.560,-9.120,-18.240,6.840,-9.120
7706,1.183592,9.000,10.000,3.000,9.000,11.000,2.000,0.000,2.280,-13.680,0.000,4.560,-15.960
7810,0.209718,16.000,12.000,0.000,17.000,12.000,1.000,15.960,6.840,-20.520,18.240,6.840,-18.240
7811,0.202330,18.000,12.000,0.000,17.000,12.000,1.000,20.520,6.840,-20.520,18.240,6.840,-18.240
7813,0.208269,18.000,12.000,0.000,18.000,11.000,1.000,20.520,6.840,-20.520,20.520,4.560,-18.240
7814,0.209772,18.000,10.000,0.000,18.000,11.000,1.000,20.520,2.280,-20.520,20.520,4.560,-18.240
7820,0.203876,16.000,12.000,0.000,17.000,11.000,0.000,15.960,6.840,-20.520,18.240,4.560,-20.520
7821,0.203857,18.000,12.000,0.000,17.000,11.000,0.000,20.520,6.840,-20.520,18.240,4.560,-20.520
7822,0.200210,18.000,10.000,0.000,17.000,11.000,0.000,20.520,2.280,-20.520,18.240,4.560,-20.520
7823,0.201965,16.000,10.000,0.000,17.000,11.000,0.000,15.960,2.280,-20.520,18.240,4.560,-20.520
7826,0.205271,18.000,11.000,1.000,17.000,11.000,0.000,20.520,4.560,-18.240,18.240,4.560,-20.520
7829,0.200626,16.000,11.000,1.000,17.000,11.000,0.000,15.960,4.560,-18.240,18.240,4.560,-20.520
7834,0.209516,17.000,10.000,1.000,17.000,11.000,0.000,18.240,2.280,-18.240,18.240,4.560,-20.520
7835,0.207518,17.000,12.000,1.000,17.000,11.000,0.000,18.240,6.840,-18.240,18.240,4.560,-20.520
7838,0.201754,14.000,12.000,0.000,15.000,12.000,1.000,11.400,6.840,-20.520,13.680,6.840,-18.240
7839,0.204122,16.000,12.000,0.000,15.000,12.000,1.000,15.960,6.840,-20.520,13.680,6.840,-18.240
7841,0.206833,16.000,12.000,0.000,16.000,11.000,1.000,15.960,6.840,-20.520,15.960,4.560,-18.240
7842,0.208287,16.000,10.000,0.000,16.000,11.000,1.000,15.960,2.280,-20.520,15.960,4.560,-18.240
7848,0.202667,14.000,12.000,0.000,15.000,11.000,0.000,11.400,6.840,-20.520,13.680,4.560,-20.520
7849,0.204657,16.000,12.000,0.000,15.000,11.000,0.000,15.960,6.840,-20.520,13.680,4.560,-20.520
7850,0.201872,16.000,10.000,0.000,15.000,11.000,0.000,15.960,2.280,-20.520,13.680,4.560,-20.520
7851,0.203817,14.000,10.000,0.000,15.000,11.000,0.000,11.400,2.280,-20.520,13.680,4.560,-20.520
7854,0.204336,16.000,11.000,1.000,15.000,11.000,0.000,15.960,4.560,-18.240,13.680,4.560,-20.520
7857,0.207339,14.000,11.000,1.000,15.000,11.000,0.000,11.400,4.560,-18.240,13.680,4.560,-20.520
7862,0.204316,15.000,10.000,1.000,15.000,11.000,0.000,13.680,2.280,-18.240,13.680,4.560,-20.520
7863,0.205242,15.000,12.000,1.000,15.000,11.000,0.000,13.680,6.840,-18.240,13.680,4.560,-20.520
7866,0.199012,12.000,12.000,0.000,13.000,12.000,1.000,6.840,6.840,-20.520,9.120,6.840,-18.240
7867,0.203264,14.000,12.000,0.000,13.000,12.000,1.000,11.400,6.840,-20.520,9.120,6.840,-18.240
7869,0.206808,14.000,12.000,0.000,14.000,11.000,1.000,11.400,6.840,-20.520,11.400,4.560,-18.240
7870,0.207806,14.000,10.000,0.000,14.000,11.000,1.000,11.400,2.280,-20.520,11.400,4.560,-18.240
7876,0.203701,12.000,12.000,0.000,13.000,11.000,0.000,6.840,6.840,-20.520,9.120,4.560,-20.520
7877,0.195189,14.000,12.000,0.000,13.000,11.000,0.000,11.400,6.840,-20.520,9.120,4.560,-20.520
7878,0.199791,14.000,10.000,0.000,13.000,11.000,0.000,11.400,2.280,-20.520,9.120,4.560,-20.520
7879,0.209700,12.000,10.000,0.000,13.000,11.000,0.000,6.840,2.280,-20.520,9.120,4.560,-20.520
7882,0.201611,14.000,11.000,1.000,13.000,11.000,0.000,11.400,4.560,-18.240,9.120,4.560,-20.520
7885,0.201842,12.000,11.000,1.000,13.000,11.000,0.000,6.840,4.560,-18.240,9.120,4.560,-20.520
7890,0.207558,13.000,10.000,1.000,13.000,11.000,0.000,9.120,2.280,-18.240,9.120,4.560,-20.520
7891,0.208679,13.000,12.000,1.000,13.000,11.000,0.000,9.120,6.840,-18.240,9.120,4.560,-20.520
7894,0.199427,10.000,12.000,0.000,11.000,12.000,1.000,2.280,6.840,-20.520,4.560,6.840,-18.240
7895,0.210181,12.000,12.000,0.000,11.000,12.000,1.000,6.840,6.840,-20.520,4.560,6.840,-18.240
7897,0.208214,12.000,12.000,0.000,12.000,11.000,1.000,6.840,6.840,-20.520,6.840,4.560,-18.240
7898,0.206618,12.000,10.000,0.000,12.000,11.000,1.000,6.840,2.280,-20.520,6.840,4.560,-18.240
7904,0.204919,10.000,12.000,0.000,11.000,11.000,0.000,2.280,6.840,-20.520,4.560,4.560,-20.520
7905,0.198485,12.000,12.000,0.000,11.000,11.000,0.000,6.840,6.840,-20.520,4.560,4.560,-20.520
7906,0.203874,12.000,10.000,0.000,11.000,11.000,0.000,6.840,2.280,-20.520,4.560,4.560,-20.520
7907,0.197071,10.000,10.000,0.000,11.000,11.000,0.000,2.280,2.280,-20.520,4.560,4.560,-20.520
7910,0.201789,12.000,11.000,1.000,11.000,11.000,0.000,6.840,4.560,-18.240,4.560,4.560,-20.520
7913,0.200334,10.000,11.000,1.000,11.000,11.000,0.000,2.280,4.560,-18.240,4.560,4.560,-20.520
7918,0.205116,11.000,10.000,1.000,11.000,11.000,0.000,4.560,2.280,-18.240,4.560,4.560,-20.520
7919,0.206531,11.000,12.000,1.000,11.000,11.000,0.000,4.560,6.840,-18.240,4.560,4.560,-20.520
7922,0.203329,8.000,12.000,0.000,9.000,12.000,1.000,-2.280,6.840,-20.520,0.000,6.840,-18.240
7923,0.210158,10.000,12.000,0.000,9.000,12.000,1.000,2.280,6.840,-20.520,0.000,6.840,-18.240
7925,0.207006,10.000,12.000,0.000,10.000,11.000,1.000,2.280,6.840,-20.520,2.280,4.560,-18.240
7926,0.197371,10.000,10.000,0.000,10.000,11.000,1.000,2.280,2.280,-20.520,2.280,4.560,-18.240
7932,0.200969,8.000,12.000,0.000,9.000,11.000,0.000,-2.280,6.840,-20.520,0.000,4.560,-20.520
7933,0.199606,10.000,12.000,0.000,9.000,11.000,0.000,2.280,6.840,-20.520,0.000,4.560,-20.520
7934,0.200134,10.000,10.000,0.000,9.000,11.000,0.000,2.280,2.280,-20.520,0.000,4.560,-20.520
7935,0.210229,8.000,10.000,0.000,9.000,11.000,0.000,-2.280,2.280,-20.520,0.000,4.560,-20.520
7938,0.206143,10.000,11.000,1.000,9.000,11.000,0.000,2.280,4.560,-18.240,0.000,4.560,-20.520
7941,0.199090,8.000,11.000,1.000,9.000,11.000,0.000,-2.280,4.560,-18.240,0.000,4.560,-20.520
7946,0.209696,9.000,10.000,1.000,9.000,11.000,0.000,0.000,2.280,-18.240,0.000,4.560,-20.520
7947,0.208488,9.000,12.000,1.000,9.000,11.000,0.000,0.000,6.840,-18.240,0.000,4.560,-20.520
7950,0.210039,6.000,12.000,0.000,7.000,12.000,1.000,-6.840,6.840,-20.520,-4.560,6.840,-18.240
7951,0.208365,8.000,12.000,0.000,7.000,12.000,1.000,-2.280,6.840,-20.520,-4.560,6.840,-18.240
7953,0.207737,8.000,12.000,0.000,8.000,11.000,1.000,-2.280,6.840,-20.520,-2.280,4.560,-18.240
7954,0.206545,8.000,10.000,0.000,8.000,11.000,1.000,-2.280,2.280,-20.520,-2.280,4.560,-18.240
7960,0.200945,6.000,12.000,0.000,7.000,11.000,0.000,-6.840,6.840,-20.520,-4.560,4.560,-20.520
7961,0.202891,8.000,12.000,0.000,7.000,11.000,0.000,-2.280,6.840,-20.520,-4.560,4.560,-20.520
7962,0.198146,8.000,10.000,0.000,7.000,11.000,0.000,-2.280,2.280,-20.520,-4.560,4.560,-20.520
7963,0.202675,6.000,10.000,0.000,7.000,11.000,0.000,-6.840,2.280,-20.520,-4.560,4.560,-20.520
7966,0.203678,8.000,11.000,1.000,7.000,11.000,0.000,-2.280,4.560,-18.240,-4.560,4.560,-20.520
7969,0.205467,6.000,11.000,1.000,7.000,11.000,0.000,-6.840,4.560,-18.240,-4.560,4.560,-20.520
7974,0.200956,7.000,10.000,1.000,7.000,11.000,0.000,-4.560,2.280,-18.240,-4.560,4.560,-20.520
7975,0.208648,7.000,12.000,1.000,7.000,11.000,0.000,-4.560,6.840,-18.240,-4.560,4.560,-20.520
7978,0.202778,4.000,12.000,0.000,5.000,12.000,1.000,-11.400,6.840,-20.520,-9.120,6.840,-18.240
7979,0.203240,6.000,12.000,0.000,5.000,12.000,1.000,-6.840,6.840,-20.520,-9.120,6.840,-18.240
7981,0.201168,6.000,12.000,0.000,6.000,11.000,1.000,-6.840,6.840,-20.520,-6.840,4.560,-18.240
7982,0.207157,6.000,10.000,0.000,6.000,11.000,1.000,-6.840,2.280,-20.520,-6.840,4.560,-18.240
7988,0.202209,4.000,12.000,0.000,5.000,11.000,0.000,-11.400,6.840,-20.520,-9.120,4.560,-20.520
7989,0.203858,6.000,12.000,0.000,5.000,11.000,0.000,-6.840,6.840,-20.520,-9.120,4.560,-20.520
7990,0.203424,6.000,10.000,0.000,5.000,11.000,0.000,-6.840,2.280,-20.520,-9.120,4.560,-20.520
7991,0.202796,4.000,10.000,0.000,5.000,11.000,0.000,-11.400,2.280,-20.520,-9.120,4.560,-20.520
7994,0.202120,6.000,11.000,1.000,5.000,11.000,0.000,-6.840,4.560,-18.240,-9.120,4.560,-20.520
7997,0.207612,4.000,11.000,1.000,5.000,11.000,0.000,-11.400,4.560,-18.240,-9.120,4.560,-20.520
8002,0.208198,5.000,10.000,1.000,5.000,11.000,0.000,-9.120,2.280,-18.240,-9.120,4.560,-20.520
8003,0.207844,5.000,12.000,1.000,5.000,11.000,0.000,-9.120,6.840,-18.240,-9.120,4.560,-20.520
8006,0.202103,2.000,12.000,0.000,3.000,12.000,1.000,-15.960,6.840,-20.520,-13.680,6.840,-18.240
8007,0.202120,4.000,12.000,0.000,3.000,12.000,1.000,-11.400,6.840,-20.520,-13.680,6.840,-18.240
8009,0.205593,4.000,12.000,0.000,4.000,11.000,1.000,-11.400,6.840,-20.520,-11.400,4.560,-18.240
8010,0.211024,4.000,10.000,0.000,4.000,11.000,1.000,-11.400,2.280,-20.520,-11.400,4.560,-18.240
8016,0.206931,2.000,12.000,0.000,3.000,11.000,0.000,-15.960,6.840,-20.520,-13.680,4.560,-20.520
8017,0.203406,4.000,12.000,0.000,3.000,11.000,0.000,-11.400,6.840,-20.520,-13.680,4.560,-20.520
8018,0.202904,4.000,10.000,0.000,3.000,11.000,0.000,-11.400,2.280,-20.520,-13.680,4.560,-20.520
8019,0.203076,2.000,10.000,0.000,3.000,11.000,0.000,-15.960,2.280,-20.520,-13.680,4.560,-20.520
8022,0.208182,4.000,11.000,1.000,3.000,11.000,0.000,-11.400,4.560,-18.240,-13.680,4.560,-20.520
8025,0.202915,2.000,11.000,1.000,3.000,11.000,0.000,-15.960,4.560,-18.240,-13.680,4.560,-20.520
8030,0.207158,3.000,10.000,1.000,3.000,11.000,0.000,-13.680,2.280,-18.240,-13.680,4.560,-20.520
8031,0.201812,3.000,12.000,1.000,3.000,11.000,0.000,-13.680,6.840,-18.240,-13.680,4.560,-20.520
8034,0.199917,0.000,12.000,0.000,1.000,12.000,1.000,-20.520,6.840,-20.520,-18.240,6.840,-18.240
8035,0.194101,2.000,12.000,0.000,1.000,12.000,1.000,-15.960,6.840,-20.520,-18.240,6.840,-18.240
8037,0.208136,2.000,12.000,0.000,2.000,11.000,1.000,-15.960,6.840,-20.520,-15.960,4.560,-18.240
8038,0.206463,2.000,10.000,0.000,2.000,11.000,1.000,-15.960,2.280,-20.520,-15.960,4.560,-18.240
8041,0.201665,0.000,12.000,0.000,0.000,11.000,1.000,-20.520,6.840,-20.520,-20.520,4.560,-18.240
8043,0.207532,0.000,10.000,0.000,0.000,11.000,1.000,-20.520,2.280,-20.520,-20.520,4.560,-18.240
8048,0.200147,0.000,12.000,0.000,1.000,11.000,0.000,-20.520,6.840,-20.520,-18.240,4.560,-20.520
8049,0.202635,2.000,12.000,0.000,1.000,11.000,0.000,-15.960,6.840,-20.520,-18.240,4.560,-20.520
8050,0.200094,2.000,10.000,0.000,1.000,11.000,0.000,-15.960,2.280,-20.520,-18.240,4.560,-20.520
8051,0.202054,0.000,10.000,0.000,1.000,11.000,0.000,-20.520,2.280,-20.520,-18.240,4.560,-20.520
8054,0.201034,2.000,11.000,1.000,1.000,11.000,0.000,-15.960,4.560,-18.240,-18.240,4.560,-20.520
8057,0.197394,0.000,11.000,1.000,1.000,11.000,0.000,-20.520,4.560,-18.240,-18.240,4.560,-20.520
8062,0.201438,1.000,10.000,1.000,1.000,11.000,0.000,-18.240,2.280,-18.240,-18.240,4.560,-20.520
8063,0.207673,1.000,12.000,1.000,1.000,11.000,0.000,-18.240,6.840,-18.240,-18.240,4.560,-20.520
8071,0.209707,18.000,8.000,18.000,18.000,9.000,17.000,20.520,-2.280,20.520,20.520,0.000,18.240
8114,1.183570,12.000,10.000,16.000,13.000,10.000,17.000,6.840,2.280,15.960,9.120,2.280,18.240
8121,0.203324,12.000,10.000,18.000,13.000,9.000,18.000,6.840,2.280,20.520,9.120,0.000,20.520
8123,0.204777,12.000,8.000,18.000,13.000,9.000,18.000,6.840,-2.280,20.520,9.120,0.000,20.520
8136,0.200301,12.000,10.000,18.000,11.000,10.000,17.000,6.840,2.280,20.520,4.560,2.280,18.240
8137,0.200159,10.000,10.000,18.000,11.000,10.000,17.000,2.280,2.280,20.520,4.560,2.280,18.240
8140,0.203357,12.000,10.000,18.000,12.000,9.000,17.000,6.840,2.280,20.520,6.840,0.000,18.240
8146,0.198248,12.000,8.000,18.000,11.000,9.000,18.000,6.840,-2.280,20.520,4.560,0.000,20.520
8147,0.201494,10.000,8.000,18.000,11.000,9.000,18.000,2.280,-2.280,20.520,4.560,0.000,20.520
8151,0.205521,12.000,9.000,17.000,11.000,9.000,18.000,6.840,0.000,18.240,4.560,0.000,20.520
8156,0.199456,10.000,9.000,17.000,11.000,9.000,18.000,2.280,0.000,18.240,4.560,0.000,20.520
8157,0.209113,11.000,8.000,17.000,11.000,9.000,18.000,4.560,-2.280,18.240,4.560,0.000,20.520
8160,0.202948,10.000,10.000,18.000,9.000,10.000,17.000,2.280,2.280,20.520,0.000,2.280,18.240
8164,0.208526,10.000,10.000,18.000,10.000,9.000,17.000,2.280,2.280,20.520,2.280,0.000,18.240
8170,0.205849,10.000,8.000,18.000,9.000,9.000,18.000,2.280,-2.280,20.520,0.000,0.000,20.520
8173,0.204471,10.000,9.000,17.000,9.000,10.000,17.000,2.280,0.000,18.240,0.000,2.280,18.240
8175,0.204812,10.000,9.000,17.000,9.000,9.000,18.000,2.280,0.000,18.240,0.000,0.000,20.520
8181,0.203048,9.000,8.000,17.000,9.000,9.000,18.000,0.000,-2.280,18.240,0.000,0.000,20.520
8258,0.204628,0.000,10.000,16.000,1.000,10.000,17.000,-20.520,2.280,15.960,-18.240,2.280,18.240
8265,0.198121,0.000,10.000,16.000,0.000,9.000,17.000,-20.520,2.280,15.960,-20.520,0.000,18.240
8389,0.202502,8.000,10.000,16.000,9.000,9.000,16.000,-2.280,2.280,15.960,0.000,0.000,15.960
8442,1.186899,6.000,9.000,15.000,5.000,9.000,14.000,-6.840,0.000,13.680,-9.120,0.000,11.400
8477,0.208400,0.000,10.000,16.000,1.000,10.000,15.000,-20.520,2.280,15.960,-18.240,2.280,13.680
8484,0.202077,0.000,10.000,16.000,0.000,9.000,15.000,-20.520,2.280,15.960,-20.520,0.000,13.680
8616,0.201068,8.000,9.000,13.000,9.000,10.000,13.000,-2.280,0.000,9.120,0.000,2.280,9.120
8657,0.203590,4.000,10.000,14.000,5.000,9.000,14.000,-11.400,2.280,11.400,-9.120,0.000,11.400
8734,0.205336,18.000,8.000,12.000,17.000,9.000,12.000,20.520,-2.280,6.840,18.240,0.000,6.840
8764,1.184588,14.000,9.000,11.000,15.000,10.000,11.000,11.400,0.000,4.560,13.680,2.280,4.560
8823,1.182304,10.000,10.000,10.000,9.000,10.000,11.000,2.280,2.280,2.280,0.000,2.280,4.560
8936,0.196473,0.000,9.000,11.000,1.000,10.000,11.000,-20.520,0.000,4.560,-18.240,2.280,4.560
8956,0.202620,17.000,8.000,9.000,18.000,9.000,9.000,18.240,-2.280,0.000,20.520,0.000,0.000
8976,0.200991,16.000,10.000,10.000,15.000,9.000,10.000,15.960,2.280,2.280,13.680,0.000,2.280
9273,1.188291,10.000,9.000,7.000,9.000,10.000,7.000,2.280,0.000,-4.560,0.000,2.280,-4.560
9303,1.180971,7.000,10.000,7.000,7.000,9.000,8.000,-4.560,2.280,-4.560,-4.560,0.000,-2.280
9329,1.187985,5.000,8.000,7.000,5.000,9.000,8.000,-9.120,-2.280,-4.560,-9.120,0.000,-2.280
9597,1.183287,0.000,9.000,5.000,1.000,9.000,4.000,-20.520,0.000,-9.120,-18.240,0.000,-11.400
9616,0.199931,17.000,8.000,3.000,18.000,9.000,3.000,18.240,-2.280,-13.680,20.520,0.000,-13.680
9663,0.199371,12.000,8.000,4.000,13.000,9.000,4.000,6.840,-2.280,-11.400,9.120,0.000,-11.400
9709,0.206316,8.000,10.000,4.000,9.000,9.000,4.000,-2.280,2.280,-11.400,0.000,0.000,-11.400
9712,0.203075,9.000,8.000,3.000,10.000,9.000,3.000,0.000,-2.280,-13.680,2.280,0.000,-13.680
9735,0.202373,6.000,8.000,4.000,7.000,9.000,4.000,-6.840,-2.280,-11.400,-4.560,0.000,-11.400
9778,1.186168,4.000,8.000,2.000,4.000,9.000,3.000,-11.400,-2.280,-15.960,-11.400,0.000,-13.680
9826,0.204782,16.000,10.000,0.000,17.000,10.000,1.000,15.960,2.280,-20.520,18.240,2.280,-18.240
9827,0.205937,18.000,10.000,0.000,17.000,10.000,1.000,20.520,2.280,-20.520,18.240,2.280,-18.240
9829,0.207535,18.000,10.000,0.000,18.000,9.000,1.000,20.520,2.280,-20.520,20.520,0.000,-18.240
9830,0.210047,18.000,8.000,0.000,18.000,9.000,1.000,20.520,-2.280,-20.520,20.520,0.000,-18.240
9836,0.201486,16.000,10.000,0.000,17.000,9.000,0.000,15.960,2.280,-20.520,18.240,0.000,-20.520
9837,0.202170,18.000,10.000,0.000,17.000,9.000,0.000,20.520,2.280,-20.520,18.240,0.000,-20.520
9838,0.201864,18.000,8.000,0.000,17.000,9.000,0.000,20.520,-2.280,-20.520,18.240,0.000,-20.520
9839,0.202184,16.000,8.000,0.000,17.000,9.000,0.000,15.960,-2.280,-20.520,18.240,0.000,-20.520
9842,0.207653,18.000,9.000,1.000,17.000,9.000,0.000,20.520,0.000,-18.240,18.240,0.000,-20.520
9845,0.204746,16.000,9.000,1.000,17.000,9.000,0.000,15.960,0.000,-18.240,18.240,0.000,-20.520
9850,0.209671,17.000,8.000,1.000,17.000,9.000,0.000,18.240,-2.280,-18.240,18.240,0.000,-20.520
9851,0.212273,17.000,10.000,1.000,17.000,9.000,0.000,18.240,2.280,-18.240,18.240,0.000,-20.520
9854,0.200980,14.000,10.000,0.000,15.000,10.000,1.000,11.400,2.280,-20.520,13.680,2.280,-18.240
9855,0.209360,16.000,10.000,0.000,15.000,10.000,1.000,15.960,2.280,-20.520,13.680,2.280,-18.240
9857,0.206626,16.000,10.000,0.000,16.000,9.000,1.000,15.960,2.280,-20.520,15.960,0.000,-18.240
9858,0.210750,16.000,8.000,0.000,16.000,9.000,1.000,15.960,-2.280,-20.520,15.960,0.000,-18.240
9864,0.201197,14.000,10.000,0.000,15.000,9.000,0.000,11.400,2.280,-20.520,13.680,0.000,-20.520
9865,0.201979,16.000,10.000,0.000,15.000,9.000,0.000,15.960,2.280,-20.520,13.680,0.000,-20.520
9866,0.200444,16.000,8.000,0.000,15.000,9.000,0.000,15.960,-2.280,-20.520,13.680,0.000,-20.520
9867,0.202131,14.000,8.000,0.000,15.000,9.000,0.000,11.400,-2.280,-20.520,13.680,0.000,-20.520
9870,0.204869,16.000,9.000,1.000,15.000,9.000,0.000,15.960,0.000,-18.240,13.680,0.000,-20.520
9873,0.203756,14.000,9.000,1.000,15.000,9.000,0.000,11.400,0.000,-18.240,13.680,0.000,-20.520
9878,0.210276,15.000,8.000,1.000,15.000,9.000,0.000,13.680,-2.280,-18.240,13.680,0.000,-20.520
9879,0.206750,15.000,10.000,1.000,15.000,9.000,0.000,13.680,2.280,-18.240,13.680,0.000,-20.520
9882,0.201535,12.000,10.000,0.000,13.000,10.000,1.000,6.840,2.280,-20.520,9.120,2.280,-18.240
9883,0.204347,14.000,10.000,0.000,13.000,10.000,1.000,11.400,2.280,-20.520,9.120,2.280,-18.240
9885,0.206057,14.000,10.000,0.000,14.000,9.000,1.000,11.400,2.280,-20.520,11.400,0.000,-18.240
9886,0.207948,14.000,8.000,0.000,14.000,9.000,1.000,11.400,-2.280,-20.520,11.400,0.000,-18.240
9892,0.204781,12.000,10.000,0.000,13.000,9.000,0.000,6.840,2.280,-20.520,9.120,0.000,-20.520
9893,0.204325,14.000,10.000,0.000,13.000,9.000,0.000,11.400,2.280,-20.520,9.120,0.000,-20.520
9894,0.206449,14.000,8.000,0.000,13.000,9.000,0.000,11.400,-2.280,-20.520,9.120,0.000,-20.520
9895,0.203324,12.000,8.000,0.000,13.000,9.000,0.000,6.840,-2.280,-20.520,9.120,0.000,-20.520
9898,0.201308,14.000,9.000,1.000,13.000,9.000,0.000,11.400,0.000,-18.240,9.120,0.000,-20.520
9901,0.205399,12.000,9.000,1.000,13.000,9.000,0.000,6.840,0.000,-18.240,9.120,0.000,-20.520
9906,0.206661,13.000,8.000,1.000,13.000,9.000,0.000,9.120,-2.280,-18.240,9.120,0.000,-20.520
9907,0.209614,13.000,10.000,1.000,13.000,9.000,0.000,9.120,2.280,-18.240,9.120,0.000,-20.520
9910,0.204795,10.000,10.000,0.000,11.000,10.000,1.000,2.280,2.280,-20.520,4.560,2.280,-18.240
9911,0.201707,12.000,10.000,0.000,11.000,10.000,1.000,6.840,2.280,-20.520,4.560,2.280,-18.240
9913,0.206344,12.000,10.000,0.000,12.000,9.000,1.000,6.840,2.280,-20.520,6.840,0.000,-18.240
9914,0.207207,12.000,8.000,0.000,12.000,9.000,1.000,6.840,-2.280,-20.520,6.840,0.000,-18.240
9920,0.200028,10.000,10.000,0.000,11.000,9.000,0.000,2.280,2.280,-20.520,4.560,0.000,-20.520
9921,0.210972,12.000,10.000,0.000,11.000,9.000,0.000,6.840,2.280,-20.520,4.560,0.000,-20.520
9922,0.201962,12.000,8.000,0.000,11.000,9.000,0.000,6.840,-2.280,-20.520,4.560,0.000,-20.520
9923,0.202495,10.000,8.000,0.000,11.000,9.000,0.000,2.280,-2.280,-20.520,4.560,0.000,-20.520
9926,0.209741,12.000,9.000,1.000,11.000,9.000,0.000,6.840,0.000,-18.240,4.560,0.000,-20.520
9929,0.206125,10.000,9.000,1.000,11.000,9.000,0.000,2.280,0.000,-18.240,4.560,0.000,-20.520
9934,0.208354,11.000,8.000,1.000,11.000,9.000,0.000,4.560,-2.280,-18.240,4.560,0.000,-20.520
9935,0.206365,11.000,10.000,1.000,11.000,9.000,0.000,4.560,2.280,-18.240,4.560,0.000,-20.520
9938,0.201494,8.000,10.000,0.000,9.000,10.000,1.000,-2.280,2.280,-20.520,0.000,2.280,-18.240
9939,0.204972,10.000,10.000,0.000,9.000,10.000,1.000,2.280,2.280,-20.520,0.000,2.280,-18.240
9941,0.207796,10.000,10.000,0.000,10.000,9.000,1.000,2.280,2.280,-20.520,2.280,0.000,-18.240
9942,0.209460,10.000,8.000,0.000,10.000,9.000,1.000,2.280,-2.280,-20.520,2.280,0.000,-18.240
9948,0.195425,8.000,10.000,0.000,9.000,9.000,0.000,-2.280,2.280,-20.520,0.000,0.000,-20.520
9949,0.196528,10.000,10.000,0.000,9.000,9.000,0.000,2.280,2.280,-20.520,0.000,0.000,-20.520
9950,0.195607,10.000,8.000,0.000,9.000,9.000,0.000,2.280,-2.280,-20.520,0.000,0.000,-20.520
9951,0.201415,8.000,8.000,0.000,9.000,9.000,0.000,-2.280,-2.280,-20.520,0.000,0.000,-20.520
9954,0.205332,10.000,9.000,1.000,9.000,9.000,0.000,2.280,0.000,-18.240,0.000,0.000,-20.520
9957,0.206198,8.000,9.000,1.000,9.000,9.000,0.000,-2.280,0.000,-18.240,0.000,0.000,-20.520
9962,0.209202,9.000,8.000,1.000,9.000,9.000,0.000,0.000,-2.280,-18.240,0.000,0.000,-20.520
9963,0.201534,9.000,10.000,1.000,9.000,9.000,0.000,0.000,2.280,-18.240,0.000,0.000,-20.520
9966,0.202112,6.000,10.000,0.000,7.000,10.000,1.000,-6.840,2.280,-20.520,-4.560,2.280,-18.240
9967,0.201304,8.000,10.000,0.000,7.000,10.000,1.000,-2.280,2.280,-20.520,-4.560,2.280,-18.240
9969,0.205363,8.000,10.000,0.000,8.000,9.000,1.000,-2.280,2.280,-20.520,-2.280,0.000,-18.240
9970,0.200863,8.000,8.000,0.000,8.000,9.000,1.000,-2.280,-2.280,-20.520,-2.280,0.000,-18.240
9976,1.190859,6.000,10.000,0.000,7.000,9.000,0.000,-6.840,2.280,-20.520,-4.560,0.000,-20.520
9977,0.207016,8.000,10.000,0.000,7.000,9.000,0.000,-2.280,2.280,-20.520,-4.560,0.000,-20.520
9978,0.207099,8.000,8.000,0.000,7.000,9.000,0.000,-2.280,-2.280,-20.520,-4.560,0.000,-20.520
9979,0.208944,6.000,8.000,0.000,7.000,9.000,0.000,-6.840,-2.280,-20.520,-4.560,0.000,-20.520
9982,0.204726,8.000,9.000,1.000,7.000,9.000,0.000,-2.280,0.000,-18.240,-4.560,0.000,-20.520
9985,0.202269,6.000,9.000,1.000,7.000,9.000,0.000,-6.840,0.000,-18.240,-4.560,0.000,-20.520
9990,0.198260,7.000,8.000,1.000,7.000,9.000,0.000,-4.560,-2.280,-18.240,-4.560,0.000,-20.520
9991,0.208566,7.000,10.000,1.000,7.000,9.000,0.000,-4.560,2.280,-18.240,-4.560,0.000,-20.520
9994,0.201216,4.000,10.000,0.000,5.000,10.000,1.000,-11.400,2.280,-20.520,-9.120,2.280,-18.240
9995,0.195965,6.000,10.000,0.000,5.000,10.000,1.000,-6.840,2.280,-20.520,-9.120,2.280,-18.240
9997,0.209666,6.000,10.000,0.000,6.000,9.000,1.000,-6.840,2.280,-20.520,-6.840,0.000,-18.240
9998,0.205245,6.000,8.000,0.000,6.000,9.000,1.000,-6.840,-2.280,-20.520,-6.840,0.000,-18.240
10003,1.187230,4.000,8.000,2.000,5.000,9.000,2.000,-11.400,-2.280,-15.960,-9.120,0.000,-15.960
10004,0.203233,4.000,10.000,0.000,5.000,9.000,0.000,-11.400,2.280,-20.520,-9.120,0.000,-20.520
10005,0.200327,6.000,10.000,0.000,5.000,9.000,0.000,-6.840,2.280,-20.520,-9.120,0.000,-20.520
10006,0.203957,6.000,8.000,0.000,5.000,9.000,0.000,-6.840,-2.280,-20.520,-9.120,0.000,-20.520
10007,0.199658,4.000,8.000,0.000,5.000,9.000,0.000,-11.400,-2.280,-20.520,-9.120,0.000,-20.520
10010,0.200430,6.000,9.000,1.000,5.000,9.000,0.000,-6.840,0.000,-18.240,-9.120,0.000,-20.520
10013,0.200049,4.000,9.000,1.000,5.000,9.000,0.000,-11.400,0.000,-18.240,-9.120,0.000,-20.520
10018,0.203821,5.000,8.000,1.000,5.000,9.000,0.000,-9.120,-2.280,-18.240,-9.120,0.000,-20.520
10019,0.198280,5.000,10.000,1.000,5.000,9.000,0.000,-9.120,2.280,-18.240,-9.120,0.000,-20.520
10022,0.209566,2.000,10.000,0.000,3.000,10.000,1.000,-15.960,2.280,-20.520,-13.680,2.280,-18.240
10023,0.203687,4.000,10.000,0.000,3.000,10.000,1.000,-11.400,2.280,-20.520,-13.680,2.280,-18.240
10025,0.203601,4.000,10.000,0.000,4.000,9.000,1.000,-11.400,2.280,-20.520,-11.400,0.000,-18.240
10026,0.199579,4.000,8.000,0.000,4.000,9.000,1.000,-11.400,-2.280,-20.520,-11.400,0.000,-18.240
10027,1.182237,4.000,8.000,2.000,4.000,9.000,1.000,-11.400,-2.280,-15.960,-11.400,0.000,-18.240
10030,1.183752,4.000,8.000,2.000,3.000,9.000,2.000,-11.400,-2.280,-15.960,-13.680,0.000,-15.960
10032,0.203780,2.000,10.000,0.000,3.000,9.000,0.000,-15.960,2.280,-20.520,-13.680,0.000,-20.520
10033,0.204020,4.000,10.000,0.000,3.000,9.000,0.000,-11.400,2.280,-20.520,-13.680,0.000,-20.520
10034,0.202469,4.000,8.000,0.000,3.000,9.000,0.000,-11.400,-2.280,-20.520,-13.680,0.000,-20.520
10035,0.201864,2.000,8.000,0.000,3.000,9.000,0.000,-15.960,-2.280,-20.520,-13.680,0.000,-20.520
10038,0.208532,4.000,9.000,1.000,3.000,9.000,0.000,-11.400,0.000,-18.240,-13.680,0.000,-20.520
10041,0.206647,2.000,9.000,1.000,3.000,9.000,0.000,-15.960,0.000,-18.240,-13.680,0.000,-20.520
10046,0.208837,3.000,8.000,1.000,3.000,9.000,0.000,-13.680,-2.280,-18.240,-13.680,0.000,-20.520
10047,0.207924,3.000,10.000,1.000,3.000,9.000,0.000,-13.680,2.280,-18.240,-13.680,0.000,-20.520
10050,0.206122,0.000,10.000,0.000,1.000,10.000,1.000,-20.520,2.280,-20.520,-18.240,2.280,-18.240
10051,0.210040,2.000,10.000,0.000,1.000,10.000,1.000,-15.960,2.280,-20.520,-18.240,2.280,-18.240
10053,0.206490,2.000,10.000,0.000,2.000,9.000,1.000,-15.960,2.280,-20.520,-15.960,0.000,-18.240
10054,0.207885,2.000,8.000,0.000,2.000,9.000,1.000,-15.960,-2.280,-20.520,-15.960,0.000,-18.240
10057,0.200059,0.000,10.000,0.000,0.000,9.000,1.000,-20.520,2.280,-20.520,-20.520,0.000,-18.240
10059,0.207645,0.000,8.000,0.000,0.000,9.000,1.000,-20.520,-2.280,-20.520,-20.520,0.000,-18.240
10064,0.201469,0.000,10.000,0.000,1.000,9.000,0.000,-20.520,2.280,-20.520,-18.240,0.000,-20.520
10065,0.202273,2.000,10.000,0.000,1.000,9.000,0.000,-15.960,2.280,-20.520,-18.240,0.000,-20.520
10066,0.201849,2.000,8.000,0.000,1.000,9.000,0.000,-15.960,-2.280,-20.520,-18.240,0.000,-20.520
10067,0.202237,0.000,8.000,0.000,1.000,9.000,0.000,-20.520,-2.280,-20.520,-18.240,0.000,-20.520
10070,0.208376,2.000,9.000,1.000,1.000,9.000,0.000,-15.960,0.000,-18.240,-18.240,0.000,-20.520
10073,0.200157,0.000,9.000,1.000,1.000,9.000,0.000,-20.520,0.000,-18.240,-18.240,0.000,-20.520
10078,0.209895,1.000,8.000,1.000,1.000,9.000,0.000,-18.240,-2.280,-18.240,-18.240,0.000,-20.520
10079,0.203059,1.000,10.000,1.000,1.000,9.000,0.000,-18.240,2.280,-18.240,-18.240,0.000,-20.520
10112,0.201873,16.000,8.000,18.000,15.000,7.000,18.000,15.960,-2.280,20.520,13.680,-4.560,20.520
10120,0.202346,14.000,7.000,17.000,15.000,8.000,17.000,11.400,-4.560,18.240,13.680,-2.280,18.240
10177,0.206253,8.000,8.000,18.000,9.000,8.000,17.000,-2.280,-2.280,20.520,0.000,-2.280,18.240
10215,0.199254,8.000,7.000,17.000,7.000,7.000,18.000,-2.280,-4.560,18.240,-4.560,-4.560,20.520
10260,0.195646,3.000,6.000,17.000,4.000,7.000,17.000,-13.680,-6.840,18.240,-11.400,-4.560,18.240
10298,1.187436,1.000,6.000,17.000,1.000,7.000,16.000,-18.240,-6.840,18.240,-18.240,-4.560,15.960
10340,0.202909,14.000,7.000,15.000,15.000,8.000,15.000,11.400,-4.560,13.680,13.680,-2.280,13.680
10408,0.196848,9.000,6.000,15.000,10.000,7.000,15.000,0.000,-6.840,13.680,2.280,-4.560,13.680
10651,0.201846,6.000,6.000,14.000,7.000,7.000,14.000,-6.840,-6.840,11.400,-4.560,-4.560,11.400
10944,0.207710,2.000,8.000,12.000,1.000,7.000,12.000,-15.960,-2.280,6.840,-18.240,-4.560,6.840
10948,1.179489,1.000,6.000,11.000,2.000,7.000,11.000,-18.240,-6.840,4.560,-15.960,-4.560,4.560
10969,0.205034,16.000,8.000,10.000,17.000,7.000,10.000,15.960,-2.280,2.280,18.240,-4.560,2.280
11091,0.211383,6.000,6.000,10.000,7.000,7.000,10.000,-6.840,-6.840,2.280,-4.560,-4.560,2.280
11237,0.203225,12.000,8.000,8.000,13.000,7.000,8.000,6.840,-2.280,-2.280,9.120,-4.560,-2.280
11555,0.201677,4.000,6.000,6.000,5.000,7.000,6.000,-11.400,-6.840,-6.840,-9.120,-4.560,-6.840
11650,1.186413,16.000,6.000,2.000,16.000,7.000,3.000,15.960,-6.840,-15.960,15.960,-4.560,-13.680
11681,0.198226,14.000,7.000,3.000,13.000,8.000,3.000,11.400,-4.560,-13.680,9.120,-2.280,-13.680
11708,0.206224,10.000,7.000,3.000,11.000,8.000,3.000,2.280,-4.560,-13.680,4.560,-2.280,-13.680
11766,1.179806,4.000,8.000,2.000,5.000,8.000,3.000,-11.400,-2.280,-15.960,-9.120,-2.280,-13.680
11791,1.188299,4.000,8.000,2.000,3.000,8.000,3.000,-11.400,-2.280,-15.960,-13.680,-2.280,-13.680
11793,1.187002,4.000,8.000,2.000,4.000,7.000,3.000,-11.400,-2.280,-15.960,-11.400,-4.560,-13.680
11801,0.201577,4.000,7.000,3.000,3.000,8.000,3.000,-11.400,-4.560,-13.680,-13.680,-2.280,-13.680
11842,0.202958,16.000,8.000,0.000,17.000,8.000,1.000,15.960,-2.280,-20.520,18.240,-2.280,-18.240
11843,0.198945,18.000,8.000,0.000,17.000,8.000,1.000,20.520,-2.280,-20.520,18.240,-2.280,-18.240
11845,0.206546,18.000,8.000,0.000,18.000,7.000,1.000,20.520,-2.280,-20.520,20.520,-4.560,-18.240
11846,0.210883,18.000,6.000,0.000,18.000,7.000,1.000,20.520,-6.840,-20.520,20.520,-4.560,-18.240
11851,1.185828,16.000,6.000,2.000,17.000,7.000,2.000,15.960,-6.840,-15.960,18.240,-4.560,-15.960
11852,0.203753,16.000,8.000,0.000,17.000,7.000,0.000,15.960,-2.280,-20.520,18.240,-4.560,-20.520
11853,0.202053,18.000,8.000,0.000,17.000,7.000,0.000,20.520,-2.280,-20.520,18.240,-4.560,-20.520
11854,0.202893,18.000,6.000,0.000,17.000,7.000,0.000,20.520,-6.840,-20.520,18.240,-4.560,-20.520
11855,0.201908,16.000,6.000,0.000,17.000,7.000,0.000,15.960,-6.840,-20.520,18.240,-4.560,-20.520
11858,0.204337,18.000,7.000,1.000,17.000,7.000,0.000,20.520,-4.560,-18.240,18.240,-4.560,-20.520
11861,0.207264,16.000,7.000,1.000,17.000,7.000,0.000,15.960,-4.560,-18.240,18.240,-4.560,-20.520
11866,0.207228,17.000,6.000,1.000,17.000,7.000,0.000,18.240,-6.840,-18.240,18.240,-4.560,-20.520
11867,0.201305,17.000,8.000,1.000,17.000,7.000,0.000,18.240,-2.280,-18.240,18.240,-4.560,-20.520
11870,0.201845,14.000,8.000,0.000,15.000,8.000,1.000,11.400,-2.280,-20.520,13.680,-2.280,-18.240
11871,0.201925,16.000,8.000,0.000,15.000,8.000,1.000,15.960,-2.280,-20.520,13.680,-2.280,-18.240
11873,0.201444,16.000,8.000,0.000,16.000,7.000,1.000,15.960,-2.280,-20.520,15.960,-4.560,-18.240
11874,0.210718,16.000,6.000,0.000,16.000,7.000,1.000,15.960,-6.840,-20.520,15.960,-4.560,-18.240
11875,1.187678,16.000,6.000,2.000,16.000,7.000,1.000,15.960,-6.840,-15.960,15.960,-4.560,-18.240
11878,1.187072,16.000,6.000,2.000,15.000,7.000,2.000,15.960,-6.840,-15.960,13.680,-4.560,-15.960
11880,0.205894,14.000,8.000,0.000,15.000,7.000,0.000,11.400,-2.280,-20.520,13.680,-4.560,-20.520
11881,0.202597,16.000,8.000,0.000,15.000,7.000,0.000,15.960,-2.280,-20.520,13.680,-4.560,-20.520
11882,0.205285,16.000,6.000,0.000,15.000,7.000,0.000,15.960,-6.840,-20.520,13.680,-4.560,-20.520
11883,0.203409,14.000,6.000,0.000,15.000,7.000,0.000,11.400,-6.840,-20.520,13.680,-4.560,-20.520
11886,0.203325,16.000,7.000,1.000,15.000,7.000,0.000,15.960,-4.560,-18.240,13.680,-4.560,-20.520
11889,0.207180,14.000,7.000,1.000,15.000,7.000,0.000,11.400,-4.560,-18.240,13.680,-4.560,-20.520
11894,0.210991,15.000,6.000,1.000,15.000,7.000,0.000,13.680,-6.840,-18.240,13.680,-4.560,-20.520
11895,0.209425,15.000,8.000,1.000,15.000,7.000,0.000,13.680,-2.280,-18.240,13.680,-4.560,-20.520
11898,0.206229,12.000,8.000,0.000,13.000,8.000,1.000,6.840,-2.280,-20.520,9.120,-2.280,-18.240
11899,0.204611,14.000,8.000,0.000,13.000,8.000,1.000,11.400,-2.280,-20.520,9.120,-2.280,-18.240
11901,0.206566,14.000,8.000,0.000,14.000,7.000,1.000,11.400,-2.280,-20.520,11.400,-4.560,-18.240
11902,0.207172,14.000,6.000,0.000,14.000,7.000,1.000,11.400,-6.840,-20.520,11.400,-4.560,-18.240
11908,0.205319,12.000,8.000,0.000,13.000,7.000,0.000,6.840,-2.280,-20.520,9.120,-4.560,-20.520
11909,0.202797,14.000,8.000,0.000,13.000,7.000,0.000,11.400,-2.280,-20.520,9.120,-4.560,-20.520
11910,0.207819,14.000,6.000,0.000,13.000,7.000,0.000,11.400,-6.840,-20.520,9.120,-4.560,-20.520
11911,0.202254,12.000,6.000,0.000,13.000,7.000,0.000,6.840,-6.840,-20.520,9.120,-4.560,-20.520
11914,0.201635,14.000,7.000,1.000,13.000,7.000,0.000,11.400,-4.560,-18.240,9.120,-4.560,-20.520
11917,0.204179,12.000,7.000,1.000,13.000,7.000,0.000,6.840,-4.560,-18.240,9.120,-4.560,-20.520
11922,0.206111,13.000,6.000,1.000,13.000,7.000,0.000,9.120,-6.840,-18.240,9.120,-4.560,-20.520
11923,0.208408,13.000,8.000,1.000,13.000,7.000,0.000,9.120,-2.280,-18.240,9.120,-4.560,-20.520
11926,0.202248,10.000,8.000,0.000,11.000,8.000,1.000,2.280,-2.280,-20.520,4.560,-2.280,-18.240
11927,0.202369,12.000,8.000,0.000,11.000,8.000,1.000,6.840,-2.280,-20.520,4.560,-2.280,-18.240
11929,0.208279,12.000,8.000,0.000,12.000,7.000,1.000,6.840,-2.280,-20.520,6.840,-4.560,-18.240
11930,0.205409,12.000,6.000,0.000,12.000,7.000,1.000,6.840,-6.840,-20.520,6.840,-4.560,-18.240
11936,0.195703,10.000,8.000,0.000,11.000,7.000,0.000,2.280,-2.280,-20.520,4.560,-4.560,-20.520
11937,0.207353,12.000,8.000,0.000,11.000,7.000,0.000,6.840,-2.280,-20.520,4.560,-4.560,-20.520
11938,0.199249,12.000,6.000,0.000,11.000,7.000,0.000,6.840,-6.840,-20.520,4.560,-4.560,-20.520
11939,0.204949,10.000,6.000,0.000,11.000,7.000,0.000,2.280,-6.840,-20.520,4.560,-4.560,-20.520
11942,0.201435,12.000,7.000,1.000,11.000,7.000,0.000,6.840,-4.560,-18.240,4.560,-4.560,-20.520
11945,0.198431,10.000,7.000,1.000,11.000,7.000,0.000,2.280,-4.560,-18.240,4.560,-4.560,-20.520
11950,0.208401,11.000,6.000,1.000,11.000,7.000,0.000,4.560,-6.840,-18.240,4.560,-4.560,-20.520
11951,0.209107,11.000,8.000,1.000,11.000,7.000,0.000,4.560,-2.280,-18.240,4.560,-4.560,-20.520
11954,0.199723,8.000,8.000,0.000,9.000,8.000,1.000,-2.280,-2.280,-20.520,0.000,-2.280,-18.240
11955,0.202697,10.000,8.000,0.000,9.000,8.000,1.000,2.280,-2.280,-20.520,0.000,-2.280,-18.240
11957,0.198385,10.000,8.000,0.000,10.000,7.000,1.000,2.280,-2.280,-20.520,2.280,-4.560,-18.240
11958,0.210386,10.000,6.000,0.000,10.000,7.000,1.000,2.280,-6.840,-20.520,2.280,-4.560,-18.240
11963,1.184145,8.000,6.000,2.000,9.000,7.000,2.000,-2.280,-6.840,-15.960,0.000,-4.560,-15.960
11964,0.202650,8.000,8.000,0.000,9.000,7.000,0.000,-2.280,-2.280,-20.520,0.000,-4.560,-20.520
11965,0.208266,10.000,8.000,0.000,9.000,7.000,0.000,2.280,-2.280,-20.520,0.000,-4.560,-20.520
11966,0.201155,10.000,6.000,0.000,9.000,7.000,0.000,2.280,-6.840,-20.520,0.000,-4.560,-20.520
11967,0.205425,8.000,6.000,0.000,9.000,7.000,0.000,-2.280,-6.840,-20.520,0.000,-4.560,-20.520
11970,0.202508,10.000,7.000,1.000,9.000,7.000,0.000,2.280,-4.560,-18.240,0.000,-4.560,-20.520
11973,0.201672,8.000,7.000,1.000,9.000,7.000,0.000,-2.280,-4.560,-18.240,0.000,-4.560,-20.520
11978,0.206008,9.000,6.000,1.000,9.000,7.000,0.000,0.000,-6.840,-18.240,0.000,-4.560,-20.520
11979,0.201292,9.000,8.000,1.000,9.000,7.000,0.000,0.000,-2.280,-18.240,0.000,-4.560,-20.520
11982,0.202244,6.000,8.000,0.000,7.000,8.000,1.000,-6.840,-2.280,-20.520,-4.560,-2.280,-18.240
11983,0.204957,8.000,8.000,0.000,7.000,8.000,1.000,-2.280,-2.280,-20.520,-4.560,-2.280,-18.240
11984,1.180886,8.000,8.000,2.000,8.000,7.000,1.000,-2.280,-2.280,-15.960,-2.280,-4.560,-18.240
11985,0.206943,8.000,8.000,0.000,8.000,7.000,1.000,-2.280,-2.280,-20.520,-2.280,-4.560,-18.240
11986,0.207988,8.000,6.000,0.000,8.000,7.000,1.000,-2.280,-6.840,-20.520,-2.280,-4.560,-18.240
11991,0.207923,6.000,6.000,2.000,7.000,7.000,2.000,-6.840,-6.840,-15.960,-4.560,-4.560,-15.960
11992,0.205075,6.000,8.000,0.000,7.000,7.000,0.000,-6.840,-2.280,-20.520,-4.560,-4.560,-20.520
11993,0.200091,8.000,8.000,0.000,7.000,7.000,0.000,-2.280,-2.280,-20.520,-4.560,-4.560,-20.520
11994,0.203939,8.000,6.000,0.000,7.000,7.000,0.000,-2.280,-6.840,-20.520,-4.560,-4.560,-20.520
11995,0.202210,6.000,6.000,0.000,7.000,7.000,0.000,-6.840,-6.840,-20.520,-4.560,-4.560,-20.520
11998,0.198084,8.000,7.000,1.000,7.000,7.000,0.000,-2.280,-4.560,-18.240,-4.560,-4.560,-20.520
12001,0.207286,6.000,7.000,1.000,7.000,7.000,0.000,-6.840,-4.560,-18.240,-4.560,-4.560,-20.520
12006,0.199920,7.000,6.000,1.000,7.000,7.000,0.000,-4.560,-6.840,-18.240,-4.560,-4.560,-20.520
12007,0.207993,7.000,8.000,1.000,7.000,7.000,0.000,-4.560,-2.280,-18.240,-4.560,-4.560,-20.520
12009,1.185183,4.000,8.000,2.000,5.000,8.000,1.000,-11.400,-2.280,-15.960,-9.120,-2.280,-18.240
12010,0.209698,4.000,8.000,0.000,5.000,8.000,1.000,-11.400,-2.280,-20.520,-9.120,-2.280,-18.240
12011,0.201899,6.000,8.000,0.000,5.000,8.000,1.000,-6.840,-2.280,-20.520,-9.120,-2.280,-18.240
12013,0.200337,6.000,8.000,0.000,6.000,7.000,1.000,-6.840,-2.280,-20.520,-6.840,-4.560,-18.240
12014,0.202969,6.000,6.000,0.000,6.000,7.000,1.000,-6.840,-6.840,-20.520,-6.840,-4.560,-18.240
12017,1.180987,4.000,8.000,2.000,5.000,7.000,2.000,-11.400,-2.280,-15.960,-9.120,-4.560,-15.960
12020,0.202373,4.000,8.000,0.000,5.000,7.000,0.000,-11.400,-2.280,-20.520,-9.120,-4.560,-20.520
12021,0.199314,6.000,8.000,0.000,5.000,7.000,0.000,-6.840,-2.280,-20.520,-9.120,-4.560,-20.520
12022,0.203702,6.000,6.000,0.000,5.000,7.000,0.000,-6.840,-6.840,-20.520,-9.120,-4.560,-20.520
12023,0.210356,4.000,6.000,0.000,5.000,7.000,0.000,-11.400,-6.840,-20.520,-9.120,-4.560,-20.520
12026,0.202388,6.000,7.000,1.000,5.000,7.000,0.000,-6.840,-4.560,-18.240,-9.120,-4.560,-20.520
12029,0.203826,4.000,7.000,1.000,5.000,7.000,0.000,-11.400,-4.560,-18.240,-9.120,-4.560,-20.520
12034,0.207565,5.000,6.000,1.000,5.000,7.000,0.000,-9.120,-6.840,-18.240,-9.120,-4.560,-20.520
12035,0.202749,5.000,8.000,1.000,5.000,7.000,0.000,-9.120,-2.280,-18.240,-9.120,-4.560,-20.520
12036,1.184112,4.000,8.000,2.000,3.000,8.000,1.000,-11.400,-2.280,-15.960,-13.680,-2.280,-18.240
12038,0.200685,2.000,8.000,0.000,3.000,8.000,1.000,-15.960,-2.280,-20.520,-13.680,-2.280,-18.240
12039,0.208682,4.000,8.000,0.000,3.000,8.000,1.000,-11.400,-2.280,-20.520,-13.680,-2.280,-18.240
12040,1.185716,4.000,8.000,2.000,4.000,7.000,1.000,-11.400,-2.280,-15.960,-11.400,-4.560,-18.240
12041,0.200072,4.000,8.000,0.000,4.000,7.000,1.000,-11.400,-2.280,-20.520,-11.400,-4.560,-18.240
12042,0.198553,4.000,6.000,0.000,4.000,7.000,1.000,-11.400,-6.840,-20.520,-11.400,-4.560,-18.240
12044,1.189279,4.000,8.000,2.000,3.000,7.000,2.000,-11.400,-2.280,-15.960,-13.680,-4.560,-15.960
12048,0.201985,2.000,8.000,0.000,3.000,7.000,0.000,-15.960,-2.280,-20.520,-13.680,-4.560,-20.520
12049,0.198913,4.000,8.000,0.000,3.000,7.000,0.000,-11.400,-2.280,-20.520,-13.680,-4.560,-20.520
12050,0.202711,4.000,6.000,0.000,3.000,7.000,0.000,-11.400,-6.840,-20.520,-13.680,-4.560,-20.520
12051,0.198236,2.000,6.000,0.000,3.000,7.000,0.000,-15.960,-6.840,-20.520,-13.680,-4.560,-20.520
12054,0.204702,4.000,7.000,1.000,3.000,7.000,0.000,-11.400,-4.560,-18.240,-13.680,-4.560,-20.520
12057,0.204013,2.000,7.000,1.000,3.000,7.000,0.000,-15.960,-4.560,-18.240,-13.680,-4.560,-20.520
12062,0.191197,3.000,6.000,1.000,3.000,7.000,0.000,-13.680,-6.840,-18.240,-13.680,-4.560,-20.520
12063,0.204472,3.000,8.000,1.000,3.000,7.000,0.000,-13.680,-2.280,-18.240,-13.680,-4.560,-20.520
12066,0.202759,0.000,8.000,0.000,1.000,8.000,1.000,-20.520,-2.280,-20.520,-18.240,-2.280,-18.240
12067,0.205075,2.000,8.000,0.000,1.000,8.000,1.000,-15.960,-2.280,-20.520,-18.240,-2.280,-18.240
12069,0.210375,2.000,8.000,0.000,2.000,7.000,1.000,-15.960,-2.280,-20.520,-15.960,-4.560,-18.240
12070,0.209378,2.000,6.000,0.000,2.000,7.000,1.000,-15.960,-6.840,-20.520,-15.960,-4.560,-18.240
12073,0.203610,0.000,8.000,0.000,0.000,7.000,1.000,-20.520,-2.280,-20.520,-20.520,-4.560,-18.240
12075,0.209519,0.000,6.000,0.000,0.000,7.000,1.000,-20.520,-6.840,-20.520,-20.520,-4.560,-18.240
12080,0.200872,0.000,8.000,0.000,1.000,7.000,0.000,-20.520,-2.280,-20.520,-18.240,-4.560,-20.520
12081,0.202354,2.000,8.000,0.000,1.000,7.000,0.000,-15.960,-2.280,-20.520,-18.240,-4.560,-20.520
12082,0.201226,2.000,6.000,0.000,1.000,7.000,0.000,-15.960,-6.840,-20.520,-18.240,-4.560,-20.520
12083,0.201926,0.000,6.000,0.000,1.000,7.000,0.000,-20.520,-6.840,-20.520,-18.240,-4.560,-20.520
12086,0.205044,2.000,7.000,1.000,1.000,7.000,0.000,-15.960,-4.560,-18.240,-18.240,-4.560,-20.520
12089,0.202025,0.000,7.000,1.000,1.000,7.000,0.000,-20.520,-4.560,-18.240,-18.240,-4.560,-20.520
12094,0.208047,1.000,6.000,1.000,1.000,7.000,0.000,-18.240,-6.840,-18.240,-18.240,-4.560,-20.520
12095,0.209611,1.000,8.000,1.000,1.000,7.000,0.000,-18.240,-2.280,-18.240,-18.240,-4.560,-20.520
12156,0.204706,13.000,4.000,17.000,14.000,5.000,17.000,9.120,-11.400,18.240,11.400,-9.120,18.240
12281,1.186084,2.000,5.000,17.000,3.000,5.000,16.000,-15.960,-9.120,18.240,-13.680,-9.120,15.960
12286,1.187474,3.000,4.000,17.000,3.000,5.000,16.000,-13.680,-11.400,18.240,-13.680,-9.120,15.960
12328,0.199250,17.000,4.000,15.000,18.000,5.000,15.000,18.240,-11.400,13.680,20.520,-9.120,13.680
12352,0.197377,15.000,4.000,15.000,16.000,5.000,15.000,13.680,-11.400,13.680,15.960,-9.120,13.680
12399,0.203277,10.000,4.000,16.000,11.000,5.000,16.000,2.280,-11.400,15.960,4.560,-9.120,15.960
12488,1.185000,4.000,6.000,16.000,4.000,5.000,15.000,-11.400,-6.840,15.960,-11.400,-9.120,13.680
12497,0.199895,4.000,5.000,15.000,3.000,6.000,15.000,-11.400,-9.120,13.680,-13.680,-6.840,13.680
12569,0.206597,14.000,6.000,14.000,15.000,5.000,14.000,11.400,-6.840,11.400,13.680,-9.120,11.400
12578,0.203671,14.000,5.000,13.000,15.000,4.000,13.000,11.400,-9.120,9.120,13.680,-11.400,9.120
12619,1.188284,10.000,4.000,14.000,11.000,5.000,14.000,2.280,-11.400,11.400,4.560,-9.120,11.400
12639,1.187200,10.000,4.000,14.000,10.000,5.000,13.000,2.280,-11.400,11.400,2.280,-9.120,9.120
12709,1.183351,4.000,6.000,12.000,4.000,5.000,13.000,-11.400,-6.840,6.840,-11.400,-9.120,9.120
12742,0.208307,2.000,4.000,14.000,1.000,5.000,14.000,-15.960,-11.400,11.400,-18.240,-9.120,11.400
12960,0.204601,2.000,6.000,12.000,1.000,5.000,12.000,-15.960,-6.840,6.840,-18.240,-9.120,6.840
12984,0.207142,18.000,6.000,10.000,17.000,5.000,10.000,20.520,-6.840,2.280,18.240,-9.120,2.280
13016,0.203031,14.000,5.000,9.000,15.000,6.000,9.000,11.400,-9.120,0.000,13.680,-6.840,0.000
13061,1.183618,12.000,5.000,9.000,11.000,6.000,9.000,6.840,-9.120,0.000,4.560,-6.840,0.000
13107,0.203323,6.000,4.000,10.000,7.000,5.000,10.000,-6.840,-11.400,2.280,-4.560,-9.120,2.280
13232,1.186485,15.000,4.000,7.000,16.000,5.000,7.000,13.680,-11.400,-4.560,15.960,-9.120,-4.560
13345,1.181645,6.000,6.000,6.000,6.000,5.000,7.000,-6.840,-6.840,-6.840,-6.840,-9.120,-4.560
13449,0.204087,14.000,6.000,6.000,15.000,5.000,6.000,11.400,-6.840,-6.840,13.680,-9.120,-6.840
13452,1.178947,15.000,4.000,5.000,16.000,5.000,5.000,13.680,-11.400,-9.120,15.960,-9.120,-9.120
13638,1.187850,16.000,6.000,2.000,17.000,6.000,3.000,15.960,-6.840,-15.960,18.240,-6.840,-13.680
13644,0.204381,18.000,6.000,4.000,17.000,5.000,4.000,20.520,-6.840,-11.400,18.240,-9.120,-11.400
13663,1.186667,16.000,6.000,2.000,15.000,6.000,3.000,15.960,-6.840,-15.960,13.680,-6.840,-13.680
13665,1.186933,16.000,6.000,2.000,16.000,5.000,3.000,15.960,-6.840,-15.960,15.960,-9.120,-13.680
13857,1.190641,16.000,6.000,2.000,17.000,6.000,1.000,15.960,-6.840,-15.960,18.240,-6.840,-18.240
13858,0.202308,16.000,6.000,0.000,17.000,6.000,1.000,15.960,-6.840,-20.520,18.240,-6.840,-18.240
13859,0.205631,18.000,6.000,0.000,17.000,6.000,1.000,20.520,-6.840,-20.520,18.240,-6.840,-18.240
13861,0.205010,18.000,6.000,0.000,18.000,5.000,1.000,20.520,-6.840,-20.520,20.520,-9.120,-18.240
13862,0.210121,18.000,4.000,0.000,18.000,5.000,1.000,20.520,-11.400,-20.520,20.520,-9.120,-18.240
13865,1.186610,16.000,6.000,2.000,17.000,5.000,2.000,15.960,-6.840,-15.960,18.240,-9.120,-15.960
13868,0.206758,16.000,6.000,0.000,17.000,5.000,0.000,15.960,-6.840,-20.520,18.240,-9.120,-20.520
13869,0.199167,18.000,6.000,0.000,17.000,5.000,0.000,20.520,-6.840,-20.520,18.240,-9.120,-20.520
13870,0.203846,18.000,4.000,0.000,17.000,5.000,0.000,20.520,-11.400,-20.520,18.240,-9.120,-20.520
13871,0.198679,16.000,4.000,0.000,17.000,5.000,0.000,15.960,-11.400,-20.520,18.240,-9.120,-20.520
13874,0.200755,18.000,5.000,1.000,17.000,5.000,0.000,20.520,-9.120,-18.240,18.240,-9.120,-20.520
13877,0.206564,16.000,5.000,1.000,17.000,5.000,0.000,15.960,-9.120,-18.240,18.240,-9.120,-20.520
13882,0.210258,17.000,4.000,1.000,17.000,5.000,0.000,18.240,-11.400,-18.240,18.240,-9.120,-20.520
13883,0.207237,17.000,6.000,1.000,17.000,5.000,0.000,18.240,-6.840,-18.240,18.240,-9.120,-20.520
13884,1.183899,16.000,6.000,2.000,15.000,6.000,1.000,15.960,-6.840,-15.960,13.680,-6.840,-18.240
13886,0.205388,14.000,6.000,0.000,15.000,6.000,1.000,11.400,-6.840,-20.520,13.680,-6.840,-18.240
13887,0.201473,16.000,6.000,0.000,15.000,6.000,1.000,15.960,-6.840,-20.520,13.680,-6.840,-18.240
13888,1.191468,16.000,6.000,2.000,16.000,5.000,1.000,15.960,-6.840,-15.960,15.960,-9.120,-18.240
13889,0.207330,16.000,6.000,0.000,16.000,5.000,1.000,15.960,-6.840,-20.520,15.960,-9.120,-18.240
13890,0.208478,16.000,4.000,0.000,16.000,5.000,1.000,15.960,-11.400,-20.520,15.960,-9.120,-18.240
13892,1.186844,16.000,6.000,2.000,15.000,5.000,2.000,15.960,-6.840,-15.960,13.680,-9.120,-15.960
13896,0.208386,14.000,6.000,0.000,15.000,5.000,0.000,11.400,-6.840,-20.520,13.680,-9.120,-20.520
13897,0.202789,16.000,6.000,0.000,15.000,5.000,0.000,15.960,-6.840,-20.520,13.680,-9.120,-20.520
13898,0.202728,16.000,4.000,0.000,15.000,5.000,0.000,15.960,-11.400,-20.520,13.680,-9.120,-20.520
13899,0.202354,14.000,4.000,0.000,15.000,5.000,0.000,11.400,-11.400,-20.520,13.680,-9.120,-20.520
13902,0.201115,16.000,5.000,1.000,15.000,5.000,0.000,15.960,-9.120,-18.240,13.680,-9.120,-20.520
13905,0.204562,14.000,5.000,1.000,15.000,5.000,0.000,11.400,-9.120,-18.240,13.680,-9.120,-20.520
13910,0.204996,15.000,4.000,1.000,15.000,5.000,0.000,13.680,-11.400,-18.240,13.680,-9.120,-20.520
13911,0.211335,15.000,6.000,1.000,15.000,5.000,0.000,13.680,-6.840,-18.240,13.680,-9.120,-20.520
13914,0.201289,12.000,6.000,0.000,13.000,6.000,1.000,6.840,-6.840,-20.520,9.120,-6.840,-18.240
13915,0.208752,14.000,6.000,0.000,13.000,6.000,1.000,11.400,-6.840,-20.520,9.120,-6.840,-18.240
13917,0.212498,14.000,6.000,0.000,14.000,5.000,1.000,11.400,-6.840,-20.520,11.400,-9.120,-18.240
13918,0.205018,14.000,4.000,0.000,14.000,5.000,1.000,11.400,-11.400,-20.520,11.400,-9.120,-18.240
13921,0.204797,12.000,6.000,2.000,13.000,5.000,2.000,6.840,-6.840,-15.960,9.120,-9.120,-15.960
13924,0.197291,12.000,6.000,0.000,13.000,5.000,0.000,6.840,-6.840,-20.520,9.120,-9.120,-20.520
13925,0.202816,14.000,6.000,0.000,13.000,5.000,0.000,11.400,-6.840,-20.520,9.120,-9.120,-20.520
13926,0.199405,14.000,4.000,0.000,13.000,5.000,0.000,11.400,-11.400,-20.520,9.120,-9.120,-20.520
13927,0.203492,12.000,4.000,0.000,13.000,5.000,0.000,6.840,-11.400,-20.520,9.120,-9.120,-20.520
13930,0.201864,14.000,5.000,1.000,13.000,5.000,0.000,11.400,-9.120,-18.240,9.120,-9.120,-20.520
13933,0.202959,12.000,5.000,1.000,13.000,5.000,0.000,6.840,-9.120,-18.240,9.120,-9.120,-20.520
13938,0.208382,13.000,4.000,1.000,13.000,5.000,0.000,9.120,-11.400,-18.240,9.120,-9.120,-20.520
13939,0.205395,13.000,6.000,1.000,13.000,5.000,0.000,9.120,-6.840,-18.240,9.120,-9.120,-20.520
13942,0.211094,10.000,6.000,0.000,11.000,6.000,1.000,2.280,-6.840,-20.520,4.560,-6.840,-18.240
13943,0.202917,12.000,6.000,0.000,11.000,6.000,1.000,6.840,-6.840,-20.520,4.560,-6.840,-18.240
13945,0.195095,12.000,6.000,0.000,12.000,5.000,1.000,6.840,-6.840,-20.520,6.840,-9.120,-18.240
13946,0.209890,12.000,4.000,0.000,12.000,5.000,1.000,6.840,-11.400,-20.520,6.840,-9.120,-18.240
13952,0.205157,10.000,6.000,0.000,11.000,5.000,0.000,2.280,-6.840,-20.520,4.560,-9.120,-20.520
13953,0.203641,12.000,6.000,0.000,11.000,5.000,0.000,6.840,-6.840,-20.520,4.560,-9.120,-20.520
13954,0.203848,12.000,4.000,0.000,11.000,5.000,0.000,6.840,-11.400,-20.520,4.560,-9.120,-20.520
13955,0.203207,10.000,4.000,0.000,11.000,5.000,0.000,2.280,-11.400,-20.520,4.560,-9.120,-20.520
13958,0.198915,12.000,5.000,1.000,11.000,5.000,0.000,6.840,-9.120,-18.240,4.560,-9.120,-20.520
13961,0.204911,10.000,5.000,1.000,11.000,5.000,0.000,2.280,-9.120,-18.240,4.560,-9.120,-20.520
13966,0.194172,11.000,4.000,1.000,11.000,5.000,0.000,4.560,-11.400,-18.240,4.560,-9.120,-20.520
13967,0.208845,11.000,6.000,1.000,11.000,5.000,0.000,4.560,-6.840,-18.240,4.560,-9.120,-20.520
13970,0.209569,8.000,6.000,0.000,9.000,6.000,1.000,-2.280,-6.840,-20.520,0.000,-6.840,-18.240
13971,0.207929,10.000,6.000,0.000,9.000,6.000,1.000,2.280,-6.840,-20.520,0.000,-6.840,-18.240
13973,0.202614,10.000,6.000,0.000,10.000,5.000,1.000,2.280,-6.840,-20.520,2.280,-9.120,-18.240
13974,0.205879,10.000,4.000,0.000,10.000,5.000,1.000,2.280,-11.400,-20.520,2.280,-9.120,-18.240
13980,0.207797,8.000,6.000,0.000,9.000,5.000,0.000,-2.280,-6.840,-20.520,0.000,-9.120,-20.520
13981,0.205945,10.000,6.000,0.000,9.000,5.000,0.000,2.280,-6.840,-20.520,0.000,-9.120,-20.520
13982,0.205509,10.000,4.000,0.000,9.000,5.000,0.000,2.280,-11.400,-20.520,0.000,-9.120,-20.520
13983,0.206106,8.000,4.000,0.000,9.000,5.000,0.000,-2.280,-11.400,-20.520,0.000,-9.120,-20.520
13986,0.207711,10.000,5.000,1.000,9.000,5.000,0.000,2.280,-9.120,-18.240,0.000,-9.120,-20.520
13989,0.203687,8.000,5.000,1.000,9.000,5.000,0.000,-2.280,-9.120,-18.240,0.000,-9.120,-20.520
13994,0.207075,9.000,4.000,1.000,9.000,5.000,0.000,0.000,-11.400,-18.240,0.000,-9.120,-20.520
13995,0.203677,9.000,6.000,1.000,9.000,5.000,0.000,0.000,-6.840,-18.240,0.000,-9.120,-20.520
13998,0.198976,6.000,6.000,0.000,7.000,6.000,1.000,-6.840,-6.840,-20.520,-4.560,-6.840,-18.240
13999,0.204606,8.000,6.000,0.000,7.000,6.000,1.000,-2.280,-6.840,-20.520,-4.560,-6.840,-18.240
14001,0.207533,8.000,6.000,0.000,8.000,5.000,1.000,-2.280,-6.840,-20.520,-2.280,-9.120,-18.240
14002,0.207386,8.000,4.000,0.000,8.000,5.000,1.000,-2.280,-11.400,-20.520,-2.280,-9.120,-18.240
14008,0.200908,6.000,6.000,0.000,7.000,5.000,0.000,-6.840,-6.840,-20.520,-4.560,-9.120,-20.520
14009,0.201544,8.000,6.000,0.000,7.000,5.000,0.000,-2.280,-6.840,-20.520,-4.560,-9.120,-20.520
14010,0.201193,8.000,4.000,0.000,7.000,5.000,0.000,-2.280,-11.400,-20.520,-4.560,-9.120,-20.520
14011,0.208412,6.000,4.000,0.000,7.000,5.000,0.000,-6.840,-11.400,-20.520,-4.560,-9.120,-20.520
14014,0.206947,8.000,5.000,1.000,7.000,5.000,0.000,-2.280,-9.120,-18.240,-4.560,-9.120,-20.520
14017,0.206104,6.000,5.000,1.000,7.000,5.000,0.000,-6.840,-9.120,-18.240,-4.560,-9.120,-20.520
14022,0.207731,7.000,4.000,1.000,7.000,5.000,0.000,-4.560,-11.400,-18.240,-4.560,-9.120,-20.520
14023,0.206728,7.000,6.000,1.000,7.000,5.000,0.000,-4.560,-6.840,-18.240,-4.560,-9.120,-20.520
14026,0.191892,4.000,6.000,0.000,5.000,6.000,1.000,-11.400,-6.840,-20.520,-9.120,-6.840,-18.240
14027,0.195905,6.000,6.000,0.000,5.000,6.000,1.000,-6.840,-6.840,-20.520,-9.120,-6.840,-18.240
14029,0.207717,6.000,6.000,0.000,6.000,5.000,1.000,-6.840,-6.840,-20.520,-6.840,-9.120,-18.240
14030,0.207487,6.000,4.000,0.000,6.000,5.000,1.000,-6.840,-11.400,-20.520,-6.840,-9.120,-18.240
14036,0.201444,4.000,6.000,0.000,5.000,5.000,0.000,-11.400,-6.840,-20.520,-9.120,-9.120,-20.520
14037,0.199709,6.000,6.000,0.000,5.000,5.000,0.000,-6.840,-6.840,-20.520,-9.120,-9.120,-20.520
14038,0.203294,6.000,4.000,0.000,5.000,5.000,0.000,-6.840,-11.400,-20.520,-9.120,-9.120,-20.520
14039,0.200901,4.000,4.000,0.000,5.000,5.000,0.000,-11.400,-11.400,-20.520,-9.120,-9.120,-20.520
14042,0.207519,6.000,5.000,1.000,5.000,5.000,0.000,-6.840,-9.120,-18.240,-9.120,-9.120,-20.520
14045,0.206804,4.000,5.000,1.000,5.000,5.000,0.000,-11.400,-9.120,-18.240,-9.120,-9.120,-20.520
14050,0.208951,5.000,4.000,1.000,5.000,5.000,0.000,-9.120,-11.400,-18.240,-9.120,-9.120,-20.520
14051,0.209149,5.000,6.000,1.000,5.000,5.000,0.000,-9.120,-6.840,-18.240,-9.120,-9.120,-20.520
14054,0.201053,2.000,6.000,0.000,3.000,6.000,1.000,-15.960,-6.840,-20.520,-13.680,-6.840,-18.240
14055,0.203568,4.000,6.000,0.000,3.000,6.000,1.000,-11.400,-6.840,-20.520,-13.680,-6.840,-18.240
14057,0.204089,4.000,6.000,0.000,4.000,5.000,1.000,-11.400,-6.840,-20.520,-11.400,-9.120,-18.240
14058,0.211543,4.000,4.000,0.000,4.000,5.000,1.000,-11.400,-11.400,-20.520,-11.400,-9.120,-18.240
14064,0.200819,2.000,6.000,0.000,3.000,5.000,0.000,-15.960,-6.840,-20.520,-13.680,-9.120,-20.520
14065,0.209215,4.000,6.000,0.000,3.000,5.000,0.000,-11.400,-6.840,-20.520,-13.680,-9.120,-20.520
14066,0.200561,4.000,4.000,0.000,3.000,5.000,0.000,-11.400,-11.400,-20.520,-13.680,-9.120,-20.520
14067,0.208363,2.000,4.000,0.000,3.000,5.000,0.000,-15.960,-11.400,-20.520,-13.680,-9.120,-20.520
14070,0.202669,4.000,5.000,1.000,3.000,5.000,0.000,-11.400,-9.120,-18.240,-13.680,-9.120,-20.520
14073,0.207027,2.000,5.000,1.000,3.000,5.000,0.000,-15.960,-9.120,-18.240,-13.680,-9.120,-20.520
14074,0.199905,2.000,5.000,1.000,3.000,4.000,1.000,-15.960,-9.120,-18.240,-13.680,-11.400,-18.240
14078,0.207751,3.000,4.000,1.000,3.000,5.000,0.000,-13.680,-11.400,-18.240,-13.680,-9.120,-20.520
14079,0.207642,3.000,6.000,1.000,3.000,5.000,0.000,-13.680,-6.840,-18.240,-13.680,-9.120,-20.520
14082,0.203869,0.000,6.000,0.000,1.000,6.000,1.000,-20.520,-6.840,-20.520,-18.240,-6.840,-18.240
14083,0.200036,2.000,6.000,0.000,1.000,6.000,1.000,-15.960,-6.840,-20.520,-18.240,-6.840,-18.240
14085,0.208097,2.000,6.000,0.000,2.000,5.000,1.000,-15.960,-6.840,-20.520,-15.960,-9.120,-18.240
14086,0.214902,2.000,4.000,0.000,2.000,5.000,1.000,-15.960,-11.400,-20.520,-15.960,-9.120,-18.240
14089,0.207422,0.000,6.000,0.000,0.000,5.000,1.000,-20.520,-6.840,-20.520,-20.520,-9.120,-18.240
14091,0.206744,0.000,4.000,0.000,0.000,5.000,1.000,-20.520,-11.400,-20.520,-20.520,-9.120,-18.240
14096,0.207814,0.000,6.000,0.000,1.000,5.000,0.000,-20.520,-6.840,-20.520,-18.240,-9.120,-20.520
14097,0.198138,2.000,6.000,0.000,1.000,5.000,0.000,-15.960,-6.840,-20.520,-18.240,-9.120,-20.520
14098,0.206818,2.000,4.000,0.000,1.000,5.000,0.000,-15.960,-11.400,-20.520,-18.240,-9.120,-20.520
14099,0.198444,0.000,4.000,0.000,1.000,5.000,0.000,-20.520,-11.400,-20.520,-18.240,-9.120,-20.520
14102,0.208660,2.000,5.000,1.000,1.000,5.000,0.000,-15.960,-9.120,-18.240,-18.240,-9.120,-20.520
14104,0.202525,0.000,5.000,1.000,1.000,6.000,1.000,-20.520,-9.120,-18.240,-18.240,-6.840,-18.240
14105,0.207649,0.000,5.000,1.000,1.000,5.000,0.000,-20.520,-9.120,-18.240,-18.240,-9.120,-20.520
14110,0.205569,1.000,4.000,1.000,1.000,5.000,0.000,-18.240,-11.400,-18.240,-18.240,-9.120,-20.520
14111,0.210134,1.000,6.000,1.000,1.000,5.000,0.000,-18.240,-6.840,-18.240,-18.240,-9.120,-20.520
14119,1.183084,18.000,2.000,18.000,18.000,3.000,17.000,20.520,-15.960,20.520,20.520,-13.680,18.240
14210,1.186010,8.000,4.000,16.000,9.000,4.000,17.000,-2.280,-11.400,15.960,0.000,-11.400,18.240
14292,0.205395,3.000,2.000,17.000,4.000,3.000,17.000,-13.680,-15.960,18.240,-11.400,-13.680,18.240
14295,0.201369,4.000,3.000,17.000,3.000,3.000,18.000,-11.400,-13.680,18.240,-13.680,-13.680,20.520
14296,1.183410,2.000,3.000,17.000,3.000,4.000,17.000,-15.960,-13.680,18.240,-13.680,-11.400,18.240
14297,1.185849,2.000,3.000,17.000,3.000,3.000,16.000,-15.960,-13.680,18.240,-13.680,-13.680,15.960
14487,0.204058,4.000,2.000,16.000,5.000,3.000,16.000,-11.400,-15.960,15.960,-9.120,-13.680,15.960
14488,0.200895,5.000,2.000,15.000,6.000,3.000,15.000,-9.120,-15.960,13.680,-6.840,-13.680,13.680
14576,1.187055,16.000,4.000,14.000,15.000,4.000,13.000,15.960,-11.400,11.400,13.680,-11.400,9.120
14625,1.185125,10.000,4.000,14.000,11.000,4.000,13.000,2.280,-11.400,11.400,4.560,-11.400,9.120
14634,0.204017,12.000,2.000,14.000,11.000,3.000,14.000,6.840,-15.960,11.400,4.560,-13.680,11.400
14637,1.183191,12.000,3.000,13.000,11.000,4.000,13.000,6.840,-13.680,9.120,4.560,-11.400,9.120
14885,0.201491,8.000,3.000,11.000,9.000,3.000,10.000,-2.280,-13.680,4.560,0.000,-13.680,2.280
14893,0.196629,6.000,4.000,12.000,7.000,4.000,11.000,-6.840,-11.400,6.840,-4.560,-11.400,4.560
14927,0.202742,4.000,2.000,12.000,5.000,3.000,12.000,-11.400,-15.960,6.840,-9.120,-13.680,6.840
15079,0.206344,12.000,3.000,9.000,11.000,3.000,10.000,6.840,-13.680,0.000,4.560,-13.680,2.280
15105,0.207637,8.000,3.000,9.000,9.000,3.000,8.000,-2.280,-13.680,0.000,0.000,-13.680,-2.280
15122,0.202644,8.000,2.000,10.000,7.000,3.000,10.000,-2.280,-15.960,2.280,-4.560,-13.680,2.280
15294,0.206906,12.000,2.000,8.000,11.000,3.000,8.000,6.840,-15.960,-2.280,4.560,-13.680,-2.280
15386,1.187727,4.000,2.000,6.000,4.000,3.000,7.000,-11.400,-15.960,-6.840,-11.400,-13.680,-4.560
15629,1.182369,2.000,4.000,4.000,2.000,3.000,5.000,-15.960,-11.400,-11.400,-15.960,-13.680,-9.120
15660,0.202075,18.000,4.000,4.000,17.000,3.000,4.000,20.520,-11.400,-11.400,18.240,-13.680,-11.400
15689,0.198660,16.000,3.000,3.000,15.000,4.000,3.000,15.960,-13.680,-13.680,13.680,-11.400,-13.680
15712,1.178715,13.000,2.000,3.000,14.000,3.000,3.000,9.120,-15.960,-13.680,11.400,-13.680,-13.680
15759,0.204940,8.000,2.000,4.000,9.000,3.000,4.000,-2.280,-15.960,-11.400,0.000,-13.680,-11.400
15874,0.200294,16.000,4.000,0.000,17.000,4.000,1.000,15.960,-11.400,-20.520,18.240,-11.400,-18.240
15875,0.205087,18.000,4.000,0.000,17.000,4.000,1.000,20.520,-11.400,-20.520,18.240,-11.400,-18.240
15877,0.207119,18.000,4.000,0.000,18.000,3.000,1.000,20.520,-11.400,-20.520,20.520,-13.680,-18.240
15878,0.204948,18.000,2.000,0.000,18.000,3.000,1.000,20.520,-15.960,-20.520,20.520,-13.680,-18.240
15884,0.207988,16.000,4.000,0.000,17.000,3.000,0.000,15.960,-11.400,-20.520,18.240,-13.680,-20.520
15885,0.201464,18.000,4.000,0.000,17.000,3.000,0.000,20.520,-11.400,-20.520,18.240,-13.680,-20.520
15886,0.211203,18.000,2.000,0.000,17.000,3.000,0.000,20.520,-15.960,-20.520,18.240,-13.680,-20.520
15887,0.203028,16.000,2.000,0.000,17.000,3.000,0.000,15.960,-15.960,-20.520,18.240,-13.680,-20.520
15890,0.199012,18.000,3.000,1.000,17.000,3.000,0.000,20.520,-13.680,-18.240,18.240,-13.680,-20.520
15893,0.202281,16.000,3.000,1.000,17.000,3.000,0.000,15.960,-13.680,-18.240,18.240,-13.680,-20.520
15898,0.206965,17.000,2.000,1.000,17.000,3.000,0.000,18.240,-15.960,-18.240,18.240,-13.680,-20.520
15899,0.212798,17.000,4.000,1.000,17.000,3.000,0.000,18.240,-11.400,-18.240,18.240,-13.680,-20.520
15902,0.202456,14.000,4.000,0.000,15.000,4.000,1.000,11.400,-11.400,-20.520,13.680,-11.400,-18.240
15903,0.201959,16.000,4.000,0.000,15.000,4.000,1.000,15.960,-11.400,-20.520,13.680,-11.400,-18.240
15905,0.208349,16.000,4.000,0.000,16.000,3.000,1.000,15.960,-11.400,-20.520,15.960,-13.680,-18.240
15906,0.199119,16.000,2.000,0.000,16.000,3.000,1.000,15.960,-15.960,-20.520,15.960,-13.680,-18.240
15912,0.201249,14.000,4.000,0.000,15.000,3.000,0.000,11.400,-11.400,-20.520,13.680,-13.680,-20.520
15913,0.198172,16.000,4.000,0.000,15.000,3.000,0.000,15.960,-11.400,-20.520,13.680,-13.680,-20.520
15914,0.200644,16.000,2.000,0.000,15.000,3.000,0.000,15.960,-15.960,-20.520,13.680,-13.680,-20.520
15915,0.198285,14.000,2.000,0.000,15.000,3.000,0.000,11.400,-15.960,-20.520,13.680,-13.680,-20.520
15918,0.201976,16.000,3.000,1.000,15.000,3.000,0.000,15.960,-13.680,-18.240,13.680,-13.680,-20.520
15921,0.205652,14.000,3.000,1.000,15.000,3.000,0.000,11.400,-13.680,-18.240,13.680,-13.680,-20.520
15926,0.204926,15.000,2.000,1.000,15.000,3.000,0.000,13.680,-15.960,-18.240,13.680,-13.680,-20.520
15927,0.196491,15.000,4.000,1.000,15.000,3.000,0.000,13.680,-11.400,-18.240,13.680,-13.680,-20.520
15930,0.205090,12.000,4.000,0.000,13.000,4.000,1.000,6.840,-11.400,-20.520,9.120,-11.400,-18.240
15931,0.205605,14.000,4.000,0.000,13.000,4.000,1.000,11.400,-11.400,-20.520,9.120,-11.400,-18.240
15933,0.197108,14.000,4.000,0.000,14.000,3.000,1.000,11.400,-11.400,-20.520,11.400,-13.680,-18.240
15934,0.209756,14.000,2.000,0.000,14.000,3.000,1.000,11.400,-15.960,-20.520,11.400,-13.680,-18.240
15939,1.178774,12.000,2.000,2.000,13.000,3.000,2.000,6.840,-15.960,-15.960,9.120,-13.680,-15.960
15940,0.202840,12.000,4.000,0.000,13.000,3.000,0.000,6.840,-11.400,-20.520,9.120,-13.680,-20.520
15941,0.203028,14.000,4.000,0.000,13.000,3.000,0.000,11.400,-11.400,-20.520,9.120,-13.680,-20.520
15942,0.202572,14.000,2.000,0.000,13.000,3.000,0.000,11.400,-15.960,-20.520,9.120,-13.680,-20.520
15943,0.203114,12.000,2.000,0.000,13.000,3.000,0.000,6.840,-15.960,-20.520,9.120,-13.680,-20.520
15946,0.199397,14.000,3.000,1.000,13.000,3.000,0.000,11.400,-13.680,-18.240,9.120,-13.680,-20.520
15949,0.205573,12.000,3.000,1.000,13.000,3.000,0.000,6.840,-13.680,-18.240,9.120,-13.680,-20.520
15954,0.208625,13.000,2.000,1.000,13.000,3.000,0.000,9.120,-15.960,-18.240,9.120,-13.680,-20.520
15955,0.210260,13.000,4.000,1.000,13.000,3.000,0.000,9.120,-11.400,-18.240,9.120,-13.680,-20.520
15958,0.202132,10.000,4.000,0.000,11.000,4.000,1.000,2.280,-11.400,-20.520,4.560,-11.400,-18.240
15959,0.206162,12.000,4.000,0.000,11.000,4.000,1.000,6.840,-11.400,-20.520,4.560,-11.400,-18.240
15961,0.208653,12.000,4.000,0.000,12.000,3.000,1.000,6.840,-11.400,-20.520,6.840,-13.680,-18.240
15962,0.208705,12.000,2.000,0.000,12.000,3.000,1.000,6.840,-15.960,-20.520,6.840,-13.680,-18.240
15968,0.205320,10.000,4.000,0.000,11.000,3.000,0.000,2.280,-11.400,-20.520,4.560,-13.680,-20.520
15969,0.203041,12.000,4.000,0.000,11.000,3.000,0.000,6.840,-11.400,-20.520,4.560,-13.680,-20.520
15970,0.204014,12.000,2.000,0.000,11.000,3.000,0.000,6.840,-15.960,-20.520,4.560,-13.680,-20.520
15971,0.202404,10.000,2.000,0.000,11.000,3.000,0.000,2.280,-15.960,-20.520,4.560,-13.680,-20.520
15974,0.197235,12.000,3.000,1.000,11.000,3.000,0.000,6.840,-13.680,-18.240,4.560,-13.680,-20.520
15977,0.200624,10.000,3.000,1.000,11.000,3.000,0.000,2.280,-13.680,-18.240,4.560,-13.680,-20.520
15982,0.208143,11.000,2.000,1.000,11.000,3.000,0.000,4.560,-15.960,-18.240,4.560,-13.680,-20.520
15983,0.206818,11.000,4.000,1.000,11.000,3.000,0.000,4.560,-11.400,-18.240,4.560,-13.680,-20.520
15986,0.205807,8.000,4.000,0.000,9.000,4.000,1.000,-2.280,-11.400,-20.520,0.000,-11.400,-18.240
15987,0.207468,10.000,4.000,0.000,9.000,4.000,1.000,2.280,-11.400,-20.520,0.000,-11.400,-18.240
15989,0.209380,10.000,4.000,0.000,10.000,3.000,1.000,2.280,-11.400,-20.520,2.280,-13.680,-18.240
15990,0.205389,10.000,2.000,0.000,10.000,3.000,1.000,2.280,-15.960,-20.520,2.280,-13.680,-18.240
15992,0.200474,10.000,4.000,2.000,9.000,3.000,2.000,2.280,-11.400,-15.960,0.000,-13.680,-15.960
15996,0.201801,8.000,4.000,0.000,9.000,3.000,0.000,-2.280,-11.400,-20.520,0.000,-13.680,-20.520
15997,0.202394,10.000,4.000,0.000,9.000,3.000,0.000,2.280,-11.400,-20.520,0.000,-13.680,-20.520
15998,0.201686,10.000,2.000,0.000,9.000,3.000,0.000,2.280,-15.960,-20.520,0.000,-13.680,-20.520
15999,0.201979,8.000,2.000,0.000,9.000,3.000,0.000,-2.280,-15.960,-20.520,0.000,-13.680,-20.520
16002,0.196550,10.000,3.000,1.000,9.000,3.000,0.000,2.280,-13.680,-18.240,0.000,-13.680,-20.520
16005,0.199846,8.000,3.000,1.000,9.000,3.000,0.000,-2.280,-13.680,-18.240,0.000,-13.680,-20.520
16010,0.206702,9.000,2.000,1.000,9.000,3.000,0.000,0.000,-15.960,-18.240,0.000,-13.680,-20.520
16011,0.202735,9.000,4.000,1.000,9.000,3.000,0.000,0.000,-11.400,-18.240,0.000,-13.680,-20.520
16014,0.206001,6.000,4.000,0.000,7.000,4.000,1.000,-6.840,-11.400,-20.520,-4.560,-11.400,-18.240
16015,0.207445,8.000,4.000,0.000,7.000,4.000,1.000,-2.280,-11.400,-20.520,-4.560,-11.400,-18.240
16017,0.209927,8.000,4.000,0.000,8.000,3.000,1.000,-2.280,-11.400,-20.520,-2.280,-13.680,-18.240
16018,0.208708,8.000,2.000,0.000,8.000,3.000,1.000,-2.280,-15.960,-20.520,-2.280,-13.680,-18.240
16024,0.202711,6.000,4.000,0.000,7.000,3.000,0.000,-6.840,-11.400,-20.520,-4.560,-13.680,-20.520
16025,0.204815,8.000,4.000,0.000,7.000,3.000,0.000,-2.280,-11.400,-20.520,-4.560,-13.680,-20.520
16026,0.201872,8.000,2.000,0.000,7.000,3.000,0.000,-2.280,-15.960,-20.520,-4.560,-13.680,-20.520
16027,0.203916,6.000,2.000,0.000,7.000,3.000,0.000,-6.840,-15.960,-20.520,-4.560,-13.680,-20.520
16030,0.202814,8.000,3.000,1.000,7.000,3.000,0.000,-2.280,-13.680,-18.240,-4.560,-13.680,-20.520
16033,0.205513,6.000,3.000,1.000,7.000,3.000,0.000,-6.840,-13.680,-18.240,-4.560,-13.680,-20.520
16038,0.204313,7.000,2.000,1.000,7.000,3.000,0.000,-4.560,-15.960,-18.240,-4.560,-13.680,-20.520
16039,0.209439,7.000,4.000,1.000,7.000,3.000,0.000,-4.560,-11.400,-18.240,-4.560,-13.680,-20.520
16042,0.200900,4.000,4.000,0.000,5.000,4.000,1.000,-11.400,-11.400,-20.520,-9.120,-11.400,-18.240
16043,0.206750,6.000,4.000,0.000,5.000,4.000,1.000,-6.840,-11.400,-20.520,-9.120,-11.400,-18.240
16045,0.205485,6.000,4.000,0.000,6.000,3.000,1.000,-6.840,-11.400,-20.520,-6.840,-13.680,-18.240
16046,0.206970,6.000,2.000,0.000,6.000,3.000,1.000,-6.840,-15.960,-20.520,-6.840,-13.680,-18.240
16052,0.199541,4.000,4.000,0.000,5.000,3.000,0.000,-11.400,-11.400,-20.520,-9.120,-13.680,-20.520
16053,0.208233,6.000,4.000,0.000,5.000,3.000,0.000,-6.840,-11.400,-20.520,-9.120,-13.680,-20.520
16054,0.204088,6.000,2.000,0.000,5.000,3.000,0.000,-6.840,-15.960,-20.520,-9.120,-13.680,-20.520
16055,0.204103,4.000,2.000,0.000,5.000,3.000,0.000,-11.400,-15.960,-20.520,-9.120,-13.680,-20.520
16058,0.202068,6.000,3.000,1.000,5.000,3.000,0.000,-6.840,-13.680,-18.240,-9.120,-13.680,-20.520
16061,0.206736,4.000,3.000,1.000,5.000,3.000,0.000,-11.400,-13.680,-18.240,-9.120,-13.680,-20.520
16066,0.205960,5.000,2.000,1.000,5.000,3.000,0.000,-9.120,-15.960,-18.240,-9.120,-13.680,-20.520
16067,0.209964,5.000,4.000,1.000,5.000,3.000,0.000,-9.120,-11.400,-18.240,-9.120,-13.680,-20.520
16070,0.199579,2.000,4.000,0.000,3.000,4.000,1.000,-15.960,-11.400,-20.520,-13.680,-11.400,-18.240
16071,0.204731,4.000,4.000,0.000,3.000,4.000,1.000,-11.400,-11.400,-20.520,-13.680,-11.400,-18.240
16073,0.209645,4.000,4.000,0.000,4.000,3.000,1.000,-11.400,-11.400,-20.520,-11.400,-13.680,-18.240
16074,0.203362,4.000,2.000,0.000,4.000,3.000,1.000,-11.400,-15.960,-20.520,-11.400,-13.680,-18.240
16080,0.205456,2.000,4.000,0.000,3.000,3.000,0.000,-15.960,-11.400,-20.520,-13.680,-13.680,-20.520
16081,0.194633,4.000,4.000,0.000,3.000,3.000,0.000,-11.400,-11.400,-20.520,-13.680,-13.680,-20.520
16082,0.207953,4.000,2.000,0.000,3.000,3.000,0.000,-11.400,-15.960,-20.520,-13.680,-13.680,-20.520
16083,0.209548,2.000,2.000,0.000,3.000,3.000,0.000,-15.960,-15.960,-20.520,-13.680,-13.680,-20.520
16086,0.203579,4.000,3.000,1.000,3.000,3.000,0.000,-11.400,-13.680,-18.240,-13.680,-13.680,-20.520
16089,0.209233,2.000,3.000,1.000,3.000,3.000,0.000,-15.960,-13.680,-18.240,-13.680,-13.680,-20.520
16094,0.204737,3.000,2.000,1.000,3.000,3.000,0.000,-13.680,-15.960,-18.240,-13.680,-13.680,-20.520
16095,0.205886,3.000,4.000,1.000,3.000,3.000,0.000,-13.680,-11.400,-18.240,-13.680,-13.680,-20.520
16098,0.199721,0.000,4.000,0.000,1.000,4.000,1.000,-20.520,-11.400,-20.520,-18.240,-11.400,-18.240
16099,0.202242,2.000,4.000,0.000,1.000,4.000,1.000,-15.960,-11.400,-20.520,-18.240,-11.400,-18.240
16101,0.206289,2.000,4.000,0.000,2.000,3.000,1.000,-15.960,-11.400,-20.520,-15.960,-13.680,-18.240
16102,0.207322,2.000,2.000,0.000,2.000,3.000,1.000,-15.960,-15.960,-20.520,-15.960,-13.680,-18.240
16105,0.211880,0.000,4.000,0.000,0.000,3.000,1.000,-20.520,-11.400,-20.520,-20.520,-13.680,-18.240
16107,0.210259,0.000,2.000,0.000,0.000,3.000,1.000,-20.520,-15.960,-20.520,-20.520,-13.680,-18.240
16112,0.201805,0.000,4.000,0.000,1.000,3.000,0.000,-20.520,-11.400,-20.520,-18.240,-13.680,-20.520
16113,0.206575,2.000,4.000,0.000,1.000,3.000,0.000,-15.960,-11.400,-20.520,-18.240,-13.680,-20.520
16114,0.210412,2.000,2.000,0.000,1.000,3.000,0.000,-15.960,-15.960,-20.520,-18.240,-13.680,-20.520
16115,0.203279,0.000,2.000,0.000,1.000,3.000,0.000,-20.520,-15.960,-20.520,-18.240,-13.680,-20.520
16118,0.198436,2.000,3.000,1.000,1.000,3.000,0.000,-15.960,-13.680,-18.240,-18.240,-13.680,-20.520
16121,0.203076,0.000,3.000,1.000,1.000,3.000,0.000,-20.520,-13.680,-18.240,-18.240,-13.680,-20.520
16126,0.207805,1.000,2.000,1.000,1.000,3.000,0.000,-18.240,-15.960,-18.240,-18.240,-13.680,-20.520
16127,0.209486,1.000,4.000,1.000,1.000,3.000,0.000,-18.240,-11.400,-18.240,-18.240,-13.680,-20.520
16624,0.205951,2.000,2.000,16.000,1.000,1.000,16.000,-15.960,-15.960,15.960,-18.240,-18.240,15.960
16714,0.208568,14.000,1.000,13.000,13.000,1.000,12.000,11.400,-18.240,9.120,9.120,-18.240,6.840
16820,1.183965,6.000,2.000,14.000,5.000,1.000,14.000,-6.840,-15.960,11.400,-9.120,-18.240,11.400
17007,1.186945,11.000,2.000,11.000,11.000,1.000,10.000,4.560,-15.960,4.560,4.560,-18.240,2.280
17107,0.205548,2.000,0.000,12.000,3.000,1.000,12.000,-15.960,-20.520,6.840,-13.680,-18.240,6.840
17108,0.203204,3.000,0.000,11.000,4.000,1.000,11.000,-13.680,-20.520,4.560,-11.400,-18.240,4.560
17248,0.201345,12.000,2.000,10.000,11.000,1.000,10.000,6.840,-15.960,2.280,4.560,-18.240,2.280
17533,0.201730,8.000,2.000,8.000,9.000,1.000,8.000,-2.280,-15.960,-2.280,0.000,-18.240,-2.280
17562,1.186417,8.000,0.000,8.000,7.000,1.000,8.000,-2.280,-20.520,-2.280,-4.560,-18.240,-2.280
17607,1.185930,4.000,2.000,6.000,3.000,2.000,7.000,-11.400,-15.960,-6.840,-13.680,-15.960,-4.560
17855,1.186498,5.000,2.000,5.000,5.000,1.000,6.000,-9.120,-15.960,-9.120,-9.120,-18.240,-6.840
17902,0.206674,0.000,0.000,6.000,0.000,1.000,5.000,-20.520,-20.520,-6.840,-20.520,-18.240,-9.120
18158,0.199806,0.000,0.000,4.000,0.000,1.000,3.000,-20.520,-20.520,-11.400,-20.520,-18.240,-13.680
18178,0.203346,16.000,2.000,0.000,17.000,2.000,1.000,15.960,-15.960,-20.520,18.240,-15.960,-18.240
18179,0.210381,18.000,2.000,0.000,17.000,2.000,1.000,20.520,-15.960,-20.520,18.240,-15.960,-18.240
18180,0.203057,18.000,0.000,0.000,17.000,0.000,1.000,20.520,-20.520,-20.520,18.240,-20.520,-18.240
18185,0.206051,18.000,2.000,0.000,18.000,1.000,1.000,20.520,-15.960,-20.520,20.520,-18.240,-18.240
18186,0.212350,18.000,0.000,0.000,18.000,1.000,1.000,20.520,-20.520,-20.520,20.520,-18.240,-18.240
18192,0.196923,16.000,2.000,0.000,17.000,1.000,0.000,15.960,-15.960,-20.520,18.240,-18.240,-20.520
18193,0.198820,18.000,2.000,0.000,17.000,1.000,0.000,20.520,-15.960,-20.520,18.240,-18.240,-20.520
18194,0.201088,18.000,0.000,0.000,17.000,1.000,0.000,20.520,-20.520,-20.520,18.240,-18.240,-20.520
18195,0.200656,16.000,0.000,0.000,17.000,1.000,0.000,15.960,-20.520,-20.520,18.240,-18.240,-20.520
18198,0.203655,18.000,1.000,1.000,17.000,1.000,0.000,20.520,-18.240,-18.240,18.240,-18.240,-20.520
18200,1.184597,16.000,1.000,1.000,17.000,2.000,1.000,15.960,-18.240,-18.240,18.240,-15.960,-18.240
18201,0.202257,16.000,1.000,1.000,17.000,1.000,0.000,15.960,-18.240,-18.240,18.240,-18.240,-20.520
18206,0.213126,17.000,0.000,1.000,17.000,1.000,0.000,18.240,-20.520,-18.240,18.240,-18.240,-20.520
18207,0.201304,17.000,2.000,1.000,17.000,1.000,0.000,18.240,-15.960,-18.240,18.240,-18.240,-20.520
18210,0.202931,14.000,2.000,0.000,15.000,2.000,1.000,11.400,-15.960,-20.520,13.680,-15.960,-18.240
18211,0.200445,16.000,2.000,0.000,15.000,2.000,1.000,15.960,-15.960,-20.520,13.680,-15.960,-18.240
18217,0.206017,16.000,2.000,0.000,16.000,1.000,1.000,15.960,-15.960,-20.520,15.960,-18.240,-18.240
18218,0.212138,16.000,0.000,0.000,16.000,1.000,1.000,15.960,-20.520,-20.520,15.960,-18.240,-18.240
18224,0.205338,14.000,2.000,0.000,15.000,1.000,0.000,11.400,-15.960,-20.520,13.680,-18.240,-20.520
18225,0.209562,16.000,2.000,0.000,15.000,1.000,0.000,15.960,-15.960,-20.520,13.680,-18.240,-20.520
18226,0.202199,16.000,0.000,0.000,15.000,1.000,0.000,15.960,-20.520,-20.520,13.680,-18.240,-20.520
18227,0.204196,14.000,0.000,0.000,15.000,1.000,0.000,11.400,-20.520,-20.520,13.680,-18.240,-20.520
18230,0.203845,16.000,1.000,1.000,15.000,1.000,0.000,15.960,-18.240,-18.240,13.680,-18.240,-20.520
18233,0.202600,14.000,1.000,1.000,15.000,1.000,0.000,11.400,-18.240,-18.240,13.680,-18.240,-20.520
18238,0.197923,15.000,0.000,1.000,15.000,1.000,0.000,13.680,-20.520,-18.240,13.680,-18.240,-20.520
18239,0.205400,15.000,2.000,1.000,15.000,1.000,0.000,13.680,-15.960,-18.240,13.680,-18.240,-20.520
18242,0.196566,12.000,2.000,0.000,13.000,2.000,1.000,6.840,-15.960,-20.520,9.120,-15.960,-18.240
18243,0.206543,14.000,2.000,0.000,13.000,2.000,1.000,11.400,-15.960,-20.520,9.120,-15.960,-18.240
18249,0.206019,14.000,2.000,0.000,14.000,1.000,1.000,11.400,-15.960,-20.520,11.400,-18.240,-18.240
18250,0.209115,14.000,0.000,0.000,14.000,1.000,1.000,11.400,-20.520,-20.520,11.400,-18.240,-18.240
18252,0.203061,14.000,2.000,2.000,13.000,1.000,2.000,11.400,-15.960,-15.960,9.120,-18.240,-15.960
18256,0.205156,12.000,2.000,0.000,13.000,1.000,0.000,6.840,-15.960,-20.520,9.120,-18.240,-20.520
18257,0.198805,14.000,2.000,0.000,13.000,1.000,0.000,11.400,-15.960,-20.520,9.120,-18.240,-20.520
18258,0.202935,14.000,0.000,0.000,13.000,1.000,0.000,11.400,-20.520,-20.520,9.120,-18.240,-20.520
18259,0.199341,12.000,0.000,0.000,13.000,1.000,0.000,6.840,-20.520,-20.520,9.120,-18.240,-20.520
18262,0.202768,14.000,1.000,1.000,13.000,1.000,0.000,11.400,-18.240,-18.240,9.120,-18.240,-20.520
18265,0.199557,12.000,1.000,1.000,13.000,1.000,0.000,6.840,-18.240,-18.240,9.120,-18.240,-20.520
18270,0.212468,13.000,0.000,1.000,13.000,1.000,0.000,9.120,-20.520,-18.240,9.120,-18.240,-20.520
18271,0.205446,13.000,2.000,1.000,13.000,1.000,0.000,9.120,-15.960,-18.240,9.120,-18.240,-20.520
18274,0.197820,10.000,2.000,0.000,11.000,2.000,1.000,2.280,-15.960,-20.520,4.560,-15.960,-18.240
18275,0.201675,12.000,2.000,0.000,11.000,2.000,1.000,6.840,-15.960,-20.520,4.560,-15.960,-18.240
18281,0.204461,12.000,2.000,0.000,12.000,1.000,1.000,6.840,-15.960,-20.520,6.840,-18.240,-18.240
18282,0.205559,12.000,0.000,0.000,12.000,1.000,1.000,6.840,-20.520,-20.520,6.840,-18.240,-18.240
18288,0.200747,10.000,2.000,0.000,11.000,1.000,0.000,2.280,-15.960,-20.520,4.560,-18.240,-20.520
18289,0.202637,12.000,2.000,0.000,11.000,1.000,0.000,6.840,-15.960,-20.520,4.560,-18.240,-20.520
18290,0.202804,12.000,0.000,0.000,11.000,1.000,0.000,6.840,-20.520,-20.520,4.560,-18.240,-20.520
18291,0.201992,10.000,0.000,0.000,11.000,1.000,0.000,2.280,-20.520,-20.520,4.560,-18.240,-20.520
18294,0.200119,12.000,1.000,1.000,11.000,1.000,0.000,6.840,-18.240,-18.240,4.560,-18.240,-20.520
18297,0.201857,10.000,1.000,1.000,11.000,1.000,0.000,2.280,-18.240,-18.240,4.560,-18.240,-20.520
18302,0.209432,11.000,0.000,1.000,11.000,1.000,0.000,4.560,-20.520,-18.240,4.560,-18.240,-20.520
18303,0.204520,11.000,2.000,1.000,11.000,1.000,0.000,4.560,-15.960,-18.240,4.560,-18.240,-20.520
18306,0.202404,8.000,2.000,0.000,9.000,2.000,1.000,-2.280,-15.960,-20.520,0.000,-15.960,-18.240
18307,0.201404,10.000,2.000,0.000,9.000,2.000,1.000,2.280,-15.960,-20.520,0.000,-15.960,-18.240
18313,0.198243,10.000,2.000,0.000,10.000,1.000,1.000,2.280,-15.960,-20.520,2.280,-18.240,-18.240
18314,0.202408,10.000,0.000,0.000,10.000,1.000,1.000,2.280,-20.520,-20.520,2.280,-18.240,-18.240
18320,0.202084,8.000,2.000,0.000,9.000,1.000,0.000,-2.280,-15.960,-20.520,0.000,-18.240,-20.520
18321,0.202165,10.000,2.000,0.000,9.000,1.000,0.000,2.280,-15.960,-20.520,0.000,-18.240,-20.520
18322,0.201864,10.000,0.000,0.000,9.000,1.000,0.000,2.280,-20.520,-20.520,0.000,-18.240,-20.520
18323,0.202171,8.000,0.000,0.000,9.000,1.000,0.000,-2.280,-20.520,-20.520,0.000,-18.240,-20.520
18326,0.201718,10.000,1.000,1.000,9.000,1.000,0.000,2.280,-18.240,-18.240,0.000,-18.240,-20.520
18329,0.201908,8.000,1.000,1.000,9.000,1.000,0.000,-2.280,-18.240,-18.240,0.000,-18.240,-20.520
18334,0.209949,9.000,0.000,1.000,9.000,1.000,0.000,0.000,-20.520,-18.240,0.000,-18.240,-20.520
18335,0.202897,9.000,2.000,1.000,9.000,1.000,0.000,0.000,-15.960,-18.240,0.000,-18.240,-20.520
18338,0.202348,6.000,2.000,0.000,7.000,2.000,1.000,-6.840,-15.960,-20.520,-4.560,-15.960,-18.240
18339,0.200670,8.000,2.000,0.000,7.000,2.000,1.000,-2.280,-15.960,-20.520,-4.560,-15.960,-18.240
18345,0.207854,8.000,2.000,0.000,8.000,1.000,1.000,-2.280,-15.960,-20.520,-2.280,-18.240,-18.240
18346,0.208105,8.000,0.000,0.000,8.000,1.000,1.000,-2.280,-20.520,-20.520,-2.280,-18.240,-18.240
18352,0.202862,6.000,2.000,0.000,7.000,1.000,0.000,-6.840,-15.960,-20.520,-4.560,-18.240,-20.520
18353,0.201965,8.000,2.000,0.000,7.000,1.000,0.000,-2.280,-15.960,-20.520,-4.560,-18.240,-20.520
18354,0.202033,8.000,0.000,0.000,7.000,1.000,0.000,-2.280,-20.520,-20.520,-4.560,-18.240,-20.520
18355,0.202533,6.000,0.000,0.000,7.000,1.000,0.000,-6.840,-20.520,-20.520,-4.560,-18.240,-20.520
18358,0.202238,8.000,1.000,1.000,7.000,1.000,0.000,-2.280,-18.240,-18.240,-4.560,-18.240,-20.520
18361,0.201202,6.000,1.000,1.000,7.000,1.000,0.000,-6.840,-18.240,-18.240,-4.560,-18.240,-20.520
18366,0.203601,7.000,0.000,1.000,7.000,1.000,0.000,-4.560,-20.520,-18.240,-4.560,-18.240,-20.520
18367,0.211190,7.000,2.000,1.000,7.000,1.000,0.000,-4.560,-15.960,-18.240,-4.560,-18.240,-20.520
18370,0.203363,4.000,2.000,0.000,5.000,2.000,1.000,-11.400,-15.960,-20.520,-9.120,-15.960,-18.240
18371,0.205342,6.000,2.000,0.000,5.000,2.000,1.000,-6.840,-15.960,-20.520,-9.120,-15.960,-18.240
18377,0.207123,6.000,2.000,0.000,6.000,1.000,1.000,-6.840,-15.960,-20.520,-6.840,-18.240,-18.240
18378,0.202406,6.000,0.000,0.000,6.000,1.000,1.000,-6.840,-20.520,-20.520,-6.840,-18.240,-18.240
18384,0.206568,4.000,2.000,0.000,5.000,1.000,0.000,-11.400,-15.960,-20.520,-9.120,-18.240,-20.520
18385,0.203412,6.000,2.000,0.000,5.000,1.000,0.000,-6.840,-15.960,-20.520,-9.120,-18.240,-20.520
18386,0.207270,6.000,0.000,0.000,5.000,1.000,0.000,-6.840,-20.520,-20.520,-9.120,-18.240,-20.520
18387,0.203306,4.000,0.000,0.000,5.000,1.000,0.000,-11.400,-20.520,-20.520,-9.120,-18.240,-20.520
18390,0.201583,6.000,1.000,1.000,5.000,1.000,0.000,-6.840,-18.240,-18.240,-9.120,-18.240,-20.520
18393,0.200343,4.000,1.000,1.000,5.000,1.000,0.000,-11.400,-18.240,-18.240,-9.120,-18.240,-20.520
18398,0.208457,5.000,0.000,1.000,5.000,1.000,0.000,-9.120,-20.520,-18.240,-9.120,-18.240,-20.520
18399,0.211902,5.000,2.000,1.000,5.000,1.000,0.000,-9.120,-15.960,-18.240,-9.120,-18.240,-20.520
18402,0.206356,2.000,2.000,0.000,3.000,2.000,1.000,-15.960,-15.960,-20.520,-13.680,-15.960,-18.240
18403,0.201506,4.000,2.000,0.000,3.000,2.000,1.000,-11.400,-15.960,-20.520,-13.680,-15.960,-18.240
18409,0.203707,4.000,2.000,0.000,4.000,1.000,1.000,-11.400,-15.960,-20.520,-11.400,-18.240,-18.240
18410,0.206383,4.000,0.000,0.000,4.000,1.000,1.000,-11.400,-20.520,-20.520,-11.400,-18.240,-18.240
18416,0.210921,2.000,2.000,0.000,3.000,1.000,0.000,-15.960,-15.960,-20.520,-13.680,-18.240,-20.520
18417,0.204933,4.000,2.000,0.000,3.000,1.000,0.000,-11.400,-15.960,-20.520,-13.680,-18.240,-20.520
18418,0.201276,4.000,0.000,0.000,3.000,1.000,0.000,-11.400,-20.520,-20.520,-13.680,-18.240,-20.520
18419,0.204975,2.000,0.000,0.000,3.000,1.000,0.000,-15.960,-20.520,-20.520,-13.680,-18.240,-20.520
18422,0.200472,4.000,1.000,1.000,3.000,1.000,0.000,-11.400,-18.240,-18.240,-13.680,-18.240,-20.520
18425,0.202524,2.000,1.000,1.000,3.000,1.000,0.000,-15.960,-18.240,-18.240,-13.680,-18.240,-20.520
18430,0.202890,3.000,0.000,1.000,3.000,1.000,0.000,-13.680,-20.520,-18.240,-13.680,-18.240,-20.520
18431,0.202497,3.000,2.000,1.000,3.000,1.000,0.000,-13.680,-15.960,-18.240,-13.680,-18.240,-20.520
18434,0.203331,0.000,2.000,0.000,1.000,2.000,1.000,-20.520,-15.960,-20.520,-18.240,-15.960,-18.240
18435,0.208422,2.000,2.000,0.000,1.000,2.000,1.000,-15.960,-15.960,-20.520,-18.240,-15.960,-18.240
18439,0.209207,0.000,0.000,0.000,1.000,0.000,1.000,-20.520,-20.520,-20.520,-18.240,-20.520,-18.240
18441,0.205685,2.000,2.000,0.000,2.000,1.000,1.000,-15.960,-15.960,-20.520,-15.960,-18.240,-18.240
18442,0.212022,2.000,0.000,0.000,2.000,1.000,1.000,-15.960,-20.520,-20.520,-15.960,-18.240,-18.240
18445,0.208015,0.000,2.000,0.000,0.000,1.000,1.000,-20.520,-15.960,-20.520,-20.520,-18.240,-18.240
18446,0.204107,0.000,0.000,2.000,0.000,1.000,1.000,-20.520,-20.520,-15.960,-20.520,-18.240,-18.240
18447,0.204952,0.000,0.000,0.000,0.000,1.000,1.000,-20.520,-20.520,-20.520,-20.520,-18.240,-18.240
18452,0.201420,0.000,2.000,0.000,1.000,1.000,0.000,-20.520,-15.960,-20.520,-18.240,-18.240,-20.520
18453,0.203467,2.000,2.000,0.000,1.000,1.000,0.000,-15.960,-15.960,-20.520,-18.240,-18.240,-20.520
18454,0.207612,2.000,0.000,0.000,1.000,1.000,0.000,-15.960,-20.520,-20.520,-18.240,-18.240,-20.520
18455,0.200404,0.000,0.000,0.000,1.000,1.000,0.000,-20.520,-20.520,-20.520,-18.240,-18.240,-20.520
18458,0.206743,2.000,1.000,1.000,1.000,1.000,0.000,-15.960,-18.240,-18.240,-18.240,-18.240,-20.520
18461,0.201489,0.000,1.000,1.000,1.000,1.000,0.000,-20.520,-18.240,-18.240,-18.240,-18.240,-20.520
18466,0.203688,1.000,0.000,1.000,1.000,1.000,0.000,-18.240,-20.520,-18.240,-18.240,-18.240,-20.520
18467,0.209930,1.000,2.000,1.000,1.000,1.000,0.000,-18.240,-15.960,-18.240,-18.240,-18.240,-20.520
