strut_id,defect_class,touches_excluded_nominal_plane,excluded_nominal_axis,excluded_nominal_value,x0_nominal,y0_nominal,z0_nominal,x1_nominal,y1_nominal,z1_nominal,same_material_component_connects_a_to_b,a_collar_foreground_fraction,b_collar_foreground_fraction,endpoint0_to_collar_component_voxel_count_in_corridor,endpoint1_to_collar_component_voxel_count_in_corridor,minimum_endpoint_to_collar_component_voxel_count_in_corridor,central_material_slice_fraction,a_side_material_slice_fraction,b_side_material_slice_fraction,longest_empty_run_slices,central_mean_foreground_fraction,central_reference_foreground_fraction_p90,central_minimum_foreground_fraction,central_minimum_smoothed_foreground_fraction,central_minimum_relative_to_reference,central_material_loss_fraction,central_deficit_cutoff_foreground_fraction,central_deficit_fraction,longest_deficit_run_samples,minimum_endpoint_collar_foreground_fraction,both_endpoint_segments_observed,reasons
9,broken,False,y,18.0,2.0,0.0,0.0,1.0,0.0,1.0,True,0.47197640118,0.312684365782,3917,3917,3917,0.7878787878787878,1.0,0.45454545454545453,7,0.19013140252078306,0.41592920353982304,0.017699115044247787,0.017699115044247787,0.0425531914893617,0.5493230174081238,0.20796460176991152,0.6060606060606061,20,0.312684365782,True,central_material_loss_rule_satisfied|endpoint_material_support_observed|connected_bite_case
42,broken,False,y,18.0,4.0,1.0,1.0,3.0,1.0,2.0,True,0.367256637168,0.0973451327434,3980,3980,3980,1.0,1.0,1.0,0,0.21426655939930278,0.30619469026548674,0.07079646017699115,0.07374631268436578,0.24084778420038536,0.3112629181993344,0.15309734513274337,0.3333333333333333,11,0.0973451327434,True,central_material_loss_rule_satisfied|endpoint_material_support_observed|connected_bite_case
43,broken,False,y,18.0,3.0,0.0,1.0,3.0,1.0,0.0,True,0.280235988201,0.613569321534,4822,4822,4822,1.0,1.0,1.0,0,0.3776678813118167,0.5292035398230088,0.24778761061946902,0.25073746312684364,0.4738015607580825,0.2980523313004131,0.2646017699115044,0.14705882352941177,5,0.280235988201,True,central_material_loss_rule_satisfied|endpoint_material_support_observed|connected_bite_case
53,broken,False,y,18.0,4.0,2.0,0.0,4.0,1.0,1.0,True,0.769911504425,0.33185840708,5539,5539,5539,1.0,1.0,1.0,0,0.4800214534727809,0.6778761061946903,0.30973451327433627,0.3126843657817109,0.4612706701479547,0.2988369333016853,0.33893805309734515,0.21212121212121213,7,0.33185840708,True,central_material_loss_rule_satisfied|endpoint_material_support_observed|connected_bite_case
58,broken,False,y,18.0,4.0,0.0,2.0,5.0,0.0,1.0,True,0.283185840708,0.336283185841,3803,3803,3803,1.0,1.0,1.0,0,0.1992491284526683,0.30796460176991153,0.05309734513274336,0.058997050147492625,0.19157088122605362,0.35893416927899685,0.15398230088495576,0.30303030303030304,9,0.283185840708,True,central_material_loss_rule_satisfied|endpoint_material_support_observed|connected_bite_case
67,broken,False,y,18.0,5.0,0.0,1.0,5.0,1.0,0.0,True,0.286135693215,0.719764011799,5173,5173,5173,1.0,1.0,1.0,0,0.45679333680374806,0.6141592920353982,0.2743362831858407,0.28908554572271383,0.4707012487992315,0.263180200033904,0.3070796460176991,0.08823529411764706,3,0.286135693215,True,central_material_loss_rule_satisfied|endpoint_material_support_observed|connected_bite_case
71,broken,False,y,18.0,5.0,2.0,1.0,5.0,1.0,0.0,True,0.393805309735,0.955752212389,5728,5728,5728,1.0,1.0,1.0,0,0.4993295789755967,0.7398230088495575,0.3185840707964602,0.327433628318584,0.4425837320574162,0.34232274902131365,0.36991150442477877,0.2727272727272727,9,0.393805309735,True,central_material_loss_rule_satisfied|endpoint_material_support_observed|connected_bite_case
77,broken,False,y,18.0,6.0,2.0,0.0,6.0,1.0,1.0,True,0.924778761062,0.349557522124,5780,5780,5780,1.0,1.0,1.0,0,0.5355323142933762,0.7628318584070797,0.336283185840708,0.3480825958702065,0.4563031709203403,0.30823314349996483,0.38141592920353984,0.15151515151515152,5,0.349557522124,True,central_material_loss_rule_satisfied|endpoint_material_support_observed|connected_bite_case
80,broken,False,y,18.0,6.0,0.0,0.0,7.0,0.0,1.0,True,0.840707964602,0.40412979351,5486,5486,5486,1.0,1.0,1.0,0,0.5187402394586154,0.8115044247787611,0.35398230088495575,0.35693215339233036,0.43984005816066885,0.3637180062864841,0.40575221238938053,0.35294117647058826,12,0.40412979351,True,central_material_loss_rule_satisfied|endpoint_material_support_observed|connected_bite_case
81,broken,False,y,18.0,8.0,0.0,0.0,7.0,0.0,1.0,True,0.721238938053,0.300884955752,4657,4657,4657,0.9393939393939394,1.0,0.8181818181818182,2,0.29203539823008856,0.5168141592920354,0.04424778761061947,0.0471976401179941,0.091324200913242,0.45693233706932346,0.2584070796460177,0.45454545454545453,15,0.300884955752,True,central_material_loss_rule_satisfied|endpoint_material_support_observed|connected_bite_case
90,broken,False,y,18.0,8.0,1.0,1.0,7.0,1.0,2.0,True,0.336283185841,0.323008849558,4152,4152,4152,1.0,1.0,1.0,0,0.24912845266827569,0.36106194690265486,0.07079646017699115,0.07669616519174041,0.21241830065359477,0.31654783125371366,0.18053097345132743,0.30303030303030304,10,0.323008849558,True,central_material_loss_rule_satisfied|endpoint_material_support_observed|connected_bite_case
91,broken,False,y,18.0,7.0,0.0,1.0,7.0,1.0,0.0,True,0.306784660767,0.849557522124,5242,5242,5242,1.0,1.0,1.0,0,0.4687662675689745,0.631858407079646,0.3008849557522124,0.30383480825958703,0.480859010270775,0.27805239742956,0.315929203539823,0.08823529411764706,3,0.306784660767,True,central_material_loss_rule_satisfied|endpoint_material_support_observed|connected_bite_case
95,broken,False,y,18.0,7.0,2.0,1.0,7.0,1.0,0.0,True,0.37610619469,0.986725663717,5961,5961,5961,1.0,1.0,1.0,0,0.5733440600697238,0.8955752212389381,0.3185840707964602,0.3274336283185841,0.36561264822134387,0.3682476943346508,0.44778761061946903,0.45454545454545453,15,0.37610619469,True,central_material_loss_rule_satisfied|endpoint_material_support_observed|connected_bite_case
101,broken,False,y,18.0,8.0,2.0,0.0,8.0,1.0,1.0,True,0.977876106195,0.37610619469,5925,5925,5925,1.0,1.0,1.0,0,0.5803164387235185,0.8070796460176991,0.34513274336283184,0.35398230088495575,0.43859649122807015,0.29731525784157364,0.40353982300884955,0.21212121212121213,7,0.37610619469,True,central_material_loss_rule_satisfied|endpoint_material_support_observed|connected_bite_case
105,broken,False,y,18.0,10.0,0.0,0.0,9.0,0.0,1.0,True,0.818584070796,0.323008849558,5278,5278,5278,1.0,1.0,1.0,0,0.4698310539018503,0.6070796460176991,0.2831858407079646,0.2920353982300885,0.4810495626822157,0.2448979591836735,0.3035398230088496,0.18181818181818182,4,0.323008849558,True,central_material_loss_rule_satisfied|endpoint_material_support_observed|connected_bite_case
109,broken,False,y,18.0,8.0,1.0,1.0,9.0,1.0,0.0,True,0.37610619469,0.982300884956,5762,5762,5762,1.0,1.0,1.0,0,0.5454545454545454,0.9292035398230089,0.3185840707964602,0.3215339233038348,0.346031746031746,0.4152958152958153,0.4646017699115044,0.5151515151515151,17,0.37610619469,True,central_material_loss_rule_satisfied|endpoint_material_support_observed|connected_bite_case
115,broken,False,y,18.0,9.0,0.0,1.0,9.0,1.0,0.0,True,0.300884955752,0.914454277286,5276,5276,5276,1.0,1.0,1.0,0,0.4936980423706088,0.6902654867256637,0.30973451327433627,0.3185840707964602,0.46153846153846156,0.30730380730380724,0.34513274336283184,0.21212121212121213,7,0.300884955752,True,central_material_loss_rule_satisfied|endpoint_material_support_observed|connected_bite_case
119,broken,False,y,18.0,9.0,2.0,1.0,9.0,1.0,0.0,True,0.374631268437,1.0,6026,6026,6026,1.0,1.0,1.0,0,0.6224188790560472,0.9699115044247788,0.2831858407079646,0.29793510324483774,0.30717761557177614,0.3612032736120328,0.4849557522123894,0.24242424242424243,8,0.374631268437,True,central_material_loss_rule_satisfied|endpoint_material_support_observed|connected_bite_case
124,broken,False,y,18.0,10.0,0.0,0.0,10.0,1.0,1.0,True,0.811209439528,0.392330383481,5628,5628,5628,1.0,1.0,1.0,0,0.5226444560124934,0.6964601769911504,0.2831858407079646,0.29793510324483774,0.4277848369335028,0.2571193661708647,0.3482300884955752,0.14705882352941177,5,0.392330383481,True,central_material_loss_rule_satisfied|endpoint_material_support_observed|connected_bite_case
125,broken,False,y,18.0,10.0,2.0,0.0,10.0,1.0,1.0,True,1.0,0.314159292035,6164,6164,6164,1.0,1.0,1.0,0,0.6299275945293645,0.9769911504424779,0.30973451327433627,0.3126843657817109,0.32004830917874394,0.35754281949934125,0.48849557522123893,0.3333333333333333,11,0.314159292035,True,central_material_loss_rule_satisfied|endpoint_material_support_observed|connected_bite_case
139,broken,False,y,18.0,11.0,0.0,1.0,11.0,1.0,0.0,True,0.318584070796,0.93215339233,5430,5430,5430,1.0,1.0,1.0,0,0.5273295158771474,0.7707964601769911,0.30973451327433627,0.3156342182890855,0.40949100650593184,0.3288984939555616,0.38539823008849555,0.20588235294117646,7,0.318584070796,True,central_material_loss_rule_satisfied|endpoint_material_support_observed|connected_bite_case
143,broken,False,y,18.0,11.0,2.0,1.0,11.0,1.0,0.0,True,0.374631268437,0.994100294985,6119,6119,6119,1.0,1.0,1.0,0,0.6428943258719418,0.968141592920354,0.30973451327433627,0.3303834808259587,0.34125533211456427,0.3382084095063985,0.484070796460177,0.29411764705882354,10,0.374631268437,True,central_material_loss_rule_satisfied|endpoint_material_support_observed|connected_bite_case
148,broken,False,y,18.0,12.0,0.0,0.0,12.0,1.0,1.0,True,0.83185840708,0.351032448378,5739,5739,5739,1.0,1.0,1.0,0,0.5521587556985788,0.8053097345132744,0.2743362831858407,0.29793510324483774,0.3699633699633699,0.3166833166833167,0.4026548672566372,0.18181818181818182,6,0.351032448378,True,central_material_loss_rule_satisfied|endpoint_material_support_observed|connected_bite_case
149,broken,False,y,18.0,12.0,2.0,0.0,12.0,1.0,1.0,True,1.0,0.353982300885,6058,6058,6058,1.0,1.0,1.0,0,0.6165191740412979,0.95929203539823,0.35398230088495575,0.3775811209439528,0.3936039360393604,0.3607849714860785,0.479646017699115,0.36363636363636365,12,0.353982300885,True,central_material_loss_rule_satisfied|endpoint_material_support_observed|connected_bite_case
152,broken,False,y,18.0,12.0,0.0,0.0,13.0,0.0,1.0,True,0.761061946903,0.368731563422,5626,5626,5626,1.0,1.0,1.0,0,0.5614263404476836,0.7646017699115044,0.36283185840707965,0.36578171091445427,0.4783950617283951,0.26858660130718953,0.3823008849557522,0.17647058823529413,4,0.368731563422,True,central_material_loss_rule_satisfied|endpoint_material_support_observed|connected_bite_case
160,broken,False,y,18.0,14.0,1.0,1.0,13.0,1.0,0.0,True,0.474926253687,0.985250737463,6289,6289,6289,1.0,1.0,1.0,0,0.6918271733472149,0.9619469026548673,0.4336283185840708,0.4365781710914454,0.4538485127261576,0.2830239731587207,0.48097345132743363,0.14705882352941177,5,0.474926253687,True,central_material_loss_rule_satisfied|endpoint_material_support_observed|connected_bite_case
163,broken,False,y,18.0,13.0,0.0,1.0,13.0,1.0,0.0,True,0.323008849558,0.924778761062,5370,5370,5370,1.0,1.0,1.0,0,0.5205148833467417,0.8584070796460177,0.3274336283185841,0.336283185840708,0.3917525773195877,0.3973758200562324,0.42920353982300885,0.5151515151515151,17,0.323008849558,True,central_material_loss_rule_satisfied|endpoint_material_support_observed|connected_bite_case
167,broken,False,y,18.0,13.0,2.0,1.0,13.0,1.0,0.0,True,0.243362831858,0.929203539823,5881,5881,5881,1.0,1.0,1.0,0,0.5639581657280772,0.9274336283185841,0.25663716814159293,0.26843657817109146,0.28944020356234096,0.3927249595188526,0.46371681415929206,0.3939393939393939,13,0.243362831858,True,central_material_loss_rule_satisfied|endpoint_material_support_observed|connected_bite_case
172,broken,False,y,18.0,14.0,0.0,0.0,14.0,1.0,1.0,True,0.799410029499,0.315634218289,5400,5400,5400,1.0,1.0,1.0,0,0.4687662675689745,0.6964601769911504,0.26548672566371684,0.2743362831858407,0.39390088945362134,0.3363480080723522,0.3482300884955752,0.3235294117647059,9,0.315634218289,True,central_material_loss_rule_satisfied|endpoint_material_support_observed|connected_bite_case
173,broken,False,y,18.0,14.0,2.0,0.0,14.0,1.0,1.0,True,0.995575221239,0.362831858407,5778,5778,5778,1.0,1.0,1.0,0,0.5529632609278626,0.8778761061946904,0.36283185840707965,0.36578171091445427,0.41666666666666663,0.3811705767350929,0.4389380530973452,0.48484848484848486,16,0.362831858407,True,central_material_loss_rule_satisfied|endpoint_material_support_observed|connected_bite_case
178,broken,False,y,18.0,14.0,0.0,2.0,15.0,0.0,1.0,False,0.115044247788,0.318584070796,1424,2083,1424,0.696969696969697,0.09090909090909091,1.0,10,0.13783856261732366,0.2902654867256637,0.0,0.0,0.0,0.5323355506282336,0.14513274336283186,0.45454545454545453,15,0.115044247788,True,central_material_loss_rule_satisfied|endpoint_material_support_observed|disconnected_fragment_case
187,broken,False,y,18.0,15.0,0.0,1.0,15.0,1.0,0.0,True,0.289085545723,0.864306784661,5206,5206,5206,1.0,1.0,1.0,0,0.47304907481898634,0.7787610619469026,0.2920353982300885,0.29793510324483774,0.38257575757575757,0.3994490358126721,0.3893805309734513,0.42424242424242425,14,0.289085545723,True,central_material_loss_rule_satisfied|endpoint_material_support_observed|connected_bite_case
191,broken,False,y,18.0,15.0,2.0,1.0,15.0,1.0,0.0,True,0.29203539823,0.884955752212,5490,5490,5490,1.0,1.0,1.0,0,0.48932847475273294,0.8292035398230088,0.25663716814159293,0.2625368731563422,0.3166133048737105,0.4133969489610144,0.4146017699115044,0.5294117647058824,18,0.29203539823,True,central_material_loss_rule_satisfied|endpoint_material_support_observed|connected_bite_case
197,broken,False,y,18.0,16.0,2.0,0.0,16.0,1.0,1.0,True,0.884955752212,0.296460176991,5186,5186,5186,1.0,1.0,1.0,0,0.4229015821936176,0.7256637168141593,0.3008849557522124,0.30383480825958703,0.4186991869918699,0.43052475979305255,0.36283185840707965,0.5151515151515151,17,0.296460176991,True,central_material_loss_rule_satisfied|endpoint_material_support_observed|connected_bite_case
231,broken,False,y,18.0,2.0,2.0,2.0,1.0,2.0,1.0,True,0.358407079646,0.451327433628,4645,4645,4645,1.0,1.0,1.0,0,0.34781442746044516,0.47433628318584076,0.19469026548672566,0.20648967551622419,0.4353233830845771,0.2738579828132068,0.23716814159292038,0.12121212121212122,4,0.358407079646,True,central_material_loss_rule_satisfied|endpoint_material_support_observed|connected_bite_case
256,broken,False,y,18.0,2.0,3.0,1.0,3.0,3.0,2.0,True,0.442477876106,0.438053097345,4661,4661,4661,1.0,1.0,1.0,0,0.3397693751676052,0.4336283185840708,0.1415929203539823,0.1622418879056047,0.37414965986394555,0.21892393320964748,0.2168141592920354,0.18181818181818182,5,0.438053097345,True,central_material_loss_rule_satisfied|endpoint_material_support_observed|connected_bite_case
257,broken,False,y,18.0,2.0,3.0,1.0,3.0,3.0,0.0,True,0.442477876106,0.840707964602,5815,5815,5815,1.0,1.0,1.0,0,0.5505497452400107,0.7858407079646018,0.36283185840707965,0.36873156342182895,0.4692192192192192,0.30173355173355176,0.3929203539823009,0.12121212121212122,4,0.442477876106,True,central_material_loss_rule_satisfied|endpoint_material_support_observed|connected_bite_case
263,broken,False,y,18.0,3.0,2.0,1.0,3.0,3.0,0.0,True,0.296460176991,0.769911504425,5421,5421,5421,1.0,1.0,1.0,0,0.44971842316975064,0.6707964601769912,0.25663716814159293,0.2684365781710914,0.4001759014951626,0.3390901095386584,0.3353982300884956,0.42424242424242425,14,0.296460176991,True,central_material_loss_rule_satisfied|endpoint_material_support_observed|connected_bite_case
267,broken,False,y,18.0,3.0,4.0,1.0,3.0,3.0,0.0,True,0.367256637168,0.893805309735,5626,5626,5626,1.0,1.0,1.0,0,0.4896755162241888,0.7752212389380531,0.3185840707964602,0.3215339233038348,0.4147640791476408,0.3771966237719662,0.38761061946902653,0.45454545454545453,14,0.367256637168,True,central_material_loss_rule_satisfied|endpoint_material_support_observed|connected_bite_case
272,broken,False,y,18.0,4.0,2.0,0.0,4.0,3.0,1.0,True,0.938053097345,0.349557522124,5765,5765,5765,1.0,1.0,1.0,0,0.5162241887905604,0.8778761061946904,0.2920353982300885,0.29793510324483774,0.33938172043010745,0.4163000977517107,0.4389380530973452,0.45454545454545453,15,0.349557522124,True,central_material_loss_rule_satisfied|endpoint_material_support_observed|connected_bite_case
273,broken,False,y,18.0,4.0,4.0,0.0,4.0,3.0,1.0,True,0.862831858407,0.327433628319,5830,5830,5830,1.0,1.0,1.0,0,0.5492089031912041,0.8230088495575221,0.3185840707964602,0.3215339233038348,0.3906810035842294,0.33496252851091557,0.41150442477876104,0.3939393939393939,13,0.327433628319,True,central_material_loss_rule_satisfied|endpoint_material_support_observed|connected_bite_case
277,broken,False,y,18.0,6.0,2.0,0.0,5.0,2.0,1.0,True,0.951327433628,0.446902654867,5971,5971,5971,1.0,1.0,1.0,0,0.5811209439528023,0.8176991150442477,0.34513274336283184,0.34808259587020646,0.42568542568542567,0.2986357077266168,0.4088495575221239,0.18181818181818182,6,0.446902654867,True,central_material_loss_rule_satisfied|endpoint_material_support_observed|connected_bite_case
287,broken,False,y,18.0,5.0,2.0,1.0,5.0,3.0,0.0,True,0.358407079646,0.969026548673,5829,5829,5829,1.0,1.0,1.0,0,0.5430410297666934,0.7946902654867257,0.3274336283185841,0.33628318584070793,0.4231625835189309,0.32671930890193696,0.39734513274336286,0.36363636363636365,12,0.358407079646,True,central_material_loss_rule_satisfied|endpoint_material_support_observed|connected_bite_case
291,broken,False,y,18.0,5.0,4.0,1.0,5.0,3.0,0.0,True,0.402654867257,1.0,6164,6164,6164,1.0,1.0,1.0,0,0.615714668812014,0.9539823008849558,0.3274336283185841,0.34513274336283184,0.3617810760667903,0.3570585258896947,0.4769911504424779,0.3939393939393939,13,0.402654867257,True,central_material_loss_rule_satisfied|endpoint_material_support_observed|connected_bite_case
296,broken,False,y,18.0,6.0,2.0,0.0,6.0,3.0,1.0,True,0.991150442478,0.411504424779,6109,6109,6109,1.0,1.0,1.0,0,0.6028425851434701,0.9805309734513274,0.336283185840708,0.34513274336283184,0.35198555956678695,0.3862268898369982,0.4902654867256637,0.45454545454545453,15,0.411504424779,True,central_material_loss_rule_satisfied|endpoint_material_support_observed|connected_bite_case
297,broken,False,y,18.0,6.0,4.0,0.0,6.0,3.0,1.0,True,1.0,0.380530973451,6142,6142,6142,1.0,1.0,1.0,0,0.6162510056315366,0.9345132743362833,0.336283185840708,0.336283185840708,0.35984848484848486,0.34733700642791554,0.46725663716814164,0.3333333333333333,11,0.380530973451,True,central_material_loss_rule_satisfied|endpoint_material_support_observed|connected_bite_case
301,broken,False,y,18.0,8.0,2.0,0.0,7.0,2.0,1.0,True,1.0,0.393805309735,5958,5958,5958,1.0,1.0,1.0,0,0.5931885223920623,0.9628318584070796,0.30973451327433627,0.3126843657817109,0.32475490196078427,0.3874777183600714,0.4814159292035398,0.42424242424242425,14,0.393805309735,True,central_material_loss_rule_satisfied|endpoint_material_support_observed|connected_bite_case
305,broken,False,y,18.0,6.0,3.0,1.0,7.0,3.0,0.0,True,0.446902654867,1.0,6680,6680,6680,1.0,1.0,1.0,0,0.7674979887369268,0.9752212389380531,0.4336283185840708,0.44837758112094395,0.45977011494252873,0.21553099048561844,0.48761061946902656,0.09090909090909091,3,0.446902654867,True,central_material_loss_rule_satisfied|endpoint_material_support_observed|connected_bite_case
308,broken,False,y,18.0,8.0,3.0,1.0,7.0,3.0,0.0,True,0.615044247788,1.0,6816,6816,6816,1.0,1.0,1.0,0,0.7768838830785735,1.0,0.46017699115044247,0.4749262536873156,0.4749262536873156,0.2231161169214267,0.5,0.09090909090909091,3,0.615044247788,True,central_material_loss_rule_satisfied|endpoint_material_support_observed|connected_bite_case
311,broken,False,y,18.0,7.0,2.0,1.0,7.0,3.0,0.0,True,0.323008849558,1.0,5988,5988,5988,1.0,1.0,1.0,0,0.5953338696701529,0.968141592920354,0.3008849557522124,0.30383480825958703,0.31383302864107254,0.38823333887319256,0.484070796460177,0.42424242424242425,14,0.323008849558,True,central_material_loss_rule_satisfied|endpoint_material_support_observed|connected_bite_case
315,broken,False,y,18.0,7.0,4.0,1.0,7.0,3.0,0.0,True,0.411504424779,1.0,6376,6376,6376,1.0,1.0,1.0,0,0.6776615714668812,1.0,0.30973451327433627,0.30973451327433627,0.30973451327433627,0.3223384285331188,0.5,0.36363636363636365,12,0.411504424779,True,central_material_loss_rule_satisfied|endpoint_material_support_observed|connected_bite_case
320,broken,False,y,18.0,8.0,2.0,0.0,8.0,3.0,1.0,True,1.0,0.407079646018,6403,6403,6403,1.0,1.0,1.0,0,0.6760525610083132,0.9911504424778761,0.2920353982300885,0.29793510324483774,0.3005952380952381,0.31872294372294374,0.49557522123893805,0.3333333333333333,11,0.407079646018,True,central_material_loss_rule_satisfied|endpoint_material_support_observed|connected_bite_case
321,broken,False,y,18.0,8.0,4.0,0.0,8.0,3.0,1.0,True,1.0,0.389380530973,6289,6289,6289,1.0,1.0,1.0,0,0.6596942880128721,1.0,0.36283185840707965,0.3716814159292035,0.3716814159292035,0.340305711987128,0.5,0.36363636363636365,12,0.389380530973,True,central_material_loss_rule_satisfied|endpoint_material_support_observed|connected_bite_case
325,broken,False,y,18.0,10.0,2.0,0.0,9.0,2.0,1.0,True,1.0,0.438053097345,6328,6328,6328,1.0,1.0,1.0,0,0.6886564762670957,0.9911504424778761,0.35398230088495575,0.3687315634218289,0.37202380952380953,0.3057359307359307,0.49557522123893805,0.30303030303030304,10,0.438053097345,True,central_material_loss_rule_satisfied|endpoint_material_support_observed|connected_bite_case
332,broken,False,y,18.0,10.0,3.0,1.0,9.0,3.0,0.0,True,0.482300884956,1.0,6436,6436,6436,1.0,1.0,1.0,0,0.6964333601501743,1.0,0.46017699115044247,0.4660766961651917,0.4660766961651917,0.3035666398498257,0.5,0.2727272727272727,7,0.482300884956,True,central_material_loss_rule_satisfied|endpoint_material_support_observed|connected_bite_case
334,broken,False,y,18.0,10.0,3.0,1.0,9.0,3.0,2.0,True,0.393805309735,0.305309734513,4290,4290,4290,1.0,1.0,1.0,0,0.26602306248323954,0.3876106194690266,0.12389380530973451,0.12979351032448377,0.334855403348554,0.31838937318389376,0.1938053097345133,0.21212121212121213,7,0.305309734513,True,central_material_loss_rule_satisfied|endpoint_material_support_observed|connected_bite_case
335,broken,False,y,18.0,9.0,2.0,1.0,9.0,3.0,0.0,True,0.327433628319,1.0,6094,6094,6094,1.0,1.0,1.0,0,0.6288549208903191,0.9929203539823009,0.2831858407079646,0.29793510324483774,0.3000594177064765,0.3675255226057365,0.49646017699115047,0.30303030303030304,10,0.327433628319,True,central_material_loss_rule_satisfied|endpoint_material_support_observed|connected_bite_case
339,broken,False,y,18.0,9.0,4.0,1.0,9.0,3.0,0.0,True,0.367256637168,1.0,6511,6511,6511,1.0,1.0,1.0,0,0.7074282649503889,1.0,0.34513274336283184,0.35398230088495575,0.35398230088495575,0.29257173504961115,0.5,0.36363636363636365,12,0.367256637168,True,central_material_loss_rule_satisfied|endpoint_material_support_observed|connected_bite_case
344,broken,False,y,18.0,10.0,2.0,0.0,10.0,3.0,1.0,True,1.0,0.353982300885,6212,6212,6212,1.0,1.0,1.0,0,0.6390453204612496,1.0,0.07964601769911504,0.13274336283185842,0.13274336283185842,0.3609546795387504,0.5,0.48484848484848486,16,0.353982300885,True,central_material_loss_rule_satisfied|endpoint_material_support_observed|connected_bite_case
345,broken,False,y,18.0,10.0,4.0,0.0,10.0,3.0,1.0,True,1.0,0.380530973451,6599,6599,6599,1.0,1.0,1.0,0,0.7393403057119871,1.0,0.37168141592920356,0.39233038348082594,0.39233038348082594,0.2606596942880129,0.5,0.24242424242424243,8,0.380530973451,True,central_material_loss_rule_satisfied|endpoint_material_support_observed|connected_bite_case
348,broken,False,y,18.0,10.0,2.0,0.0,11.0,2.0,1.0,True,1.0,0.510324483776,6482,6482,6482,1.0,1.0,1.0,0,0.7404997397188965,1.0,0.46017699115044247,0.4631268436578171,0.4631268436578171,0.2595002602811036,0.5,0.17647058823529413,6,0.510324483776,True,central_material_loss_rule_satisfied|endpoint_material_support_observed|connected_bite_case
354,broken,False,y,18.0,10.0,3.0,1.0,11.0,4.0,1.0,True,0.115044247788,0.265486725664,4129,4129,4129,1.0,1.0,1.0,0,0.21051220166264414,0.25486725663716814,0.09734513274336283,0.10619469026548672,0.4166666666666667,0.17592592592592593,0.12743362831858407,0.09090909090909091,3,0.115044247788,True,central_material_loss_rule_satisfied|endpoint_material_support_observed|connected_bite_case
359,broken,False,y,18.0,11.0,2.0,1.0,11.0,3.0,0.0,True,0.37610619469,1.0,6218,6218,6218,1.0,1.0,1.0,0,0.6639849825690534,1.0,0.36283185840707965,0.3687315634218289,0.3687315634218289,0.33601501743094664,0.5,0.30303030303030304,10,0.37610619469,True,central_material_loss_rule_satisfied|endpoint_material_support_observed|connected_bite_case
363,broken,False,y,18.0,11.0,4.0,1.0,11.0,3.0,0.0,True,0.37610619469,1.0,6560,6560,6560,1.0,1.0,1.0,0,0.7270045588629659,1.0,0.36283185840707965,0.36283185840707965,0.36283185840707965,0.27299544113703406,0.5,0.30303030303030304,10,0.37610619469,True,central_material_loss_rule_satisfied|endpoint_material_support_observed|connected_bite_case
368,broken,False,y,18.0,12.0,2.0,0.0,12.0,3.0,1.0,True,1.0,0.386430678466,6311,6311,6311,1.0,1.0,1.0,0,0.6693483507642799,0.9858407079646018,0.3008849557522124,0.30678466076696165,0.31119090365050867,0.32196289646918014,0.4929203539823009,0.42424242424242425,14,0.386430678466,True,central_material_loss_rule_satisfied|endpoint_material_support_observed|connected_bite_case
369,broken,False,y,18.0,12.0,4.0,0.0,12.0,3.0,1.0,True,1.0,0.37610619469,6400,6400,6400,1.0,1.0,1.0,0,0.6967015285599356,1.0,0.37168141592920356,0.38053097345132747,0.38053097345132747,0.30329847144006444,0.5,0.21212121212121213,7,0.37610619469,True,central_material_loss_rule_satisfied|endpoint_material_support_observed|connected_bite_case
372,broken,False,y,18.0,12.0,2.0,0.0,13.0,2.0,1.0,True,1.0,0.457227138643,6588,6588,6588,1.0,1.0,1.0,0,0.7686100989068194,1.0,0.39823008849557523,0.40117994100294985,0.40117994100294985,0.23138990109318064,0.5,0.17647058823529413,6,0.457227138643,True,central_material_loss_rule_satisfied|endpoint_material_support_observed|connected_bite_case
373,broken,False,y,18.0,14.0,2.0,0.0,13.0,2.0,1.0,True,0.995575221239,0.420353982301,6067,6067,6067,1.0,1.0,1.0,0,0.636095467953875,0.9769911504424779,0.36283185840707965,0.38348082595870203,0.39251207729468596,0.3498572683355292,0.48849557522123893,0.18181818181818182,6,0.420353982301,True,central_material_loss_rule_satisfied|endpoint_material_support_observed|connected_bite_case
377,broken,False,y,18.0,12.0,3.0,1.0,13.0,3.0,0.0,True,0.495575221239,1.0,6495,6495,6495,1.0,1.0,1.0,0,0.7224456958970233,1.0,0.48672566371681414,0.4926253687315634,0.4926253687315634,0.2775543041029767,0.5,0.12121212121212122,4,0.495575221239,True,central_material_loss_rule_satisfied|endpoint_material_support_observed|connected_bite_case
383,broken,False,y,18.0,13.0,2.0,1.0,13.0,3.0,0.0,True,0.353982300885,1.0,6182,6182,6182,1.0,1.0,1.0,0,0.6495038884419415,0.9982300884955753,0.336283185840708,0.34513274336283184,0.3457446808510638,0.3495594240275091,0.49911504424778763,0.3939393939393939,13,0.353982300885,True,central_material_loss_rule_satisfied|endpoint_material_support_observed|connected_bite_case
387,broken,False,y,18.0,13.0,4.0,1.0,13.0,3.0,0.0,True,0.305309734513,1.0,6412,6412,6412,1.0,1.0,1.0,0,0.6983105390185036,0.9823008849557522,0.2920353982300885,0.31563421828908556,0.32132132132132135,0.29047229047229045,0.4911504424778761,0.3939393939393939,13,0.305309734513,True,central_material_loss_rule_satisfied|endpoint_material_support_observed|connected_bite_case
392,broken,False,y,18.0,14.0,2.0,0.0,14.0,3.0,1.0,True,0.961651917404,0.306784660767,5913,5913,5913,1.0,1.0,1.0,0,0.5805846071332796,0.9203539823008849,0.2743362831858407,0.2861356932153392,0.3108974358974359,0.3715034965034965,0.46017699115044247,0.48484848484848486,16,0.306784660767,True,central_material_loss_rule_satisfied|endpoint_material_support_observed|connected_bite_case
393,broken,False,y,18.0,14.0,4.0,0.0,14.0,3.0,1.0,True,1.0,0.287610619469,6014,6014,6014,1.0,1.0,1.0,0,0.6111558058460713,0.9982300884955753,0.2743362831858407,0.28023598820059,0.28073286052009455,0.38797549967762734,0.49911504424778763,0.48484848484848486,16,0.287610619469,True,central_material_loss_rule_satisfied|endpoint_material_support_observed|connected_bite_case
396,broken,False,y,18.0,14.0,2.0,0.0,15.0,2.0,1.0,True,0.991150442478,0.530973451327,6195,6195,6195,1.0,1.0,1.0,0,0.6665799062988027,0.9884955752212389,0.40707964601769914,0.415929203539823,0.42076991942703673,0.3265048185791773,0.49424778761061944,0.35294117647058826,9,0.530973451327,True,central_material_loss_rule_satisfied|endpoint_material_support_observed|connected_bite_case
397,broken,False,y,18.0,16.0,2.0,0.0,15.0,2.0,1.0,True,0.955752212389,0.367256637168,5780,5780,5780,1.0,1.0,1.0,0,0.5754894073478145,0.8884955752212389,0.39823008849557523,0.4100294985250737,0.46148738379814075,0.3560304237595074,0.44424778761061945,0.15151515151515152,3,0.367256637168,True,central_material_loss_rule_satisfied|endpoint_material_support_observed|connected_bite_case
401,broken,False,y,18.0,14.0,3.0,1.0,15.0,3.0,0.0,True,0.464601769912,1.0,6188,6188,6188,1.0,1.0,1.0,0,0.6623759721104854,0.9876106194690265,0.4690265486725664,0.47492625368731567,0.48088410991636804,0.3305637015314434,0.49380530973451325,0.18181818181818182,4,0.464601769912,True,central_material_loss_rule_satisfied|endpoint_material_support_observed|connected_bite_case
404,broken,False,y,18.0,16.0,3.0,1.0,15.0,3.0,0.0,True,0.448377581121,0.997050147493,5993,5993,5993,1.0,1.0,1.0,0,0.6494013534617387,0.9823008849557522,0.39823008849557523,0.40707964601769914,0.41441441441441446,0.34022257551669316,0.4911504424778761,0.5,17,0.448377581121,True,central_material_loss_rule_satisfied|endpoint_material_support_observed|connected_bite_case
407,broken,False,y,18.0,15.0,2.0,1.0,15.0,3.0,0.0,True,0.323008849558,1.0,5745,5745,5745,1.0,1.0,1.0,0,0.5465272190935908,0.936283185840708,0.3008849557522124,0.30973451327433627,0.330812854442344,0.42252391590765886,0.468141592920354,0.5757575757575758,19,0.323008849558,True,central_material_loss_rule_satisfied|endpoint_material_support_observed|connected_bite_case
411,broken,False,y,18.0,15.0,4.0,1.0,15.0,3.0,0.0,True,0.327433628319,0.933628318584,5919,5919,5919,1.0,1.0,1.0,0,0.5650308393671226,0.9026548672566371,0.26548672566371684,0.2772861356932153,0.3071895424836601,0.3758169934640523,0.45132743362831856,0.48484848484848486,16,0.327433628319,True,central_material_loss_rule_satisfied|endpoint_material_support_observed|connected_bite_case
416,broken,False,y,18.0,16.0,2.0,0.0,16.0,3.0,1.0,True,0.893805309735,0.305309734513,5368,5368,5368,1.0,1.0,1.0,0,0.44060069723786544,0.8035398230088496,0.26548672566371684,0.26843657817109146,0.3340675477239354,0.45828327326124685,0.4017699115044248,0.6363636363636364,19,0.305309734513,True,central_material_loss_rule_satisfied|endpoint_material_support_observed|connected_bite_case
424,broken,False,y,18.0,16.0,2.0,0.0,17.0,2.0,1.0,True,0.946902654867,0.398230088496,5760,5760,5760,1.0,1.0,1.0,0,0.5553767766157147,0.8619469026548673,0.3805309734513274,0.3834808259587021,0.44490075290896647,0.36295190093958063,0.43097345132743364,0.21212121212121213,7,0.398230088496,True,central_material_loss_rule_satisfied|endpoint_material_support_observed|connected_bite_case
429,broken,False,y,18.0,16.0,3.0,1.0,17.0,3.0,0.0,True,0.265486725664,0.884955752212,4947,4947,4947,1.0,1.0,1.0,0,0.3794898490369599,0.6858407079646017,0.168141592920354,0.17994100294985252,0.2623655913978495,0.46603415559772293,0.34292035398230086,0.6764705882352942,23,0.265486725664,True,central_material_loss_rule_satisfied|endpoint_material_support_observed|connected_bite_case
432,broken,False,y,18.0,18.0,3.0,1.0,17.0,3.0,0.0,True,0.336283185841,0.800884955752,4953,4953,4953,1.0,1.0,1.0,0,0.488108407079646,0.7318584070796463,0.3185840707964602,0.3333333333333333,0.45546150745667047,0.3418228536880292,0.36592920353982317,0.125,4,0.336283185841,True,central_material_loss_rule_satisfied|endpoint_material_support_observed|connected_bite_case
434,broken,False,y,18.0,18.0,3.0,1.0,17.0,3.0,2.0,False,0.29203539823,0.106194690265,1765,1514,1514,0.6666666666666666,1.0,0.0,11,0.1378385626173237,0.2814159292035398,0.0,0.0,0.0,0.5157232704402516,0.1407079646017699,0.45454545454545453,15,0.106194690265,True,central_material_loss_rule_satisfied|endpoint_material_support_observed|disconnected_fragment_case
435,broken,False,y,18.0,17.0,2.0,1.0,17.0,3.0,0.0,True,0.305309734513,0.800884955752,5159,5159,5159,1.0,1.0,1.0,0,0.4078841512469831,0.6548672566371683,0.24778761061946902,0.26253687315634217,0.4009009009009008,0.38902538902538913,0.32743362831858414,0.45454545454545453,15,0.305309734513,True,central_material_loss_rule_satisfied|endpoint_material_support_observed|connected_bite_case
439,broken,False,y,18.0,17.0,4.0,1.0,17.0,3.0,0.0,True,0.383480825959,0.772861356932,5100,5100,5100,1.0,1.0,1.0,0,0.3998390989541432,0.6654867256637168,0.26548672566371684,0.2713864306784661,0.4078014184397163,0.41175048355899424,0.3327433628318584,0.3939393939393939,13,0.383480825959,True,central_material_loss_rule_satisfied|endpoint_material_support_observed|connected_bite_case
449,broken,False,y,18.0,2.0,4.0,0.0,1.0,4.0,1.0,True,0.818584070796,0.420353982301,5914,5914,5914,1.0,1.0,1.0,0,0.5746849021185305,0.7646017699115044,0.36283185840707965,0.36578171091445427,0.4783950617283951,0.2513327721661055,0.3823008849557522,0.12121212121212122,4,0.420353982301,True,central_material_loss_rule_satisfied|endpoint_material_support_observed|connected_bite_case
450,broken,False,y,18.0,0.0,4.0,2.0,1.0,4.0,1.0,True,0.393805309735,0.41592920354,4102,4102,4102,1.0,1.0,1.0,0,0.30254424778761063,0.39823008849557523,0.1504424778761062,0.1592920353982301,0.39999999999999997,0.24444444444444444,0.19911504424778761,0.1875,6,0.393805309735,True,central_material_loss_rule_satisfied|endpoint_material_support_observed|connected_bite_case
473,broken,False,y,18.0,4.0,4.0,0.0,3.0,4.0,1.0,True,0.933628318584,0.570796460177,6172,6172,6172,1.0,1.0,1.0,0,0.6205417001877179,0.863716814159292,0.36283185840707965,0.36283185840707965,0.42008196721311475,0.286388474913065,0.431858407079646,0.18181818181818182,6,0.570796460177,True,central_material_loss_rule_satisfied|endpoint_material_support_observed|connected_bite_case
475,broken,False,y,18.0,4.0,4.0,2.0,3.0,4.0,1.0,True,0.137168141593,0.495575221239,4277,4277,4277,0.9393939393939394,0.8181818181818182,1.0,2,0.252614641995173,0.39823008849557523,0.035398230088495575,0.0471976401179941,0.11851851851851851,0.37575757575757573,0.19911504424778761,0.3333333333333333,11,0.137168141593,True,central_material_loss_rule_satisfied|endpoint_material_support_observed|connected_bite_case
483,broken,False,y,18.0,3.0,4.0,1.0,3.0,5.0,0.0,True,0.362831858407,0.871681415929,5844,5844,5844,1.0,1.0,1.0,0,0.5363368195226602,0.7858407079646018,0.3274336283185841,0.3333333333333333,0.42417417417417413,0.32152607152607154,0.3929203539823009,0.30303030303030304,10,0.362831858407,True,central_material_loss_rule_satisfied|endpoint_material_support_observed|connected_bite_case
487,broken,False,y,18.0,3.0,6.0,1.0,3.0,5.0,0.0,True,0.398230088496,0.889380530973,5875,5875,5875,1.0,1.0,1.0,0,0.5422365245374096,0.8601769911504425,0.3805309734513274,0.38643067846607665,0.44924554183813437,0.3728020950243173,0.4300884955752213,0.45454545454545453,12,0.398230088496,True,central_material_loss_rule_satisfied|endpoint_material_support_observed|connected_bite_case
492,broken,False,y,18.0,4.0,4.0,0.0,4.0,5.0,1.0,True,0.951327433628,0.438053097345,6047,6047,6047,1.0,1.0,1.0,0,0.5848753016894611,0.9221238938053098,0.336283185840708,0.359882005899705,0.3902751119641714,0.36811493049496896,0.4610619469026549,0.45454545454545453,15,0.438053097345,True,central_material_loss_rule_satisfied|endpoint_material_support_observed|connected_bite_case
493,broken,False,y,18.0,4.0,6.0,0.0,4.0,5.0,1.0,True,0.924778761062,0.41592920354,5989,5989,5989,1.0,1.0,1.0,0,0.583266291230893,0.856637168141593,0.3893805309734513,0.40117994100294985,0.4683195592286501,0.32156273478587527,0.4283185840707965,0.2727272727272727,6,0.41592920354,True,central_material_loss_rule_satisfied|endpoint_material_support_observed|connected_bite_case
497,broken,False,y,18.0,6.0,4.0,0.0,5.0,4.0,1.0,True,0.995575221239,0.5,5982,5982,5982,1.0,1.0,1.0,0,0.5725395548404398,0.9380530973451328,0.11504424778761062,0.12094395280235988,0.1289308176100629,0.3939393939393939,0.4690265486725664,0.42424242424242425,14,0.5,True,central_material_loss_rule_satisfied|endpoint_material_support_observed|connected_bite_case
507,broken,False,y,18.0,5.0,4.0,1.0,5.0,5.0,0.0,True,0.305309734513,0.995575221239,6015,6015,6015,1.0,1.0,1.0,0,0.5870206489675517,0.8920353982300885,0.3008849557522124,0.3126843657817109,0.3505291005291005,0.35179172679172677,0.44601769911504424,0.42424242424242425,14,0.305309734513,True,central_material_loss_rule_satisfied|endpoint_material_support_observed|connected_bite_case
511,broken,False,y,18.0,5.0,6.0,1.0,5.0,5.0,0.0,True,0.446902654867,0.995575221239,6116,6116,6116,1.0,1.0,1.0,0,0.6044515956020381,0.9716814159292035,0.3274336283185841,0.33923303834808255,0.34911961141469333,0.3795330352707402,0.48584070796460177,0.5151515151515151,17,0.446902654867,True,central_material_loss_rule_satisfied|endpoint_material_support_observed|connected_bite_case
516,broken,False,y,18.0,6.0,4.0,0.0,6.0,5.0,1.0,True,1.0,0.438053097345,6397,6397,6397,1.0,1.0,1.0,0,0.6757843925985519,0.9982300884955753,0.37168141592920356,0.38348082595870203,0.384160756501182,0.3232323232323232,0.49911504424778763,0.3939393939393939,13,0.438053097345,True,central_material_loss_rule_satisfied|endpoint_material_support_observed|connected_bite_case
517,broken,False,y,18.0,6.0,6.0,0.0,6.0,5.0,1.0,True,1.0,0.464601769912,6333,6333,6333,1.0,1.0,1.0,0,0.6575489407347815,0.9628318584070796,0.415929203539823,0.4218289085545723,0.4381127450980392,0.32063279857397503,0.4814159292035398,0.3333333333333333,11,0.464601769912,True,central_material_loss_rule_satisfied|endpoint_material_support_observed|connected_bite_case
520,broken,False,y,18.0,6.0,4.0,0.0,7.0,4.0,1.0,True,1.0,0.530973451327,6748,6748,6748,1.0,1.0,1.0,0,0.7728613569321534,1.0,0.4690265486725664,0.4837758112094395,0.4837758112094395,0.22713864306784662,0.5,0.12121212121212122,4,0.530973451327,True,central_material_loss_rule_satisfied|endpoint_material_support_observed|connected_bite_case
521,broken,False,y,18.0,8.0,4.0,0.0,7.0,4.0,1.0,True,1.0,0.535398230088,6494,6494,6494,1.0,1.0,1.0,0,0.721373022257978,1.0,0.39823008849557523,0.4218289085545723,0.4218289085545723,0.278626977742022,0.5,0.15151515151515152,5,0.535398230088,True,central_material_loss_rule_satisfied|endpoint_material_support_observed|connected_bite_case
523,broken,False,y,18.0,8.0,4.0,2.0,7.0,4.0,1.0,True,0.340707964602,0.438053097345,4328,4328,4328,1.0,1.0,1.0,0,0.2703137570394208,0.35398230088495575,0.10619469026548672,0.12094395280235988,0.3416666666666667,0.24621212121212122,0.17699115044247787,0.21212121212121213,7,0.340707964602,True,central_material_loss_rule_satisfied|endpoint_material_support_observed|connected_bite_case
525,broken,False,y,18.0,6.0,5.0,1.0,7.0,5.0,0.0,True,0.592920353982,1.0,6216,6216,6216,1.0,1.0,1.0,0,0.6334137838562617,1.0,0.2743362831858407,0.2920353982300885,0.2920353982300885,0.3665862161437383,0.5,0.3939393939393939,13,0.592920353982,True,central_material_loss_rule_satisfied|endpoint_material_support_observed|connected_bite_case
530,broken,False,y,18.0,8.0,5.0,1.0,7.0,5.0,2.0,True,0.451327433628,0.212389380531,4411,4411,4411,1.0,1.0,1.0,0,0.28962188254223653,0.41415929203539825,0.19469026548672566,0.20648967551622419,0.49857549857549854,0.3057498057498058,0.20707964601769913,0.15151515151515152,2,0.212389380531,True,central_material_loss_rule_satisfied|endpoint_material_support_observed|connected_bite_case
531,broken,False,y,18.0,7.0,4.0,1.0,7.0,5.0,0.0,True,0.353982300885,1.0,6265,6265,6265,1.0,1.0,1.0,0,0.6524537409493162,1.0,0.3185840707964602,0.3392330383480826,0.3392330383480826,0.3475462590506838,0.5,0.36363636363636365,12,0.353982300885,True,central_material_loss_rule_satisfied|endpoint_material_support_observed|connected_bite_case
535,broken,False,y,18.0,7.0,6.0,1.0,7.0,5.0,0.0,True,0.358407079646,1.0,6464,6464,6464,1.0,1.0,1.0,0,0.7154733172432287,1.0,0.37168141592920356,0.37168141592920356,0.37168141592920356,0.28452668275677123,0.5,0.3333333333333333,10,0.358407079646,True,central_material_loss_rule_satisfied|endpoint_material_support_observed|connected_bite_case
540,broken,False,y,18.0,8.0,4.0,0.0,8.0,5.0,1.0,True,1.0,0.398230088496,6530,6530,6530,1.0,1.0,1.0,0,0.7178868329310808,1.0,0.3805309734513274,0.3864306784660767,0.3864306784660767,0.2821131670689193,0.5,0.3333333333333333,11,0.398230088496,True,central_material_loss_rule_satisfied|endpoint_material_support_observed|connected_bite_case
541,broken,False,y,18.0,8.0,6.0,0.0,8.0,5.0,1.0,True,1.0,0.389380530973,6435,6435,6435,1.0,1.0,1.0,0,0.6859747921694825,0.9946902654867257,0.34513274336283184,0.359882005899705,0.361803084223013,0.3110104604766527,0.49734513274336284,0.2727272727272727,9,0.389380530973,True,central_material_loss_rule_satisfied|endpoint_material_support_observed|connected_bite_case
544,broken,False,y,18.0,8.0,4.0,0.0,9.0,4.0,1.0,True,1.0,0.522123893805,6853,6853,6853,1.0,1.0,1.0,0,0.8055779029230357,1.0,0.45132743362831856,0.48082595870206485,0.48082595870206485,0.19442209707696434,0.5,0.12121212121212122,4,0.522123893805,True,central_material_loss_rule_satisfied|endpoint_material_support_observed|connected_bite_case
555,broken,False,y,18.0,9.0,4.0,1.0,9.0,5.0,0.0,True,0.384955752212,1.0,6351,6351,6351,1.0,1.0,1.0,0,0.6816840976133012,1.0,0.30973451327433627,0.3244837758112094,0.3244837758112094,0.3183159023866989,0.5,0.30303030303030304,10,0.384955752212,True,central_material_loss_rule_satisfied|endpoint_material_support_observed|connected_bite_case
559,broken,False,y,18.0,9.0,6.0,1.0,9.0,5.0,0.0,True,0.398230088496,1.0,6525,6525,6525,1.0,1.0,1.0,0,0.7181550013408421,1.0,0.34513274336283184,0.35693215339233036,0.35693215339233036,0.28184499865915796,0.5,0.3939393939393939,13,0.398230088496,True,central_material_loss_rule_satisfied|endpoint_material_support_observed|connected_bite_case
564,broken,False,y,18.0,10.0,4.0,0.0,10.0,5.0,1.0,True,1.0,0.33185840708,6425,6425,6425,1.0,1.0,1.0,0,0.6991150442477877,1.0,0.2743362831858407,0.2831858407079646,0.2831858407079646,0.3008849557522124,0.5,0.3333333333333333,11,0.33185840708,True,central_material_loss_rule_satisfied|endpoint_material_support_observed|connected_bite_case
565,broken,False,y,18.0,10.0,6.0,0.0,10.0,5.0,1.0,True,1.0,0.367256637168,6542,6542,6542,1.0,1.0,1.0,0,0.718155001340842,1.0,0.34513274336283184,0.359882005899705,0.359882005899705,0.2818449986591579,0.5,0.30303030303030304,10,0.367256637168,True,central_material_loss_rule_satisfied|endpoint_material_support_observed|connected_bite_case
569,broken,False,y,18.0,12.0,4.0,0.0,11.0,4.0,1.0,True,1.0,0.601769911504,6178,6178,6178,1.0,1.0,1.0,0,0.6454813622955217,1.0,0.23893805309734514,0.25663716814159293,0.25663716814159293,0.35451863770447845,0.5,0.3939393939393939,13,0.601769911504,True,central_material_loss_rule_satisfied|endpoint_material_support_observed|connected_bite_case
573,broken,False,y,18.0,10.0,5.0,1.0,11.0,5.0,0.0,True,0.46017699115,1.0,6305,6305,6305,1.0,1.0,1.0,0,0.687315634218289,1.0,0.45132743362831856,0.46017699115044247,0.46017699115044247,0.31268436578171094,0.5,0.36363636363636365,5,0.46017699115,True,central_material_loss_rule_satisfied|endpoint_material_support_observed|connected_bite_case
574,broken,False,y,18.0,10.0,5.0,1.0,11.0,6.0,1.0,True,0.203539823009,0.265486725664,4164,4164,4164,1.0,1.0,1.0,0,0.22257978010190402,0.26548672566371684,0.10619469026548672,0.11504424778761062,0.4333333333333333,0.1646464646464647,0.13274336283185842,0.09090909090909091,3,0.203539823009,True,central_material_loss_rule_satisfied|endpoint_material_support_observed|connected_bite_case
579,broken,False,y,18.0,11.0,4.0,1.0,11.0,5.0,0.0,True,0.407079646018,1.0,6383,6383,6383,1.0,1.0,1.0,0,0.6967015285599357,1.0,0.37168141592920356,0.38348082595870203,0.38348082595870203,0.3032984714400644,0.5,0.3333333333333333,11,0.407079646018,True,central_material_loss_rule_satisfied|endpoint_material_support_observed|connected_bite_case
583,broken,False,y,18.0,11.0,6.0,1.0,11.0,5.0,0.0,True,0.358407079646,1.0,6551,6551,6551,1.0,1.0,1.0,0,0.7312952534191473,1.0,0.34513274336283184,0.3510324483775811,0.3510324483775811,0.26870474658085275,0.5,0.24242424242424243,8,0.358407079646,True,central_material_loss_rule_satisfied|endpoint_material_support_observed|connected_bite_case
588,broken,False,y,18.0,12.0,4.0,0.0,12.0,5.0,1.0,True,1.0,0.340707964602,6568,6568,6568,1.0,1.0,1.0,0,0.7334406006972377,1.0,0.3274336283185841,0.3333333333333333,0.3333333333333333,0.2665593993027621,0.5,0.30303030303030304,10,0.340707964602,True,central_material_loss_rule_satisfied|endpoint_material_support_observed|connected_bite_case
589,broken,False,y,18.0,12.0,6.0,0.0,12.0,5.0,1.0,True,1.0,0.371681415929,6363,6363,6363,1.0,1.0,1.0,0,0.6942880128720837,1.0,0.36283185840707965,0.3687315634218289,0.3687315634218289,0.30571198712791636,0.5,0.21212121212121213,7,0.371681415929,True,central_material_loss_rule_satisfied|endpoint_material_support_observed|connected_bite_case
595,broken,False,y,18.0,14.0,4.0,2.0,13.0,4.0,1.0,True,0.389380530973,0.41592920354,4572,4572,4572,1.0,1.0,1.0,0,0.34754625905068387,0.45486725663716815,0.168141592920354,0.18584070796460178,0.4085603112840467,0.24089140431552883,0.22743362831858407,0.12121212121212122,4,0.389380530973,True,central_material_loss_rule_satisfied|endpoint_material_support_observed|connected_bite_case
597,broken,False,y,18.0,12.0,5.0,1.0,13.0,5.0,0.0,True,0.446902654867,1.0,6672,6672,6672,1.0,1.0,1.0,0,0.7945829981228212,1.0,0.45132743362831856,0.4572271386430678,0.4572271386430678,0.20541700187717885,0.5,0.12121212121212122,4,0.446902654867,True,central_material_loss_rule_satisfied|endpoint_material_support_observed|connected_bite_case
600,broken,False,y,18.0,14.0,5.0,1.0,13.0,5.0,0.0,True,0.492625368732,1.0,6540,6540,6540,1.0,1.0,1.0,0,0.7537740760020822,1.0,0.4424778761061947,0.44837758112094395,0.44837758112094395,0.24622592399791773,0.5,0.23529411764705882,8,0.492625368732,True,central_material_loss_rule_satisfied|endpoint_material_support_observed|connected_bite_case
603,broken,False,y,18.0,13.0,4.0,1.0,13.0,5.0,0.0,True,0.389380530973,1.0,6384,6384,6384,1.0,1.0,1.0,0,0.6924108340037544,1.0,0.40707964601769914,0.41887905604719766,0.41887905604719766,0.30758916599624564,0.5,0.30303030303030304,9,0.389380530973,True,central_material_loss_rule_satisfied|endpoint_material_support_observed|connected_bite_case
607,broken,False,y,18.0,13.0,6.0,1.0,13.0,5.0,0.0,True,0.464601769912,1.0,6440,6440,6440,1.0,1.0,1.0,0,0.6980423706087423,1.0,0.336283185840708,0.34808259587020646,0.34808259587020646,0.3019576293912577,0.5,0.36363636363636365,12,0.464601769912,True,central_material_loss_rule_satisfied|endpoint_material_support_observed|connected_bite_case
612,broken,False,y,18.0,14.0,4.0,0.0,14.0,5.0,1.0,True,1.0,0.33185840708,6234,6234,6234,1.0,1.0,1.0,0,0.655671761866452,0.9628318584070796,0.3008849557522124,0.30973451327433627,0.3216911764705882,0.3220254010695187,0.4814159292035398,0.42424242424242425,14,0.33185840708,True,central_material_loss_rule_satisfied|endpoint_material_support_observed|connected_bite_case
613,broken,False,y,18.0,14.0,6.0,0.0,14.0,5.0,1.0,True,1.0,0.362831858407,6206,6206,6206,1.0,1.0,1.0,0,0.6634486457495307,1.0,0.36283185840707965,0.3716814159292035,0.3716814159292035,0.33655135425046934,0.5,0.36363636363636365,12,0.362831858407,True,central_material_loss_rule_satisfied|endpoint_material_support_observed|connected_bite_case
616,broken,False,y,18.0,14.0,4.0,0.0,15.0,4.0,1.0,True,1.0,0.480825958702,6411,6411,6411,1.0,1.0,1.0,0,0.7160096540627514,1.0,0.4336283185840708,0.4365781710914454,0.4365781710914454,0.2839903459372486,0.5,0.15151515151515152,5,0.480825958702,True,central_material_loss_rule_satisfied|endpoint_material_support_observed|connected_bite_case
617,broken,False,y,18.0,16.0,4.0,0.0,15.0,4.0,1.0,True,1.0,0.362831858407,5837,5837,5837,1.0,1.0,1.0,0,0.5730758916599624,0.9699115044247788,0.2743362831858407,0.2831858407079646,0.291970802919708,0.4120769741207697,0.4849557522123894,0.42424242424242425,14,0.362831858407,True,central_material_loss_rule_satisfied|endpoint_material_support_observed|connected_bite_case
621,broken,False,y,18.0,14.0,5.0,1.0,15.0,5.0,0.0,True,0.455752212389,1.0,6110,6110,6110,1.0,1.0,1.0,0,0.640117994100295,0.9982300884955753,0.4336283185840708,0.43362831858407075,0.4343971631205673,0.3589619600257898,0.49911504424778763,0.45454545454545453,15,0.455752212389,True,central_material_loss_rule_satisfied|endpoint_material_support_observed|connected_bite_case
624,broken,False,y,18.0,16.0,5.0,1.0,15.0,5.0,0.0,True,0.442477876106,1.0,6101,6101,6101,1.0,1.0,1.0,0,0.6491410723581469,0.9946902654867257,0.37168141592920356,0.3864306784660767,0.3884934756820878,0.3480217709859745,0.49734513274336284,0.5,17,0.442477876106,True,central_material_loss_rule_satisfied|endpoint_material_support_observed|connected_bite_case
627,broken,False,y,18.0,15.0,4.0,1.0,15.0,5.0,0.0,True,0.318584070796,1.0,6019,6019,6019,1.0,1.0,1.0,0,0.6194690265486726,0.9929203539823009,0.2743362831858407,0.30088495575221236,0.303030303030303,0.3769783395451845,0.49646017699115047,0.45454545454545453,15,0.318584070796,True,central_material_loss_rule_satisfied|endpoint_material_support_observed|connected_bite_case
631,broken,False,y,18.0,15.0,6.0,1.0,15.0,5.0,0.0,True,0.318584070796,1.0,6051,6051,6051,1.0,1.0,1.0,0,0.5956020380799142,0.9451327433628319,0.30973451327433627,0.3244837758112094,0.3433208489388264,0.3731699012597889,0.47256637168141596,0.48484848484848486,16,0.318584070796,True,central_material_loss_rule_satisfied|endpoint_material_support_observed|connected_bite_case
636,broken,False,y,18.0,16.0,4.0,0.0,16.0,5.0,1.0,True,0.914454277286,0.30383480826,5552,5552,5552,1.0,1.0,1.0,0,0.5052056220718376,0.8707964601769912,0.25663716814159293,0.2654867256637168,0.30487804878048774,0.4235413677666189,0.4353982300884956,0.47058823529411764,16,0.30383480826,True,central_material_loss_rule_satisfied|endpoint_material_support_observed|connected_bite_case
637,broken,False,y,18.0,16.0,6.0,0.0,16.0,5.0,1.0,True,0.973451327434,0.345132743363,5632,5632,5632,1.0,1.0,1.0,0,0.5215875569857871,0.8831858407079647,0.336283185840708,0.3421828908554572,0.38744154976619904,0.4127041962713306,0.44159292035398234,0.5454545454545454,18,0.345132743363,True,central_material_loss_rule_satisfied|endpoint_material_support_observed|connected_bite_case
649,broken,False,y,18.0,16.0,5.0,1.0,17.0,5.0,0.0,True,0.411504424779,0.920353982301,5482,5482,5482,1.0,1.0,1.0,0,0.48490369599167105,0.8026548672566372,0.3008849557522124,0.30678466076696165,0.38221242190371185,0.40307412932096764,0.4013274336283186,0.5,17,0.411504424779,True,central_material_loss_rule_satisfied|endpoint_material_support_observed|connected_bite_case
652,broken,False,y,18.0,18.0,5.0,1.0,17.0,5.0,0.0,True,0.309734513274,0.814159292035,4710,4710,4710,1.0,1.0,1.0,0,0.41980088495575224,0.7230088495575224,0.30973451327433627,0.3156342182890855,0.43655650754793934,0.4282435740514078,0.3615044247787612,0.53125,9,0.309734513274,True,central_material_loss_rule_satisfied|endpoint_material_support_observed|connected_bite_case
659,broken,False,y,18.0,17.0,6.0,1.0,17.0,5.0,0.0,True,0.410029498525,0.834808259587,5365,5365,5365,1.0,1.0,1.0,0,0.44768349817803227,0.6964601769911504,0.30973451327433627,0.3185840707964601,0.45743329097839897,0.37297256895134157,0.3482300884955752,0.2647058823529412,9,0.410029498525,True,central_material_loss_rule_satisfied|endpoint_material_support_observed|connected_bite_case
673,broken,False,y,18.0,0.0,7.0,1.0,1.0,7.0,0.0,True,0.407079646018,0.659292035398,4618,4618,4618,1.0,1.0,1.0,0,0.3752765486725664,0.547787610619469,0.23893805309734514,0.2536873156342183,0.46311254711900923,0.3262318255250404,0.2738938053097345,0.1875,3,0.407079646018,True,central_material_loss_rule_satisfied|endpoint_material_support_observed|connected_bite_case
688,broken,False,y,18.0,2.0,6.0,0.0,2.0,7.0,1.0,True,0.849557522124,0.349557522124,5412,5412,5412,1.0,1.0,1.0,0,0.42558326629123094,0.6654867256637168,0.2831858407079646,0.30088495575221236,0.45212765957446804,0.37628949065119277,0.3327433628318584,0.42424242424242425,13,0.349557522124,True,central_material_loss_rule_satisfied|endpoint_material_support_observed|connected_bite_case
693,broken,False,y,18.0,4.0,6.0,0.0,3.0,6.0,1.0,True,0.889380530973,0.446902654867,6027,6027,6027,1.0,1.0,1.0,0,0.5811209439528024,0.8530973451327434,0.2743362831858407,0.2831858407079646,0.33195020746887965,0.3223940651326544,0.4265486725663717,0.42424242424242425,14,0.446902654867,True,central_material_loss_rule_satisfied|endpoint_material_support_observed|connected_bite_case
703,broken,False,y,18.0,3.0,6.0,1.0,3.0,7.0,0.0,True,0.46017699115,0.867256637168,5907,5907,5907,1.0,1.0,1.0,0,0.5449182086350228,0.8070796460176992,0.3805309734513274,0.38938053097345127,0.4824561403508771,0.3282163742690059,0.4035398230088496,0.18181818181818182,4,0.46017699115,True,central_material_loss_rule_satisfied|endpoint_material_support_observed|connected_bite_case
707,broken,False,y,18.0,3.0,8.0,1.0,3.0,7.0,0.0,True,0.384955752212,0.91592920354,5764,5764,5764,1.0,1.0,1.0,0,0.5213193885760259,0.7893805309734514,0.37168141592920356,0.3775811209439528,0.47832585949177875,0.3515423291208045,0.3946902654867257,0.09090909090909091,3,0.384955752212,True,central_material_loss_rule_satisfied|endpoint_material_support_observed|connected_bite_case
712,broken,False,y,18.0,4.0,6.0,0.0,4.0,7.0,1.0,True,0.96017699115,0.384955752212,6048,6048,6048,1.0,1.0,1.0,0,0.5883614910163583,0.8796460176991151,0.36283185840707965,0.3775811209439528,0.4292421193829644,0.3385769160417048,0.43982300884955755,0.18181818181818182,6,0.384955752212,True,central_material_loss_rule_satisfied|endpoint_material_support_observed|connected_bite_case
713,broken,False,y,18.0,4.0,8.0,0.0,4.0,7.0,1.0,True,0.942477876106,0.420353982301,5959,5959,5959,1.0,1.0,1.0,0,0.5580584607133279,0.8743362831858408,0.40707964601769914,0.41297935103244837,0.4723346828609986,0.36351367930315304,0.4371681415929204,0.36363636363636365,6,0.420353982301,True,central_material_loss_rule_satisfied|endpoint_material_support_observed|connected_bite_case
727,broken,False,y,18.0,5.0,6.0,1.0,5.0,7.0,0.0,True,0.424778761062,0.995575221239,6181,6181,6181,1.0,1.0,1.0,0,0.6082059533386966,0.9504424778761061,0.35398230088495575,0.35693215339233036,0.3755431409062694,0.36357993341233563,0.47522123893805307,0.42424242424242425,14,0.424778761062,True,central_material_loss_rule_satisfied|endpoint_material_support_observed|connected_bite_case
731,broken,False,y,18.0,5.0,8.0,1.0,5.0,7.0,0.0,True,0.411504424779,0.995575221239,6085,6085,6085,1.0,1.0,1.0,0,0.5996245642263341,0.9575221238938053,0.39823008849557523,0.40117994100294985,0.41897720271102895,0.3760712485296589,0.47876106194690266,0.5454545454545454,18,0.411504424779,True,central_material_loss_rule_satisfied|endpoint_material_support_observed|connected_bite_case
736,broken,False,y,18.0,6.0,6.0,0.0,6.0,7.0,1.0,True,1.0,0.411504424779,6273,6273,6273,1.0,1.0,1.0,0,0.6554035934566909,0.9911504424778761,0.3893805309734513,0.39233038348082594,0.3958333333333333,0.33928571428571425,0.49557522123893805,0.3333333333333333,11,0.411504424779,True,central_material_loss_rule_satisfied|endpoint_material_support_observed|connected_bite_case
737,broken,False,y,18.0,6.0,8.0,0.0,6.0,7.0,1.0,True,1.0,0.424778761062,6283,6283,6283,1.0,1.0,1.0,0,0.6478948779833735,0.9734513274336283,0.40707964601769914,0.41297935103244837,0.42424242424242425,0.3366391184573002,0.48672566371681414,0.3333333333333333,11,0.424778761062,True,central_material_loss_rule_satisfied|endpoint_material_support_observed|connected_bite_case
741,broken,False,y,18.0,8.0,6.0,0.0,7.0,6.0,1.0,True,1.0,0.606194690265,6577,6577,6577,1.0,1.0,1.0,0,0.7318315902386698,1.0,0.46017699115044247,0.471976401179941,0.471976401179941,0.26816840976133005,0.5,0.18181818181818182,6,0.606194690265,True,central_material_loss_rule_satisfied|endpoint_material_support_observed|connected_bite_case
745,broken,False,y,18.0,6.0,7.0,1.0,7.0,7.0,0.0,True,0.526548672566,1.0,6483,6483,6483,1.0,1.0,1.0,0,0.7015285599356396,1.0,0.4424778761061947,0.46017699115044247,0.46017699115044247,0.2984714400643604,0.5,0.24242424242424243,4,0.526548672566,True,central_material_loss_rule_satisfied|endpoint_material_support_observed|connected_bite_case
751,broken,False,y,18.0,7.0,6.0,1.0,7.0,7.0,0.0,True,0.389380530973,1.0,6245,6245,6245,1.0,1.0,1.0,0,0.6444086886564763,1.0,0.30973451327433627,0.30973451327433627,0.30973451327433627,0.35559131134352373,0.5,0.42424242424242425,14,0.389380530973,True,central_material_loss_rule_satisfied|endpoint_material_support_observed|connected_bite_case
755,broken,False,y,18.0,7.0,8.0,1.0,7.0,7.0,0.0,True,0.384955752212,1.0,6229,6229,6229,1.0,1.0,1.0,0,0.6427996781979083,0.9823008849557522,0.37168141592920356,0.38348082595870203,0.39039039039039036,0.346983346983347,0.4911504424778761,0.45454545454545453,15,0.384955752212,True,central_material_loss_rule_satisfied|endpoint_material_support_observed|connected_bite_case
760,broken,False,y,18.0,8.0,6.0,0.0,8.0,7.0,1.0,True,1.0,0.411504424779,6529,6529,6529,1.0,1.0,1.0,0,0.718959506570126,1.0,0.415929203539823,0.4247787610619469,0.4247787610619469,0.28104049342987397,0.5,0.30303030303030304,10,0.411504424779,True,central_material_loss_rule_satisfied|endpoint_material_support_observed|connected_bite_case
761,broken,False,y,18.0,8.0,8.0,0.0,8.0,7.0,1.0,True,1.0,0.429203539823,6280,6280,6280,1.0,1.0,1.0,0,0.6473585411638508,0.9893805309734514,0.3805309734513274,0.3982300884955752,0.40250447227191405,0.346723044397463,0.4946902654867257,0.42424242424242425,14,0.429203539823,True,central_material_loss_rule_satisfied|endpoint_material_support_observed|connected_bite_case
769,broken,False,y,18.0,8.0,7.0,1.0,9.0,7.0,0.0,True,0.37610619469,1.0,6373,6373,6373,1.0,1.0,1.0,0,0.701796728345401,1.0,0.37168141592920356,0.41002949852507375,0.41002949852507375,0.2982032716545991,0.5,0.2727272727272727,9,0.37610619469,True,central_material_loss_rule_satisfied|endpoint_material_support_observed|connected_bite_case
775,broken,False,y,18.0,9.0,6.0,1.0,9.0,7.0,0.0,True,0.411504424779,1.0,6409,6409,6409,1.0,1.0,1.0,0,0.6846339501206757,0.9982300884955753,0.39823008849557523,0.41002949852507375,0.4107565011820331,0.31436707500537286,0.49911504424778763,0.3333333333333333,11,0.411504424779,True,central_material_loss_rule_satisfied|endpoint_material_support_observed|connected_bite_case
779,broken,False,y,18.0,9.0,8.0,1.0,9.0,7.0,0.0,True,0.429203539823,1.0,6363,6363,6363,1.0,1.0,1.0,0,0.6843657817109143,1.0,0.39823008849557523,0.4070796460176991,0.4070796460176991,0.31563421828908556,0.5,0.3333333333333333,11,0.429203539823,True,central_material_loss_rule_satisfied|endpoint_material_support_observed|connected_bite_case
784,broken,False,y,18.0,10.0,6.0,0.0,10.0,7.0,1.0,True,1.0,0.464601769912,6406,6406,6406,1.0,1.0,1.0,0,0.6916063287744704,1.0,0.4424778761061947,0.44542772861356933,0.44542772861356933,0.30839367122552963,0.5,0.21212121212121213,5,0.464601769912,True,central_material_loss_rule_satisfied|endpoint_material_support_observed|connected_bite_case
785,broken,False,y,18.0,10.0,8.0,0.0,10.0,7.0,1.0,True,1.0,0.407079646018,6469,6469,6469,1.0,1.0,1.0,0,0.7026012335746848,0.9982300884955753,0.3893805309734513,0.40117994100294985,0.4018912529550827,0.296367934665807,0.49911504424778763,0.2727272727272727,8,0.407079646018,True,central_material_loss_rule_satisfied|endpoint_material_support_observed|connected_bite_case
792,broken,False,y,18.0,10.0,7.0,1.0,11.0,7.0,2.0,True,0.367256637168,0.362831858407,4328,4328,4328,1.0,1.0,1.0,0,0.26092786269777424,0.35221238938053095,0.07079646017699115,0.07964601769911504,0.22613065326633167,0.2605451499923861,0.17610619469026548,0.18181818181818182,6,0.362831858407,True,central_material_loss_rule_satisfied|endpoint_material_support_observed|connected_bite_case
799,broken,False,y,18.0,11.0,6.0,1.0,11.0,7.0,0.0,True,0.398230088496,1.0,6422,6422,6422,1.0,1.0,1.0,0,0.6958970233306516,1.0,0.3893805309734513,0.415929203539823,0.415929203539823,0.3041029766693483,0.5,0.24242424242424243,8,0.398230088496,True,central_material_loss_rule_satisfied|endpoint_material_support_observed|connected_bite_case
803,broken,False,y,18.0,11.0,8.0,1.0,11.0,7.0,0.0,True,0.411504424779,1.0,6380,6380,6380,1.0,1.0,1.0,0,0.6926790024135157,0.9911504424778761,0.415929203539823,0.4336283185840708,0.4375,0.30167748917748916,0.49557522123893805,0.21212121212121213,5,0.411504424779,True,central_material_loss_rule_satisfied|endpoint_material_support_observed|connected_bite_case
808,broken,False,y,18.0,12.0,6.0,0.0,12.0,7.0,1.0,True,1.0,0.393805309735,6393,6393,6393,1.0,1.0,1.0,0,0.6822204344328239,0.9982300884955753,0.35398230088495575,0.35693215339233036,0.35756501182033096,0.31678486997635935,0.49911504424778763,0.3333333333333333,11,0.393805309735,True,central_material_loss_rule_satisfied|endpoint_material_support_observed|connected_bite_case
809,broken,False,y,18.0,12.0,8.0,0.0,12.0,7.0,1.0,True,1.0,0.464601769912,6390,6390,6390,1.0,1.0,1.0,0,0.688924644676857,1.0,0.4424778761061947,0.45722713864306785,0.45722713864306785,0.31107535532314295,0.5,0.2727272727272727,8,0.464601769912,True,central_material_loss_rule_satisfied|endpoint_material_support_observed|connected_bite_case
813,broken,False,y,18.0,14.0,6.0,0.0,13.0,6.0,1.0,True,1.0,0.146017699115,5738,5738,5738,1.0,1.0,1.0,0,0.5784392598551891,1.0,0.1415929203539823,0.1592920353982301,0.1592920353982301,0.42156074014481093,0.5,0.5151515151515151,17,0.146017699115,True,central_material_loss_rule_satisfied|endpoint_material_support_observed|connected_bite_case
817,broken,False,y,18.0,12.0,7.0,1.0,13.0,7.0,0.0,True,0.491150442478,1.0,6395,6395,6395,1.0,1.0,1.0,0,0.7042102440332528,1.0,0.415929203539823,0.4188790560471976,0.4188790560471976,0.29578975596674706,0.5,0.24242424242424243,8,0.491150442478,True,central_material_loss_rule_satisfied|endpoint_material_support_observed|connected_bite_case
823,broken,False,y,18.0,13.0,6.0,1.0,13.0,7.0,0.0,True,0.389380530973,1.0,6316,6316,6316,1.0,1.0,1.0,0,0.6827567712523465,1.0,0.3805309734513274,0.4011799410029498,0.4011799410029498,0.31724322874765354,0.5,0.30303030303030304,10,0.389380530973,True,central_material_loss_rule_satisfied|endpoint_material_support_observed|connected_bite_case
827,broken,False,y,18.0,13.0,8.0,1.0,13.0,7.0,0.0,True,0.318584070796,1.0,6248,6248,6248,1.0,1.0,1.0,0,0.6621078037007241,0.9964601769911504,0.2920353982300885,0.3126843657817109,0.3137951450562463,0.33597071962968944,0.4982300884955752,0.3333333333333333,11,0.318584070796,True,central_material_loss_rule_satisfied|endpoint_material_support_observed|connected_bite_case
832,broken,False,y,18.0,14.0,6.0,0.0,14.0,7.0,1.0,True,0.995575221239,0.323008849558,6216,6216,6216,1.0,1.0,1.0,0,0.6457495307052828,0.9628318584070796,0.3008849557522124,0.30383480825958703,0.31556372549019607,0.3320521390374332,0.4814159292035398,0.42424242424242425,14,0.323008849558,True,central_material_loss_rule_satisfied|endpoint_material_support_observed|connected_bite_case
833,broken,False,y,18.0,14.0,8.0,0.0,14.0,7.0,1.0,True,1.0,0.398230088496,6202,6202,6202,1.0,1.0,1.0,0,0.6411906677393403,0.95929203539823,0.3893805309734513,0.39233038348082594,0.4089790897908979,0.3353460807335346,0.479646017699115,0.2727272727272727,9,0.398230088496,True,central_material_loss_rule_satisfied|endpoint_material_support_observed|connected_bite_case
836,broken,False,y,18.0,14.0,6.0,0.0,15.0,6.0,1.0,True,1.0,0.504424778761,6536,6536,6536,1.0,1.0,1.0,0,0.7446642373763664,1.0,0.415929203539823,0.4277286135693215,0.4277286135693215,0.2553357626236335,0.5,0.35294117647058826,12,0.504424778761,True,central_material_loss_rule_satisfied|endpoint_material_support_observed|connected_bite_case
837,broken,False,y,18.0,16.0,6.0,0.0,15.0,6.0,1.0,True,1.0,0.424778761062,5833,5833,5833,1.0,1.0,1.0,0,0.5618128184499865,0.9876106194690266,0.2831858407079646,0.30088495575221236,0.30465949820788524,0.43265993265993274,0.4938053097345133,0.5757575757575758,19,0.424778761062,True,central_material_loss_rule_satisfied|endpoint_material_support_observed|connected_bite_case
846,broken,False,y,18.0,16.0,7.0,1.0,15.0,7.0,2.0,False,0.345132743363,0.309734513274,2246,1700,1700,0.7575757575757576,1.0,0.2727272727272727,8,0.17752748726200054,0.31327433628318585,0.0,0.0,0.0,0.4396507447354905,0.15663716814159293,0.3939393939393939,13,0.309734513274,True,central_material_loss_rule_satisfied|endpoint_material_support_observed|disconnected_fragment_case
847,broken,False,y,18.0,15.0,6.0,1.0,15.0,7.0,0.0,True,0.349557522124,1.0,5985,5985,5985,1.0,1.0,1.0,0,0.5907750067042102,0.9699115044247788,0.34513274336283184,0.3510324483775811,0.36192214111922133,0.39410528644105286,0.4849557522123894,0.45454545454545453,15,0.349557522124,True,central_material_loss_rule_satisfied|endpoint_material_support_observed|connected_bite_case
851,broken,False,y,18.0,15.0,8.0,1.0,15.0,7.0,0.0,True,0.37610619469,0.982300884956,5982,5982,5982,1.0,1.0,1.0,0,0.5733440600697239,0.9504424778761063,0.336283185840708,0.3421828908554572,0.36002482929857227,0.399130974549969,0.4752212389380531,0.5454545454545454,18,0.37610619469,True,central_material_loss_rule_satisfied|endpoint_material_support_observed|connected_bite_case
856,broken,False,y,18.0,16.0,6.0,0.0,16.0,7.0,1.0,True,0.949852507375,0.353982300885,5638,5638,5638,1.0,1.0,1.0,0,0.5132743362831859,0.8955752212389381,0.3008849557522124,0.30973451327433627,0.34584980237154145,0.4308300395256917,0.44778761061946903,0.6060606060606061,20,0.353982300885,True,central_material_loss_rule_satisfied|endpoint_material_support_observed|connected_bite_case
857,broken,False,y,18.0,16.0,8.0,0.0,16.0,7.0,1.0,True,0.96017699115,0.323008849558,5637,5637,5637,1.0,1.0,1.0,0,0.5191740412979352,0.8230088495575221,0.3185840707964602,0.33628318584070793,0.4086021505376344,0.37960247637666994,0.41150442477876104,0.42424242424242425,14,0.323008849558,True,central_material_loss_rule_satisfied|endpoint_material_support_observed|connected_bite_case
864,broken,False,y,18.0,16.0,6.0,0.0,17.0,6.0,1.0,True,0.982300884956,0.483775811209,5846,5846,5846,1.0,1.0,1.0,0,0.5684539302446643,0.9504424778761063,0.2920353982300885,0.303834808259587,0.31967721911855984,0.4042063752875452,0.4752212389380531,0.6176470588235294,21,0.483775811209,True,central_material_loss_rule_satisfied|endpoint_material_support_observed|connected_bite_case
869,broken,False,y,18.0,16.0,7.0,1.0,17.0,7.0,0.0,True,0.429203539823,0.884955752212,5340,5340,5340,1.0,1.0,1.0,0,0.45266827567712525,0.7309734513274337,0.2920353982300885,0.29793510324483774,0.40758676351896683,0.39415951280358064,0.36548672566371687,0.36363636363636365,12,0.429203539823,True,central_material_loss_rule_satisfied|endpoint_material_support_observed|connected_bite_case
872,broken,False,y,18.0,18.0,7.0,1.0,17.0,7.0,0.0,True,0.20796460177,0.800884955752,4706,4706,4706,1.0,1.0,1.0,0,0.4294800884955752,0.6884955752212392,0.20353982300884957,0.2094395280235988,0.3041988003427591,0.3849614395886891,0.3442477876106196,0.3125,10,0.20796460177,True,central_material_loss_rule_satisfied|endpoint_material_support_observed|connected_bite_case
879,broken,False,y,18.0,17.0,8.0,1.0,17.0,7.0,0.0,True,0.362831858407,0.823008849558,5280,5280,5280,1.0,1.0,1.0,0,0.42555960437272256,0.6946902654867256,0.2920353982300885,0.2949852507374631,0.42462845010615713,0.39940052454102654,0.3473451327433628,0.35294117647058826,12,0.362831858407,True,central_material_loss_rule_satisfied|endpoint_material_support_observed|connected_bite_case
889,broken,False,y,18.0,2.0,8.0,0.0,1.0,8.0,1.0,True,0.871681415929,0.5,5885,5885,5885,1.0,1.0,1.0,0,0.554035934566908,0.8513274336283186,0.3805309734513274,0.3982300884955752,0.4677754677754677,0.35021735021735023,0.4256637168141593,0.12121212121212122,4,0.5,True,central_material_loss_rule_satisfied|endpoint_material_support_observed|connected_bite_case
892,broken,False,y,18.0,0.0,9.0,1.0,1.0,9.0,2.0,True,0.336283185841,0.438053097345,4359,4359,4359,1.0,1.0,1.0,0,0.363904532046125,0.4495575221238938,0.19469026548672566,0.1976401179941003,0.43963254593175854,0.19219756621331427,0.2247787610619469,0.12121212121212122,4,0.336283185841,True,central_material_loss_rule_satisfied|endpoint_material_support_observed|connected_bite_case
898,broken,False,y,18.0,2.0,9.0,1.0,1.0,9.0,2.0,True,0.439528023599,0.333333333333,4883,4883,4883,1.0,1.0,1.0,0,0.41462779802186356,0.6522123893805309,0.2831858407079646,0.29793510324483774,0.45680687471732245,0.3683454385824886,0.32610619469026547,0.35294117647058826,8,0.333333333333,True,central_material_loss_rule_satisfied|endpoint_material_support_observed|connected_bite_case
908,broken,False,y,18.0,2.0,8.0,0.0,2.0,9.0,1.0,True,0.836283185841,0.323008849558,5374,5374,5374,1.0,1.0,1.0,0,0.4277286135693215,0.6654867256637169,0.3185840707964602,0.3215339233038348,0.48315602836879423,0.3730657640232109,0.33274336283185846,0.15151515151515152,4,0.323008849558,True,central_material_loss_rule_satisfied|endpoint_material_support_observed|connected_bite_case
927,broken,False,y,18.0,3.0,10.0,1.0,3.0,9.0,0.0,True,0.353982300885,0.880530973451,5574,5574,5574,1.0,1.0,1.0,0,0.47626709573612225,0.7610619469026548,0.336283185840708,0.34513274336283184,0.45348837209302323,0.38266384778012685,0.3805309734513274,0.30303030303030304,5,0.353982300885,True,central_material_loss_rule_satisfied|endpoint_material_support_observed|connected_bite_case
932,broken,False,y,18.0,4.0,8.0,0.0,4.0,9.0,1.0,True,0.942477876106,0.380530973451,5789,5789,5789,1.0,1.0,1.0,0,0.5320461249664791,0.8265486725663717,0.35398230088495575,0.36578171091445427,0.4425410421127766,0.3632470313412498,0.41327433628318583,0.36363636363636365,12,0.380530973451,True,central_material_loss_rule_satisfied|endpoint_material_support_observed|connected_bite_case
933,broken,False,y,18.0,4.0,10.0,0.0,4.0,9.0,1.0,True,0.920353982301,0.429203539823,5716,5716,5716,1.0,1.0,1.0,0,0.49128452668275674,0.8176991150442477,0.36283185840707965,0.3716814159292035,0.45454545454545453,0.40554899645808734,0.4088495575221239,0.5454545454545454,18,0.429203539823,True,central_material_loss_rule_satisfied|endpoint_material_support_observed|connected_bite_case
937,broken,False,y,18.0,6.0,8.0,0.0,5.0,8.0,1.0,True,0.995575221239,0.530973451327,5996,5996,5996,1.0,1.0,1.0,0,0.5728077232502011,0.9168141592920354,0.2831858407079646,0.30383480825958703,0.33140283140283144,0.38153738153738154,0.4584070796460177,0.42424242424242425,14,0.530973451327,True,central_material_loss_rule_satisfied|endpoint_material_support_observed|connected_bite_case
947,broken,False,y,18.0,5.0,8.0,1.0,5.0,9.0,0.0,True,0.429203539823,0.991150442478,6005,6005,6005,1.0,1.0,1.0,0,0.5701260391525879,0.8672566371681416,0.39823008849557523,0.40707964601769914,0.46938775510204084,0.3500309214594929,0.4336283185840708,0.18181818181818182,6,0.429203539823,True,central_material_loss_rule_satisfied|endpoint_material_support_observed|connected_bite_case
951,broken,False,y,18.0,5.0,10.0,1.0,5.0,9.0,0.0,True,0.380530973451,0.982300884956,5873,5873,5873,1.0,1.0,1.0,0,0.5537677661571468,0.8194690265486726,0.3805309734513274,0.39233038348082594,0.47876169906407484,0.335885856404215,0.4097345132743363,0.21212121212121213,7,0.380530973451,True,central_material_loss_rule_satisfied|endpoint_material_support_observed|connected_bite_case
956,broken,False,y,18.0,6.0,8.0,0.0,6.0,9.0,1.0,True,1.0,0.345132743363,5851,5851,5851,1.0,1.0,1.0,0,0.5787074282649504,0.95929203539823,0.336283185840708,0.34808259587020646,0.36285362853628533,0.4004808229900481,0.479646017699115,0.5454545454545454,18,0.345132743363,True,central_material_loss_rule_satisfied|endpoint_material_support_observed|connected_bite_case
957,broken,False,y,18.0,6.0,10.0,0.0,6.0,9.0,1.0,True,0.995575221239,0.420353982301,5896,5896,5896,1.0,1.0,1.0,0,0.5534995977473853,0.8584070796460177,0.34513274336283184,0.3510324483775811,0.40893470790378,0.36269915651358947,0.42920353982300885,0.48484848484848486,15,0.420353982301,True,central_material_loss_rule_satisfied|endpoint_material_support_observed|connected_bite_case
961,broken,False,y,18.0,8.0,8.0,0.0,7.0,8.0,1.0,True,1.0,0.561946902655,6451,6451,6451,1.0,1.0,1.0,0,0.6958970233306516,0.9964601769911504,0.46017699115044247,0.4808259587020649,0.48253404381290704,0.30206146724796806,0.4982300884955752,0.12121212121212122,3,0.561946902655,True,central_material_loss_rule_satisfied|endpoint_material_support_observed|connected_bite_case
971,broken,False,y,18.0,7.0,8.0,1.0,7.0,9.0,0.0,True,0.402654867257,1.0,6140,6140,6140,1.0,1.0,1.0,0,0.6023062483239474,0.9008849557522124,0.36283185840707965,0.3687315634218289,0.40929927963326784,0.34029886289218314,0.4504424778761062,0.42424242424242425,11,0.402654867257,True,central_material_loss_rule_satisfied|endpoint_material_support_observed|connected_bite_case
975,broken,False,y,18.0,7.0,10.0,1.0,7.0,9.0,0.0,True,0.407079646018,1.0,5953,5953,5953,1.0,1.0,1.0,0,0.5856798069187451,0.8920353982300885,0.3805309734513274,0.3805309734513274,0.42658730158730157,0.35179172679172677,0.44601769911504424,0.36363636363636365,12,0.407079646018,True,central_material_loss_rule_satisfied|endpoint_material_support_observed|connected_bite_case
980,broken,False,y,18.0,8.0,8.0,0.0,8.0,9.0,1.0,True,1.0,0.420353982301,6178,6178,6178,1.0,1.0,1.0,0,0.6387771520514883,0.9716814159292035,0.39823008849557523,0.41002949852507375,0.4219793564055859,0.34558701771816525,0.48584070796460177,0.30303030303030304,10,0.420353982301,True,central_material_loss_rule_satisfied|endpoint_material_support_observed|connected_bite_case
981,broken,False,y,18.0,8.0,10.0,0.0,8.0,9.0,1.0,True,1.0,0.455752212389,6240,6240,6240,1.0,1.0,1.0,0,0.6299275945293644,0.9274336283185841,0.39823008849557523,0.41887905604719766,0.45165394402035625,0.32506361323155214,0.46371681415929206,0.3939393939393939,13,0.455752212389,True,central_material_loss_rule_satisfied|endpoint_material_support_observed|connected_bite_case
984,broken,False,y,18.0,8.0,8.0,0.0,9.0,8.0,1.0,True,1.0,0.619469026549,6287,6287,6287,1.0,1.0,1.0,0,0.6382408152319656,0.9982300884955753,0.22123893805309736,0.23303834808259588,0.233451536643026,0.36084246722544594,0.49911504424778763,0.2727272727272727,9,0.619469026549,True,central_material_loss_rule_satisfied|endpoint_material_support_observed|connected_bite_case
985,broken,False,y,18.0,10.0,8.0,0.0,9.0,8.0,1.0,True,1.0,0.477876106195,6563,6563,6563,1.0,1.0,1.0,0,0.7382676320729419,0.9946902654867257,0.4336283185840708,0.4365781710914454,0.4389086595492289,0.2584384772996873,0.49734513274336284,0.15151515151515152,5,0.477876106195,True,central_material_loss_rule_satisfied|endpoint_material_support_observed|connected_bite_case
989,broken,False,y,18.0,8.0,9.0,1.0,9.0,9.0,0.0,True,0.265486725664,1.0,5988,5988,5988,1.0,1.0,1.0,0,0.6015017430946635,0.9345132743362833,0.2743362831858407,0.2949852507374631,0.31565656565656564,0.3628328741965106,0.46725663716814164,0.42424242424242425,14,0.265486725664,True,central_material_loss_rule_satisfied|endpoint_material_support_observed|connected_bite_case
995,broken,False,y,18.0,9.0,8.0,1.0,9.0,9.0,0.0,True,0.41592920354,1.0,6289,6289,6289,1.0,1.0,1.0,0,0.6476267095736122,0.9663716814159292,0.34513274336283184,0.3510324483775811,0.3632478632478632,0.33322233322233324,0.4831858407079646,0.2727272727272727,9,0.41592920354,True,central_material_loss_rule_satisfied|endpoint_material_support_observed|connected_bite_case
999,broken,False,y,18.0,9.0,10.0,1.0,9.0,9.0,0.0,True,0.407079646018,1.0,6071,6071,6071,1.0,1.0,1.0,0,0.6119603110753554,0.9274336283185841,0.37168141592920356,0.3775811209439528,0.4071246819338422,0.34703909322229937,0.46371681415929206,0.3333333333333333,11,0.407079646018,True,central_material_loss_rule_satisfied|endpoint_material_support_observed|connected_bite_case
1004,broken,False,y,18.0,10.0,8.0,0.0,10.0,9.0,1.0,True,1.0,0.398230088496,6202,6202,6202,1.0,1.0,1.0,0,0.6433360150174309,0.9805309734513274,0.3893805309734513,0.39233038348082594,0.4001203369434416,0.34574991795208404,0.4902654867256637,0.45454545454545453,15,0.398230088496,True,central_material_loss_rule_satisfied|endpoint_material_support_observed|connected_bite_case
1005,broken,False,y,18.0,10.0,10.0,0.0,10.0,9.0,1.0,True,0.995575221239,0.393805309735,6289,6289,6289,1.0,1.0,1.0,0,0.6470903727540895,0.8973451327433628,0.36283185840707965,0.3746312684365781,0.4174884944115713,0.28617536309844,0.4486725663716814,0.15151515151515152,5,0.393805309735,True,central_material_loss_rule_satisfied|endpoint_material_support_observed|connected_bite_case
1019,broken,False,y,18.0,11.0,8.0,1.0,11.0,9.0,0.0,True,0.429203539823,1.0,6312,6312,6312,1.0,1.0,1.0,0,0.6559399302762134,0.9628318584070796,0.3893805309734513,0.40412979351032446,0.41973039215686275,0.3225824420677362,0.4814159292035398,0.24242424242424243,8,0.429203539823,True,central_material_loss_rule_satisfied|endpoint_material_support_observed|connected_bite_case
1023,broken,False,y,18.0,11.0,10.0,1.0,11.0,9.0,0.0,True,0.367256637168,1.0,6009,6009,6009,1.0,1.0,1.0,0,0.6031107535532314,0.9380530973451328,0.36283185840707965,0.3775811209439528,0.4025157232704402,0.36277873070325906,0.4690265486725664,0.3939393939393939,13,0.367256637168,True,central_material_loss_rule_satisfied|endpoint_material_support_observed|connected_bite_case
1028,broken,False,y,18.0,12.0,8.0,0.0,12.0,9.0,1.0,True,1.0,0.37610619469,6256,6256,6256,1.0,1.0,1.0,0,0.6594261196031108,0.9451327433628319,0.3805309734513274,0.3952802359882006,0.41822721598002494,0.30791056633753267,0.47256637168141596,0.21212121212121213,7,0.37610619469,True,central_material_loss_rule_satisfied|endpoint_material_support_observed|connected_bite_case
1029,broken,False,y,18.0,12.0,10.0,0.0,12.0,9.0,1.0,True,0.995575221239,0.37610619469,6132,6132,6132,1.0,1.0,1.0,0,0.6157146688120139,0.9256637168141593,0.35398230088495575,0.359882005899705,0.38878266411727214,0.3405179906135929,0.46283185840707963,0.30303030303030304,10,0.37610619469,True,central_material_loss_rule_satisfied|endpoint_material_support_observed|connected_bite_case
1037,broken,False,y,18.0,12.0,9.0,1.0,13.0,9.0,0.0,True,0.411504424779,1.0,6344,6344,6344,1.0,1.0,1.0,0,0.6977742021989809,0.9787610619469026,0.39823008849557523,0.4277286135693215,0.4370102471368294,0.2891665296728587,0.4893805309734513,0.21212121212121213,6,0.411504424779,True,central_material_loss_rule_satisfied|endpoint_material_support_observed|connected_bite_case
1043,broken,False,y,18.0,13.0,8.0,1.0,13.0,9.0,0.0,True,0.429203539823,1.0,6166,6166,6166,1.0,1.0,1.0,0,0.6310002681684097,0.904424778761062,0.37168141592920356,0.3893805309734513,0.43052837573385516,0.31186621597580505,0.452212389380531,0.21212121212121213,7,0.429203539823,True,central_material_loss_rule_satisfied|endpoint_material_support_observed|connected_bite_case
1047,broken,False,y,18.0,13.0,10.0,1.0,13.0,9.0,0.0,True,0.362831858407,1.0,6102,6102,6102,1.0,1.0,1.0,0,0.615714668812014,0.9557522123893805,0.35398230088495575,0.36283185840707965,0.37962962962962965,0.35970819304152635,0.47787610619469023,0.3333333333333333,10,0.362831858407,True,central_material_loss_rule_satisfied|endpoint_material_support_observed|connected_bite_case
1052,broken,False,y,18.0,14.0,8.0,0.0,14.0,9.0,1.0,True,1.0,0.309734513274,5992,5992,5992,1.0,1.0,1.0,0,0.5947975328506302,0.9610619469026549,0.3008849557522124,0.3185840707964602,0.3314917127071823,0.38434064400915235,0.48053097345132745,0.45454545454545453,15,0.309734513274,True,central_material_loss_rule_satisfied|endpoint_material_support_observed|connected_bite_case
1053,broken,False,y,18.0,14.0,10.0,0.0,14.0,9.0,1.0,True,0.991150442478,0.407079646018,5951,5951,5951,1.0,1.0,1.0,0,0.5693215339233039,0.8371681415929203,0.36283185840707965,0.3746312684365781,0.4474982381959126,0.3339099237619321,0.41858407079646015,0.30303030303030304,10,0.407079646018,True,central_material_loss_rule_satisfied|endpoint_material_support_observed|connected_bite_case
1057,broken,False,y,18.0,16.0,8.0,0.0,15.0,8.0,1.0,True,0.977876106195,0.464601769912,5761,5761,5761,1.0,1.0,1.0,0,0.5374094931617055,0.904424778761062,0.24778761061946902,0.26253687315634217,0.2902804957599478,0.4120856312637135,0.452212389380531,0.42424242424242425,14,0.464601769912,True,central_material_loss_rule_satisfied|endpoint_material_support_observed|connected_bite_case
1061,broken,False,y,18.0,14.0,9.0,1.0,15.0,9.0,0.0,True,0.469026548673,1.0,5934,5934,5934,1.0,1.0,1.0,0,0.586484312148029,0.8973451327433628,0.36283185840707965,0.3746312684365781,0.4174884944115713,0.3546112007650469,0.4486725663716814,0.3939393939393939,9,0.469026548673,True,central_material_loss_rule_satisfied|endpoint_material_support_observed|connected_bite_case
1064,broken,False,y,18.0,16.0,9.0,1.0,15.0,9.0,0.0,True,0.430678466077,0.997050147493,5851,5851,5851,1.0,1.0,1.0,0,0.5829981228211317,0.9663716814159292,0.34513274336283184,0.3510324483775811,0.3632478632478632,0.39898989898989895,0.4831858407079646,0.5757575757575758,19,0.430678466077,True,central_material_loss_rule_satisfied|endpoint_material_support_observed|connected_bite_case
1067,broken,False,y,18.0,15.0,8.0,1.0,15.0,9.0,0.0,True,0.433628318584,0.991150442478,5971,5971,5971,1.0,1.0,1.0,0,0.576830249396621,0.8761061946902655,0.40707964601769914,0.415929203539823,0.4747474747474747,0.35108662381389655,0.43805309734513276,0.2727272727272727,9,0.433628318584,True,central_material_loss_rule_satisfied|endpoint_material_support_observed|connected_bite_case
1071,broken,False,y,18.0,15.0,10.0,1.0,15.0,9.0,0.0,True,0.371681415929,0.977876106195,5799,5799,5799,1.0,1.0,1.0,0,0.5234647358541163,0.8902654867256637,0.3274336283185841,0.3333333333333333,0.3744201457919151,0.417916741972408,0.4451327433628319,0.6060606060606061,20,0.371681415929,True,central_material_loss_rule_satisfied|endpoint_material_support_observed|connected_bite_case
1076,broken,False,y,18.0,16.0,8.0,0.0,16.0,9.0,1.0,True,0.942477876106,0.252212389381,5522,5522,5522,1.0,1.0,1.0,0,0.47304907481898634,0.8265486725663717,0.24778761061946902,0.25073746312684364,0.3033547466095646,0.435597949516579,0.41327433628318583,0.6363636363636364,21,0.252212389381,True,central_material_loss_rule_satisfied|endpoint_material_support_observed|connected_bite_case
1084,broken,False,y,18.0,16.0,8.0,0.0,17.0,8.0,1.0,True,0.964601769912,0.53982300885,5939,5939,5939,1.0,1.0,1.0,0,0.5781710914454277,0.8796460176991151,0.4247787610619469,0.4247787610619469,0.48289738430583495,0.34802755929516493,0.43982300884955755,0.15151515151515152,3,0.53982300885,True,central_material_loss_rule_satisfied|endpoint_material_support_observed|connected_bite_case
1085,broken,False,y,18.0,18.0,8.0,0.0,17.0,8.0,1.0,True,0.561946902655,0.398230088496,4721,4721,4721,1.0,1.0,1.0,0,0.42504692947170825,0.520353982300885,0.20353982300884957,0.21238938053097345,0.4081632653061224,0.18357039785611223,0.2601769911504425,0.09090909090909091,3,0.398230088496,True,central_material_loss_rule_satisfied|endpoint_material_support_observed|connected_bite_case
1099,broken,False,y,18.0,17.0,10.0,1.0,17.0,9.0,0.0,True,0.351032448378,0.843657817109,5201,5201,5201,1.0,1.0,1.0,0,0.40466613032984716,0.6601769911504425,0.2831858407079646,0.2861356932153392,0.4334226988382484,0.4067755300999269,0.33008849557522124,0.18181818181818182,6,0.351032448378,True,central_material_loss_rule_satisfied|endpoint_material_support_observed|connected_bite_case
1109,broken,False,y,18.0,2.0,10.0,0.0,1.0,10.0,1.0,True,0.83185840708,0.438053097345,5402,5402,5402,1.0,1.0,1.0,0,0.43577366586216143,0.6548672566371683,0.3008849557522124,0.3126843657817109,0.4774774774774773,0.3505323505323506,0.32743362831858414,0.12121212121212122,4,0.438053097345,True,central_material_loss_rule_satisfied|endpoint_material_support_observed|connected_bite_case
1167,broken,False,y,18.0,5.0,10.0,1.0,5.0,11.0,0.0,True,0.407079646018,0.884955752212,5777,5777,5777,1.0,1.0,1.0,0,0.5073746312684366,0.8353982300884956,0.36283185840707965,0.36873156342182895,0.4413841807909605,0.3940677966101695,0.4176991150442478,0.48484848484848486,15,0.407079646018,True,central_material_loss_rule_satisfied|endpoint_material_support_observed|connected_bite_case
1171,broken,False,y,18.0,5.0,12.0,1.0,5.0,11.0,0.0,True,0.327433628319,0.858407079646,5458,5458,5458,1.0,1.0,1.0,0,0.4652721909359077,0.720353982300885,0.3274336283185841,0.3333333333333333,0.4627354627354627,0.36132827041917953,0.3601769911504425,0.18181818181818182,4,0.327433628319,True,central_material_loss_rule_satisfied|endpoint_material_support_observed|connected_bite_case
1177,broken,False,y,18.0,6.0,12.0,0.0,6.0,11.0,1.0,True,0.933628318584,0.46017699115,5867,5867,5867,1.0,1.0,1.0,0,0.5205148833467417,0.8371681415929203,0.3805309734513274,0.3864306784660767,0.4615926708949965,0.3822794541610609,0.41858407079646015,0.42424242424242425,11,0.46017699115,True,central_material_loss_rule_satisfied|endpoint_material_support_observed|connected_bite_case
1180,broken,False,y,18.0,6.0,10.0,0.0,7.0,10.0,1.0,True,1.0,0.526548672566,5961,5961,5961,1.0,1.0,1.0,0,0.5569857870742826,0.9716814159292035,0.2743362831858407,0.2772861356932153,0.2853673345476624,0.4286581663630844,0.48584070796460177,0.5454545454545454,16,0.526548672566,True,central_material_loss_rule_satisfied|endpoint_material_support_observed|connected_bite_case
1184,broken,False,y,18.0,6.0,11.0,1.0,7.0,11.0,2.0,True,0.46017699115,0.336283185841,4603,4603,4603,1.0,1.0,1.0,0,0.3183159023866989,0.4247787610619469,0.168141592920354,0.17699115044247787,0.4166666666666667,0.25378787878787873,0.21238938053097345,0.12121212121212122,4,0.336283185841,True,central_material_loss_rule_satisfied|endpoint_material_support_observed|connected_bite_case
1191,broken,False,y,18.0,7.0,10.0,1.0,7.0,11.0,0.0,True,0.433628318584,0.964601769912,5969,5969,5969,1.0,1.0,1.0,0,0.5591311343523733,0.8884955752212389,0.3805309734513274,0.39528023598820056,0.4448871181938911,0.37595074248460697,0.44424778761061945,0.45454545454545453,15,0.433628318584,True,central_material_loss_rule_satisfied|endpoint_material_support_observed|connected_bite_case
1195,broken,False,y,18.0,7.0,12.0,1.0,7.0,11.0,0.0,True,0.371681415929,0.973451327434,5629,5629,5629,1.0,1.0,1.0,0,0.5065701260391525,0.768141592920354,0.3008849557522124,0.30678466076696165,0.39938556067588327,0.35407066052227343,0.384070796460177,0.36363636363636365,8,0.371681415929,True,central_material_loss_rule_satisfied|endpoint_material_support_observed|connected_bite_case
1200,broken,False,y,18.0,8.0,10.0,0.0,8.0,11.0,1.0,True,0.995575221239,0.442477876106,5922,5922,5922,1.0,1.0,1.0,0,0.5663716814159291,0.8106194690265487,0.3805309734513274,0.39233038348082594,0.4839883551673944,0.3183803096466852,0.40530973451327434,0.15151515151515152,2,0.442477876106,True,central_material_loss_rule_satisfied|endpoint_material_support_observed|connected_bite_case
1201,broken,False,y,18.0,8.0,12.0,0.0,8.0,11.0,1.0,True,0.955752212389,0.438053097345,5972,5972,5972,1.0,1.0,1.0,0,0.5561812818449987,0.856637168141593,0.3893805309734513,0.3952802359882006,0.46143250688705234,0.3585023791635362,0.4283185840707965,0.3333333333333333,11,0.438053097345,True,central_material_loss_rule_satisfied|endpoint_material_support_observed|connected_bite_case
1207,broken,False,y,18.0,10.0,10.0,2.0,9.0,10.0,1.0,True,0.380530973451,0.486725663717,4517,4517,4517,0.9696969696969697,0.9090909090909091,1.0,1,0.2906945561812818,0.39646017699115044,0.04424778761061947,0.08259587020648967,0.20833333333333334,0.2754329004329004,0.19823008849557522,0.12121212121212122,4,0.380530973451,True,central_material_loss_rule_satisfied|endpoint_material_support_observed|connected_bite_case
1215,broken,False,y,18.0,9.0,10.0,1.0,9.0,11.0,0.0,True,0.508849557522,0.969026548673,6260,6260,6260,1.0,1.0,1.0,0,0.6218825422365246,0.8991150442477877,0.415929203539823,0.4277286135693215,0.47572178477690286,0.31358864232879985,0.4495575221238938,0.18181818181818182,4,0.508849557522,True,central_material_loss_rule_satisfied|endpoint_material_support_observed|connected_bite_case
1219,broken,False,y,18.0,9.0,12.0,1.0,9.0,11.0,0.0,True,0.358407079646,0.955752212389,5646,5646,5646,1.0,1.0,1.0,0,0.5057656208098686,0.7787610619469026,0.336283185840708,0.336283185840708,0.4318181818181819,0.3608815426997245,0.3893805309734513,0.30303030303030304,10,0.358407079646,True,central_material_loss_rule_satisfied|endpoint_material_support_observed|connected_bite_case
1224,broken,False,y,18.0,10.0,10.0,0.0,10.0,11.0,1.0,True,0.995575221239,0.380530973451,5924,5924,5924,1.0,1.0,1.0,0,0.5792437650844731,0.8831858407079646,0.36283185840707965,0.3687315634218289,0.41750167000668004,0.3553166939940487,0.4415929203539823,0.42424242424242425,14,0.380530973451,True,central_material_loss_rule_satisfied|endpoint_material_support_observed|connected_bite_case
1225,broken,False,y,18.0,10.0,12.0,0.0,10.0,11.0,1.0,True,0.911504424779,0.526548672566,6064,6064,6064,1.0,1.0,1.0,0,0.5760257441673371,0.8477876106194691,0.37168141592920356,0.3746312684365782,0.441892832289492,0.323654077307522,0.42389380530973453,0.24242424242424243,7,0.526548672566,True,central_material_loss_rule_satisfied|endpoint_material_support_observed|connected_bite_case
1236,broken,False,y,18.0,12.0,11.0,1.0,11.0,11.0,0.0,True,0.424778761062,1.0,6621,6621,6621,1.0,1.0,1.0,0,0.750603378921963,0.9805309734513274,0.4336283185840708,0.44542772861356933,0.4542719614921781,0.2358057105349524,0.4902654867256637,0.15151515151515152,5,0.424778761062,True,central_material_loss_rule_satisfied|endpoint_material_support_observed|connected_bite_case
1239,broken,False,y,18.0,11.0,10.0,1.0,11.0,11.0,0.0,True,0.380530973451,0.942477876106,6067,6067,6067,1.0,1.0,1.0,0,0.5907750067042103,0.8973451327433628,0.36283185840707965,0.3687315634218289,0.41091387245233396,0.34415157492080567,0.4486725663716814,0.21212121212121213,7,0.380530973451,True,central_material_loss_rule_satisfied|endpoint_material_support_observed|connected_bite_case
1243,broken,False,y,18.0,11.0,12.0,1.0,11.0,11.0,0.0,True,0.336283185841,1.0,5846,5846,5846,1.0,1.0,1.0,0,0.5671761866452132,0.8584070796460178,0.35398230088495575,0.35398230088495575,0.4123711340206185,0.3514526710402999,0.4292035398230089,0.3333333333333333,11,0.336283185841,True,central_material_loss_rule_satisfied|endpoint_material_support_observed|connected_bite_case
1248,broken,False,y,18.0,12.0,10.0,0.0,12.0,11.0,1.0,True,0.995575221239,0.398230088496,5975,5975,5975,1.0,1.0,1.0,0,0.5972110485384822,0.8973451327433628,0.3893805309734513,0.3893805309734513,0.4339250493096647,0.33877233877233875,0.4486725663716814,0.24242424242424243,7,0.398230088496,True,central_material_loss_rule_satisfied|endpoint_material_support_observed|connected_bite_case
1249,broken,False,y,18.0,12.0,12.0,0.0,12.0,11.0,1.0,True,0.907079646018,0.380530973451,5998,5998,5998,1.0,1.0,1.0,0,0.5803164387235185,0.8424778761061947,0.36283185840707965,0.36578171091445427,0.43417366946778707,0.31601731601731603,0.42123893805309737,0.24242424242424243,8,0.380530973451,True,central_material_loss_rule_satisfied|endpoint_material_support_observed|connected_bite_case
1263,broken,False,y,18.0,13.0,10.0,1.0,13.0,11.0,0.0,True,0.340707964602,0.938053097345,5965,5965,5965,1.0,1.0,1.0,0,0.5803164387235183,0.8725663716814159,0.336283185840708,0.35103244837758113,0.40229885057471265,0.3394185260311021,0.43628318584070797,0.2727272727272727,9,0.340707964602,True,central_material_loss_rule_satisfied|endpoint_material_support_observed|connected_bite_case
1267,broken,False,y,18.0,13.0,12.0,1.0,13.0,11.0,0.0,True,0.362831858407,1.0,5802,5802,5802,1.0,1.0,1.0,0,0.5626173236792706,0.8796460176991151,0.336283185840708,0.336283185840708,0.3822937625754527,0.36753856472166335,0.43982300884955755,0.30303030303030304,10,0.362831858407,True,central_material_loss_rule_satisfied|endpoint_material_support_observed|connected_bite_case
1272,broken,False,y,18.0,14.0,10.0,0.0,14.0,11.0,1.0,True,0.995575221239,0.336283185841,5787,5787,5787,1.0,1.0,1.0,0,0.5425046929471709,0.8973451327433628,0.30973451327433627,0.3185840707964602,0.35502958579881655,0.4024266331958639,0.4486725663716814,0.45454545454545453,15,0.336283185841,True,central_material_loss_rule_satisfied|endpoint_material_support_observed|connected_bite_case
1273,broken,False,y,18.0,14.0,12.0,0.0,14.0,11.0,1.0,True,0.880530973451,0.345132743363,5737,5737,5737,1.0,1.0,1.0,0,0.5248055779029229,0.7752212389380531,0.336283185840708,0.3451327433628319,0.44520547945205485,0.32842119828421196,0.38761061946902653,0.09090909090909091,3,0.345132743363,True,central_material_loss_rule_satisfied|endpoint_material_support_observed|connected_bite_case
1276,broken,False,y,18.0,14.0,10.0,0.0,15.0,10.0,1.0,True,1.0,0.557522123894,6259,6259,6259,1.0,1.0,1.0,0,0.6304639313488871,0.9734513274336283,0.4424778761061947,0.44837758112094395,0.46060606060606063,0.3542699724517906,0.48672566371681414,0.24242424242424243,8,0.557522123894,True,central_material_loss_rule_satisfied|endpoint_material_support_observed|connected_bite_case
1279,broken,False,y,18.0,16.0,10.0,2.0,15.0,10.0,1.0,True,0.457227138643,0.474926253687,4523,4523,4523,1.0,1.0,1.0,0,0.3219677251431546,0.443362831858407,0.17699115044247787,0.18289085545722714,0.4125083166999335,0.27826699542092276,0.2216814159292035,0.20588235294117646,5,0.457227138643,True,central_material_loss_rule_satisfied|endpoint_material_support_observed|connected_bite_case
1284,broken,False,y,18.0,16.0,11.0,1.0,15.0,11.0,0.0,True,0.439528023599,1.0,5974,5974,5974,1.0,1.0,1.0,0,0.6371681415929203,0.9911504424778761,0.415929203539823,0.4336283185840708,0.4375,0.35795454545454547,0.49557522123893805,0.30303030303030304,6,0.439528023599,True,central_material_loss_rule_satisfied|endpoint_material_support_observed|connected_bite_case
1287,broken,False,y,18.0,15.0,10.0,1.0,15.0,11.0,0.0,True,0.358407079646,0.91592920354,5666,5666,5666,1.0,1.0,1.0,0,0.5006704210244034,0.743362831858407,0.3274336283185841,0.33628318584070793,0.4523809523809524,0.3358585858585858,0.3716814159292035,0.15151515151515152,5,0.358407079646,True,central_material_loss_rule_satisfied|endpoint_material_support_observed|connected_bite_case
1291,broken,False,y,18.0,15.0,12.0,1.0,15.0,11.0,0.0,True,0.345132743363,0.995575221239,5639,5639,5639,1.0,1.0,1.0,0,0.4936980423706088,0.7964601769911505,0.2831858407079646,0.28908554572271383,0.36296296296296293,0.39595959595959596,0.39823008849557523,0.5151515151515151,17,0.345132743363,True,central_material_loss_rule_satisfied|endpoint_material_support_observed|connected_bite_case
1296,broken,False,y,18.0,16.0,10.0,0.0,16.0,11.0,1.0,True,0.882005899705,0.286135693215,5126,5126,5126,1.0,1.0,1.0,0,0.42998438313378456,0.7451327433628318,0.2831858407079646,0.28908554572271383,0.38796516231195566,0.4359368450468073,0.3725663716814159,0.6470588235294118,21,0.286135693215,True,central_material_loss_rule_satisfied|endpoint_material_support_observed|connected_bite_case
1304,broken,False,y,18.0,16.0,10.0,0.0,17.0,10.0,1.0,True,0.946902654867,0.495575221239,5945,5945,5945,1.0,1.0,1.0,0,0.5939614783966685,0.8823008849557522,0.40707964601769914,0.41887905604719766,0.47475760615178875,0.3306979762817865,0.4411504424778761,0.08823529411764706,3,0.495575221239,True,central_material_loss_rule_satisfied|endpoint_material_support_observed|connected_bite_case
1306,broken,False,y,18.0,16.0,10.0,2.0,17.0,10.0,1.0,True,0.309734513274,0.420353982301,4432,4432,4432,1.0,1.0,1.0,0,0.2995441137034057,0.41415929203539825,0.1592920353982301,0.16519174041297935,0.3988603988603988,0.28114478114478114,0.20707964601769913,0.18181818181818182,5,0.309734513274,True,central_material_loss_rule_satisfied|endpoint_material_support_observed|connected_bite_case
1354,broken,False,y,18.0,2.0,12.0,2.0,3.0,12.0,1.0,True,0.300884955752,0.517699115044,5082,5082,5082,1.0,1.0,1.0,0,0.4229015821936176,0.5539823008849557,0.24778761061946902,0.24778761061946902,0.44728434504792336,0.23932616903862902,0.27699115044247785,0.18181818181818182,6,0.300884955752,True,central_material_loss_rule_satisfied|endpoint_material_support_observed|connected_bite_case
1381,broken,False,y,18.0,4.0,13.0,1.0,5.0,13.0,0.0,True,0.362831858407,0.783185840708,5538,5538,5538,1.0,1.0,1.0,0,0.4918208635022794,0.7008849557522124,0.30973451327433627,0.3244837758112094,0.4629629629629629,0.30371900826446285,0.3504424778761062,0.18181818181818182,3,0.362831858407,True,central_material_loss_rule_satisfied|endpoint_material_support_observed|connected_bite_case
1396,broken,False,y,18.0,6.0,12.0,0.0,6.0,13.0,1.0,True,0.862831858407,0.345132743363,5510,5510,5510,1.0,1.0,1.0,0,0.4770716009654063,0.6884955752212389,0.30973451327433627,0.3126843657817109,0.45415595544130244,0.3190776661213679,0.34424778761061947,0.21212121212121213,7,0.345132743363,True,central_material_loss_rule_satisfied|endpoint_material_support_observed|connected_bite_case
1435,broken,False,y,18.0,9.0,12.0,1.0,9.0,13.0,0.0,True,0.353982300885,0.893805309735,5820,5820,5820,1.0,1.0,1.0,0,0.5269509251810136,0.8,0.336283185840708,0.3421828908554572,0.4277286135693215,0.34882005899705015,0.4,0.36363636363636365,12,0.353982300885,True,central_material_loss_rule_satisfied|endpoint_material_support_observed|connected_bite_case
1468,broken,False,y,18.0,12.0,12.0,0.0,12.0,13.0,1.0,True,0.933628318584,0.349557522124,5755,5755,5755,1.0,1.0,1.0,0,0.5390185036202735,0.7823008849557522,0.336283185840708,0.34808259587020646,0.444947209653092,0.31969011380776086,0.3911504424778761,0.18181818181818182,6,0.349557522124,True,central_material_loss_rule_satisfied|endpoint_material_support_observed|connected_bite_case
1483,broken,False,y,18.0,13.0,12.0,1.0,13.0,13.0,0.0,True,0.345132743363,0.849557522124,5708,5708,5708,1.0,1.0,1.0,0,0.523196567444355,0.7327433628318585,0.35398230088495575,0.35693215339233036,0.4871175523349436,0.2943200117113161,0.36637168141592924,0.09090909090909091,3,0.345132743363,True,central_material_loss_rule_satisfied|endpoint_material_support_observed|connected_bite_case
1493,broken,False,y,18.0,14.0,14.0,0.0,14.0,13.0,1.0,True,0.827433628319,0.446902654867,5670,5670,5670,1.0,1.0,1.0,0,0.4977205685170287,0.7115044247787611,0.336283185840708,0.34513274336283184,0.4850746268656716,0.3092868988391376,0.35575221238938054,0.12121212121212122,4,0.446902654867,True,central_material_loss_rule_satisfied|endpoint_material_support_observed|connected_bite_case
1718,broken,False,y,18.0,14.0,14.0,2.0,15.0,14.0,1.0,True,0.380530973451,0.436578171091,4351,4351,4351,1.0,1.0,1.0,0,0.2888173773129525,0.40707964601769914,0.1504424778761062,0.15634218289085547,0.38405797101449274,0.29314888010540185,0.20353982300884957,0.24242424242424243,8,0.380530973451,True,central_material_loss_rule_satisfied|endpoint_material_support_observed|connected_bite_case
1939,broken,False,y,18.0,14.0,16.0,2.0,13.0,16.0,1.0,True,0.323008849558,0.553097345133,4670,4670,4670,1.0,1.0,1.0,0,0.3515687851971038,0.552212389380531,0.20353982300884957,0.22123893805309736,0.40064102564102566,0.3688811188811189,0.2761061946902655,0.3939393939393939,13,0.323008849558,True,central_material_loss_rule_satisfied|endpoint_material_support_observed|connected_bite_case
2005,broken,False,y,18.0,16.0,17.0,1.0,17.0,17.0,0.0,True,0.106194690265,0.482300884956,4435,4435,4435,1.0,1.0,1.0,0,0.29793510324483774,0.3805309734513274,0.11504424778761062,0.13569321533923304,0.35658914728682173,0.22973925299506692,0.1902654867256637,0.09090909090909091,3,0.106194690265,True,central_material_loss_rule_satisfied|endpoint_material_support_observed|connected_bite_case
2051,broken,False,y,18.0,4.0,0.0,4.0,3.0,0.0,3.0,True,0.318584070796,0.261061946903,3791,3791,3791,1.0,1.0,1.0,0,0.2416197371949584,0.3274336283185841,0.12389380530973451,0.13864306784660765,0.4234234234234234,0.26699426699426704,0.16371681415929204,0.09090909090909091,3,0.261061946903,True,central_material_loss_rule_satisfied|endpoint_material_support_observed|connected_bite_case
2053,broken,False,y,18.0,2.0,1.0,3.0,3.0,1.0,2.0,True,0.16814159292,0.407079646018,4284,4284,4284,1.0,1.0,1.0,0,0.278626977742022,0.3787610619469027,0.1592920353982301,0.1710914454277286,0.4517133956386293,0.2649391107335033,0.18938053097345134,0.09090909090909091,3,0.16814159292,True,central_material_loss_rule_satisfied|endpoint_material_support_observed|connected_bite_case
2058,broken,False,y,18.0,4.0,1.0,3.0,3.0,1.0,4.0,True,0.296460176991,0.212389380531,3972,3972,3972,1.0,1.0,1.0,0,0.21158487530168946,0.2814159292035398,0.09734513274336283,0.10914454277286136,0.3878406708595388,0.25557461406518006,0.1407079646017699,0.09090909090909091,3,0.212389380531,True,central_material_loss_rule_satisfied|endpoint_material_support_observed|connected_bite_case
2061,broken,False,y,18.0,3.0,0.0,3.0,3.0,1.0,4.0,False,0.234513274336,0.212389380531,1914,1669,1669,0.9090909090909091,1.0,0.7272727272727273,3,0.1877178868329311,0.25486725663716814,0.0,0.0,0.0,0.2664141414141414,0.12743362831858407,0.24242424242424243,8,0.212389380531,True,central_material_loss_rule_satisfied|endpoint_material_support_observed|disconnected_fragment_case
2074,broken,False,y,18.0,4.0,0.0,4.0,5.0,0.0,3.0,False,0.287610619469,0.252212389381,1487,1955,1487,0.7272727272727273,0.18181818181818182,1.0,9,0.13703405738803967,0.24778761061946902,0.0,0.0,0.0,0.45346320346320346,0.12389380530973451,0.48484848484848486,16,0.252212389381,True,central_material_loss_rule_satisfied|endpoint_material_support_observed|disconnected_fragment_case
2097,broken,False,y,18.0,8.0,0.0,2.0,7.0,0.0,3.0,True,0.252212389381,0.216814159292,3472,3472,3472,0.9393939393939394,1.0,0.8181818181818182,2,0.16599624564226334,0.25486725663716814,0.04424778761061947,0.0471976401179941,0.18518518518518517,0.3526936026936027,0.12743362831858407,0.30303030303030304,10,0.216814159292,True,central_material_loss_rule_satisfied|endpoint_material_support_observed|connected_bite_case
2146,broken,False,y,18.0,10.0,0.0,4.0,11.0,0.0,3.0,True,0.278761061947,0.345132743363,3694,3694,3694,1.0,1.0,1.0,0,0.20541700187717887,0.32389380530973455,0.12389380530973451,0.13569321533923304,0.418943533697632,0.3704255671468787,0.16194690265486728,0.3333333333333333,11,0.278761061947,True,central_material_loss_rule_satisfied|endpoint_material_support_observed|connected_bite_case
2171,broken,False,y,18.0,14.0,0.0,4.0,13.0,0.0,3.0,True,0.159292035398,0.212389380531,4157,4157,4157,1.0,1.0,1.0,0,0.3289953149401354,0.404424778761062,0.10619469026548672,0.13864306784660765,0.3428154631655725,0.1905007079418201,0.202212389380531,0.08823529411764706,3,0.159292035398,True,central_material_loss_rule_satisfied|endpoint_material_support_observed|connected_bite_case
2194,broken,False,y,18.0,14.0,0.0,4.0,15.0,0.0,3.0,True,0.225663716814,0.287610619469,3630,3630,3630,1.0,1.0,1.0,0,0.19603110753553232,0.2814159292035398,0.08849557522123894,0.10324483775811209,0.3668763102725367,0.30607966457023056,0.1407079646017699,0.2727272727272727,9,0.225663716814,True,central_material_loss_rule_satisfied|endpoint_material_support_observed|connected_bite_case
2278,broken,False,y,18.0,4.0,3.0,3.0,3.0,3.0,4.0,True,0.309734513274,0.252212389381,4036,4036,4036,1.0,1.0,1.0,0,0.2314293376240279,0.3008849557522124,0.09734513274336283,0.11504424778761062,0.38235294117647056,0.2344028520499109,0.1504424778761062,0.18181818181818182,6,0.252212389381,True,central_material_loss_rule_satisfied|endpoint_material_support_observed|connected_bite_case
2295,broken,False,y,18.0,6.0,2.0,4.0,5.0,2.0,3.0,True,0.345132743363,0.345132743363,4114,4114,4114,1.0,1.0,1.0,0,0.2558326629123089,0.36106194690265486,0.07964601769911504,0.09734513274336283,0.2696078431372549,0.29278074866310155,0.18053097345132743,0.24242424242424243,8,0.345132743363,True,central_material_loss_rule_satisfied|endpoint_material_support_observed|connected_bite_case
2302,broken,False,y,18.0,6.0,3.0,3.0,5.0,3.0,4.0,False,0.256637168142,0.185840707965,2144,1628,1628,0.8484848484848485,1.0,0.5454545454545454,5,0.14802896218825423,0.24778761061946902,0.0,0.0029498525073746312,0.011904761904761904,0.4047619047619047,0.12389380530973451,0.3939393939393939,9,0.185840707965,True,central_material_loss_rule_satisfied|endpoint_material_support_observed|disconnected_fragment_case
2366,broken,False,y,18.0,10.0,2.0,4.0,11.0,2.0,3.0,True,0.367256637168,0.41592920354,4263,4263,4263,1.0,1.0,1.0,0,0.2713864306784661,0.3592920353982301,0.1592920353982301,0.16519174041297935,0.4597701149425287,0.2533213912524258,0.17964601769911506,0.12121212121212122,4,0.367256637168,True,central_material_loss_rule_satisfied|endpoint_material_support_observed|connected_bite_case
2388,broken,False,y,18.0,12.0,2.0,2.0,13.0,2.0,3.0,True,0.283185840708,0.358407079646,4080,4080,4080,1.0,1.0,1.0,0,0.24081523196567445,0.30973451327433627,0.07964601769911504,0.09734513274336283,0.3142857142857143,0.2285714285714285,0.15486725663716813,0.12121212121212122,4,0.283185840708,True,central_material_loss_rule_satisfied|endpoint_material_support_observed|connected_bite_case
2398,broken,False,y,18.0,14.0,3.0,3.0,13.0,3.0,4.0,True,0.353982300885,0.165191740413,4078,4078,4078,1.0,1.0,1.0,0,0.26039152587825154,0.36106194690265486,0.1504424778761062,0.15339233038348082,0.42483660130718953,0.286096256684492,0.18053097345132743,0.24242424242424243,5,0.165191740413,True,central_material_loss_rule_satisfied|endpoint_material_support_observed|connected_bite_case
2402,broken,False,y,18.0,13.0,4.0,3.0,13.0,3.0,4.0,True,0.261061946903,0.252212389381,3962,3962,3962,1.0,1.0,1.0,0,0.20166264414052026,0.2619469026548673,0.12389380530973451,0.12389380530973451,0.47297297297297286,0.23484848484848497,0.13097345132743365,0.12121212121212122,4,0.252212389381,True,central_material_loss_rule_satisfied|endpoint_material_support_observed|connected_bite_case
2412,broken,False,y,18.0,14.0,2.0,2.0,15.0,2.0,3.0,False,0.384955752212,0.261061946903,1760,2328,1760,0.8787878787878788,0.6363636363636364,1.0,4,0.2322338428533119,0.3805309734513274,0.008849557522123894,0.02359882005899705,0.06201550387596899,0.3932346723044398,0.1902654867256637,0.30303030303030304,10,0.261061946903,True,central_material_loss_rule_satisfied|endpoint_material_support_observed|disconnected_fragment_case
2422,broken,False,y,18.0,16.0,3.0,3.0,15.0,3.0,4.0,True,0.37610619469,0.296460176991,4294,4294,4294,1.0,1.0,1.0,0,0.3032984714400644,0.40707964601769914,0.168141592920354,0.1799410029498525,0.4420289855072463,0.27470355731225293,0.20353982300884957,0.09090909090909091,3,0.296460176991,True,central_material_loss_rule_satisfied|endpoint_material_support_observed|connected_bite_case
2497,broken,False,y,18.0,4.0,5.0,3.0,3.0,6.0,3.0,True,0.12389380531,0.12389380531,3662,3662,3662,1.0,1.0,1.0,0,0.1300616787342451,0.168141592920354,0.07964601769911504,0.07964601769911504,0.47368421052631576,0.22966507177033496,0.084070796460177,0.12121212121212122,4,0.12389380531,True,central_material_loss_rule_satisfied|endpoint_material_support_observed|connected_bite_case
2498,broken,False,y,18.0,4.0,5.0,3.0,3.0,5.0,4.0,True,0.340707964602,0.150442477876,4099,4099,4099,1.0,1.0,1.0,0,0.23142933762402793,0.2991150442477876,0.09734513274336283,0.10029498525073746,0.33530571992110453,0.23327954097184866,0.1495575221238938,0.24242424242424243,8,0.150442477876,True,central_material_loss_rule_satisfied|endpoint_material_support_observed|connected_bite_case
2513,broken,False,y,18.0,6.0,4.0,2.0,5.0,4.0,3.0,True,0.393805309735,0.20796460177,4234,4234,4234,1.0,1.0,1.0,0,0.26387771520514886,0.30796460176991153,0.1415929203539823,0.14749262536873156,0.47892720306513403,0.15430163706025776,0.15398230088495576,0.09090909090909091,3,0.20796460177,True,central_material_loss_rule_satisfied|endpoint_material_support_observed|connected_bite_case
2517,broken,False,y,18.0,4.0,5.0,3.0,5.0,5.0,2.0,True,0.159292035398,0.353982300885,4113,4113,4113,0.8181818181818182,0.45454545454545453,1.0,6,0.2333065164923572,0.35221238938053095,0.008849557522123894,0.011799410029498525,0.03350083752093803,0.33896756509821835,0.17610619469026548,0.3333333333333333,11,0.159292035398,True,central_material_loss_rule_satisfied|endpoint_material_support_observed|connected_bite_case
2538,broken,False,y,18.0,6.0,4.0,4.0,7.0,4.0,3.0,True,0.212389380531,0.358407079646,4199,4199,4199,1.0,1.0,1.0,0,0.2606596942880129,0.34513274336283184,0.1592920353982301,0.1592920353982301,0.46153846153846156,0.24630924630924625,0.17256637168141592,0.12121212121212122,4,0.212389380531,True,central_material_loss_rule_satisfied|endpoint_material_support_observed|connected_bite_case
2561,broken,False,y,18.0,10.0,4.0,2.0,9.0,4.0,3.0,True,0.342182890855,0.392330383481,4166,4166,4166,1.0,1.0,1.0,0,0.26012335746849025,0.35221238938053095,0.10619469026548672,0.11799410029498525,0.33500837520938026,0.2712045073854119,0.17610619469026548,0.24242424242424243,7,0.342182890855,True,central_material_loss_rule_satisfied|endpoint_material_support_observed|connected_bite_case
2569,broken,False,y,18.0,10.0,5.0,3.0,9.0,6.0,3.0,True,0.132743362832,0.0973451327434,3487,3487,3487,1.0,1.0,1.0,0,0.09788146956288549,0.13097345132743365,0.061946902654867256,0.061946902654867256,0.47297297297297286,0.25429975429975443,0.06548672566371683,0.09090909090909091,3,0.0973451327434,True,central_material_loss_rule_satisfied|endpoint_material_support_observed|connected_bite_case
2570,broken,False,y,18.0,10.0,5.0,3.0,9.0,5.0,4.0,True,0.367256637168,0.29203539823,4138,4138,4138,1.0,1.0,1.0,0,0.24751944220970767,0.3345132743362832,0.10619469026548672,0.11799410029498525,0.3527336860670194,0.2647105980439314,0.1672566371681416,0.18181818181818182,6,0.29203539823,True,central_material_loss_rule_satisfied|endpoint_material_support_observed|connected_bite_case
2593,broken,False,y,18.0,12.0,5.0,3.0,11.0,6.0,3.0,True,0.0840707964602,0.132743362832,3455,3455,3455,0.9090909090909091,0.7272727272727273,1.0,3,0.08474121748458031,0.13274336283185842,0.04424778761061947,0.04424778761061947,0.3333333333333333,0.3636363636363637,0.06637168141592921,0.3939393939393939,8,0.0840707964602,True,central_material_loss_rule_satisfied|endpoint_material_support_observed|connected_bite_case
2615,broken,False,y,18.0,12.0,5.0,3.0,13.0,4.0,3.0,True,0.0619469026549,0.0796460176991,3464,3464,3464,1.0,1.0,1.0,0,0.09359077500670421,0.13097345132743365,0.05309734513274336,0.058997050147492625,0.45045045045045035,0.28705978705978713,0.06548672566371683,0.15151515151515152,3,0.0619469026549,True,central_material_loss_rule_satisfied|endpoint_material_support_observed|connected_bite_case
2617,broken,False,y,18.0,14.0,5.0,3.0,13.0,6.0,3.0,True,0.0663716814159,0.106194690265,3422,3422,3422,0.9696969696969697,1.0,1.0,1,0.08876374363100026,0.11504424778761062,0.04424778761061947,0.05014749262536873,0.4358974358974359,0.23543123543123542,0.05752212389380531,0.09090909090909091,3,0.0663716814159,True,central_material_loss_rule_satisfied|endpoint_material_support_observed|connected_bite_case
2633,broken,False,y,18.0,16.0,4.0,2.0,15.0,4.0,3.0,True,0.393805309735,0.345132743363,4149,4149,4149,0.9090909090909091,1.0,0.7272727272727273,3,0.24671493698042365,0.39646017699115044,0.035398230088495575,0.04129793510324484,0.10416666666666667,0.38162878787878785,0.19823008849557522,0.3939393939393939,13,0.345132743363,True,central_material_loss_rule_satisfied|endpoint_material_support_observed|connected_bite_case
2640,broken,False,y,18.0,16.0,5.0,3.0,15.0,5.0,2.0,False,0.33185840708,0.389380530973,1760,2156,1760,0.8181818181818182,0.45454545454545453,1.0,6,0.1753821399839099,0.3185840707964602,0.0,0.0,0.0,0.4638047138047138,0.1592920353982301,0.42424242424242425,14,0.33185840708,True,central_material_loss_rule_satisfied|endpoint_material_support_observed|disconnected_fragment_case
2689,broken,False,y,18.0,0.0,7.0,3.0,1.0,7.0,2.0,True,0.323008849558,0.358407079646,3782,3782,3782,1.0,1.0,1.0,0,0.23196567444355057,0.336283185840708,0.09734513274336283,0.12389380530973451,0.3684210526315789,0.310207336523126,0.168141592920354,0.2727272727272727,5,0.323008849558,True,central_material_loss_rule_satisfied|endpoint_material_support_observed|connected_bite_case
2809,broken,False,y,18.0,10.0,7.0,3.0,11.0,7.0,2.0,True,0.146017699115,0.371681415929,4141,4141,4141,0.9393939393939394,0.8181818181818182,1.0,2,0.2402788951461518,0.36283185840707965,0.035398230088495575,0.0471976401179941,0.13008130081300812,0.34072431633407246,0.18141592920353983,0.24242424242424243,8,0.146017699115,True,central_material_loss_rule_satisfied|endpoint_material_support_observed|connected_bite_case
2811,broken,False,y,18.0,10.0,7.0,3.0,11.0,6.0,3.0,True,0.12389380531,0.070796460177,3473,3473,3473,0.9090909090909091,1.0,0.7272727272727273,2,0.08956824886028425,0.12389380530973451,0.04424778761061947,0.0471976401179941,0.38095238095238093,0.29653679653679654,0.061946902654867256,0.24242424242424243,6,0.070796460177,True,central_material_loss_rule_satisfied|endpoint_material_support_observed|connected_bite_case
2813,broken,False,y,18.0,12.0,7.0,3.0,11.0,8.0,3.0,True,0.0840707964602,0.119469026549,3373,3373,3373,0.8787878787878788,0.6363636363636364,1.0,4,0.07508715473317243,0.09734513274336283,0.017699115044247787,0.02359882005899705,0.24242424242424243,0.23415977961432505,0.048672566371681415,0.12121212121212122,4,0.0840707964602,True,central_material_loss_rule_satisfied|endpoint_material_support_observed|connected_bite_case
2888,broken,False,y,18.0,18.0,7.0,3.0,17.0,7.0,2.0,False,0.163716814159,0.327433628319,1278,2244,1278,0.7575757575757576,0.2727272727272727,1.0,8,0.1944220970769643,0.35221238938053095,0.0,0.0029498525073746312,0.008375209380234507,0.45012943505405817,0.17610619469026548,0.3939393939393939,13,0.163716814159,True,central_material_loss_rule_satisfied|endpoint_material_support_observed|disconnected_fragment_case
2890,broken,False,y,18.0,18.0,7.0,3.0,17.0,7.0,4.0,True,0.318584070796,0.128318584071,3556,3556,3556,1.0,1.0,1.0,0,0.23357468490211852,0.3168141592920354,0.12389380530973451,0.12979351032448377,0.409683426443203,0.26680209920433373,0.1584070796460177,0.21212121212121213,7,0.128318584071,True,central_material_loss_rule_satisfied|endpoint_material_support_observed|connected_bite_case
2906,broken,False,y,18.0,0.0,8.0,4.0,1.0,8.0,3.0,True,0.305309734513,0.323008849558,3800,3800,3800,1.0,1.0,1.0,0,0.24993295789755965,0.30973451327433627,0.1415929203539823,0.1415929203539823,0.4571428571428572,0.19480519480519476,0.15486725663716813,0.09090909090909091,3,0.305309734513,True,central_material_loss_rule_satisfied|endpoint_material_support_observed|connected_bite_case
2912,broken,False,y,18.0,2.0,9.0,3.0,1.0,9.0,2.0,True,0.212389380531,0.367256637168,4335,4335,4335,1.0,1.0,1.0,0,0.3075891659962456,0.4283185840707965,0.19469026548672566,0.20353982300884954,0.47520661157024785,0.2865013774104684,0.21415929203539824,0.12121212121212122,3,0.212389380531,True,central_material_loss_rule_satisfied|endpoint_material_support_observed|connected_bite_case
2980,broken,False,y,18.0,6.0,9.0,3.0,7.0,9.0,4.0,True,0.309734513274,0.318584070796,4156,4156,4156,1.0,1.0,1.0,0,0.2646822204344328,0.4230088495575221,0.07964601769911504,0.09734513274336283,0.23012552301255232,0.3773297831875238,0.21150442477876105,0.36363636363636365,12,0.309734513274,True,central_material_loss_rule_satisfied|endpoint_material_support_observed|connected_bite_case
2984,broken,False,y,18.0,8.0,9.0,3.0,7.0,9.0,2.0,True,0.433628318584,0.362831858407,4386,4386,4386,1.0,1.0,1.0,0,0.29766693483507645,0.4035398230088496,0.19469026548672566,0.19469026548672566,0.48245614035087714,0.26874003189792667,0.2017699115044248,0.12121212121212122,4,0.362831858407,True,central_material_loss_rule_satisfied|endpoint_material_support_observed|connected_bite_case
3075,broken,False,y,18.0,16.0,8.0,4.0,15.0,8.0,3.0,True,0.221238938053,0.402654867257,4174,4174,4174,1.0,1.0,1.0,0,0.25073746312684364,0.3893805309734513,0.08849557522123894,0.10029498525073746,0.25757575757575757,0.36088154269972456,0.19469026548672566,0.21212121212121213,7,0.221238938053,True,central_material_loss_rule_satisfied|endpoint_material_support_observed|connected_bite_case
3102,broken,False,y,18.0,16.0,8.0,4.0,17.0,8.0,3.0,True,0.261061946903,0.327433628319,4117,4117,4117,1.0,1.0,1.0,0,0.24537409493161708,0.35221238938053095,0.1415929203539823,0.14454277286135692,0.41038525963149075,0.3100350236028627,0.17610619469026548,0.18181818181818182,6,0.261061946903,True,central_material_loss_rule_satisfied|endpoint_material_support_observed|connected_bite_case
3199,broken,False,y,18.0,8.0,10.0,4.0,7.0,10.0,3.0,True,0.33185840708,0.269911504425,3924,3924,3924,0.9393939393939394,0.8181818181818182,1.0,2,0.18825422365245378,0.3008849557522124,0.008849557522123894,0.038348082595870206,0.12745098039215685,0.37967914438502676,0.1504424778761062,0.2727272727272727,8,0.269911504425,True,central_material_loss_rule_satisfied|endpoint_material_support_observed|connected_bite_case
3206,broken,False,y,18.0,8.0,11.0,3.0,7.0,11.0,4.0,True,0.37610619469,0.349557522124,4330,4330,4330,1.0,1.0,1.0,0,0.2845266827567713,0.3787610619469027,0.10619469026548672,0.11209439528023599,0.29595015576323985,0.250778816199377,0.18938053097345134,0.15151515151515152,5,0.349557522124,True,central_material_loss_rule_satisfied|endpoint_material_support_observed|connected_bite_case
3253,broken,False,y,18.0,12.0,11.0,3.0,11.0,12.0,3.0,True,0.119469026549,0.146017699115,3576,3576,3576,1.0,1.0,1.0,0,0.12389380530973453,0.1592920353982301,0.07079646017699115,0.07079646017699115,0.4444444444444444,0.2323232323232323,0.07964601769911504,0.12121212121212122,4,0.119469026549,True,central_material_loss_rule_satisfied|endpoint_material_support_observed|connected_bite_case
3295,broken,False,y,18.0,16.0,10.0,4.0,15.0,10.0,3.0,True,0.393805309735,0.407079646018,4369,4369,4369,1.0,1.0,1.0,0,0.2847948511665326,0.38761061946902653,0.09734513274336283,0.11209439528023599,0.289193302891933,0.2692680226926802,0.19380530973451326,0.21212121212121213,7,0.393805309735,True,central_material_loss_rule_satisfied|endpoint_material_support_observed|connected_bite_case
3450,broken,False,y,18.0,10.0,13.0,3.0,9.0,13.0,4.0,True,0.323008849558,0.269911504425,4140,4140,4140,1.0,1.0,1.0,0,0.2534191472244569,0.3433628318584071,0.1504424778761062,0.15634218289085544,0.4553264604810996,0.26413620743517646,0.17168141592920355,0.12121212121212122,3,0.269911504425,True,central_material_loss_rule_satisfied|endpoint_material_support_observed|connected_bite_case
3544,broken,False,y,18.0,16.0,13.0,3.0,17.0,13.0,4.0,False,0.256637168142,0.163716814159,1975,1587,1587,0.7575757575757576,1.0,0.2727272727272727,8,0.11960311075355323,0.2088495575221239,0.0,0.0029498525073746312,0.014124293785310734,0.44221879815100157,0.10442477876106195,0.42424242424242425,14,0.163716814159,True,central_material_loss_rule_satisfied|endpoint_material_support_observed|disconnected_fragment_case
3572,broken,False,y,18.0,2.0,15.0,3.0,1.0,15.0,2.0,True,0.340707964602,0.300884955752,4112,4112,4112,0.9696969696969697,1.0,0.9090909090909091,1,0.21587556985787074,0.30796460176991153,0.035398230088495575,0.058997050147492625,0.19157088122605362,0.30842911877394635,0.15398230088495576,0.18181818181818182,6,0.300884955752,True,central_material_loss_rule_satisfied|endpoint_material_support_observed|connected_bite_case
3638,broken,False,y,18.0,6.0,14.0,4.0,7.0,14.0,3.0,True,0.243362831858,0.314159292035,4108,4108,4108,1.0,1.0,1.0,0,0.2563689997318316,0.3433628318584071,0.1504424778761062,0.15339233038348082,0.4467353951890034,0.2555451421430803,0.17168141592920355,0.21212121212121213,7,0.243362831858,True,central_material_loss_rule_satisfied|endpoint_material_support_observed|connected_bite_case
3815,broken,False,y,18.0,4.0,16.0,4.0,3.0,16.0,3.0,False,0.300884955752,0.296460176991,2094,1791,1791,0.9090909090909091,1.0,0.7272727272727273,3,0.19683561276481631,0.2902654867256637,0.0,0.017699115044247787,0.06097560975609756,0.3253880266075388,0.14513274336283186,0.24242424242424243,8,0.296460176991,True,central_material_loss_rule_satisfied|endpoint_material_support_observed|disconnected_fragment_case
3841,broken,False,y,18.0,6.0,16.0,2.0,5.0,16.0,3.0,True,0.314159292035,0.221238938053,4064,4064,4064,1.0,1.0,1.0,0,0.2531509788146957,0.3345132743362832,0.1415929203539823,0.14454277286135692,0.4320987654320987,0.24547057880391215,0.1672566371681416,0.12121212121212122,4,0.221238938053,True,central_material_loss_rule_satisfied|endpoint_material_support_observed|connected_bite_case
3871,broken,False,y,18.0,8.0,16.0,4.0,7.0,16.0,3.0,True,0.384955752212,0.190265486726,4306,4306,4306,1.0,1.0,1.0,0,0.3129525341914723,0.39823008849557523,0.18584070796460178,0.1887905604719764,0.47407407407407404,0.2175084175084175,0.19911504424778761,0.12121212121212122,4,0.190265486726,True,central_material_loss_rule_satisfied|endpoint_material_support_observed|connected_bite_case
3896,broken,False,y,18.0,8.0,16.0,2.0,9.0,16.0,3.0,True,0.446902654867,0.33185840708,4420,4420,4420,1.0,1.0,1.0,0,0.3089300080450523,0.41415929203539825,0.19469026548672566,0.19469026548672566,0.4700854700854701,0.2591297591297591,0.20707964601769913,0.21212121212121213,7,0.33185840708,True,central_material_loss_rule_satisfied|endpoint_material_support_observed|connected_bite_case
3904,broken,False,y,18.0,8.0,17.0,3.0,9.0,17.0,4.0,True,0.336283185841,0.269911504425,3899,3899,3899,1.0,1.0,1.0,0,0.20756234915526953,0.30619469026548674,0.05309734513274336,0.07079646017699115,0.23121387283236994,0.3279033105622701,0.15309734513274337,0.36363636363636365,9,0.269911504425,True,central_material_loss_rule_satisfied|endpoint_material_support_observed|connected_bite_case
3954,broken,False,y,18.0,12.0,16.0,4.0,13.0,16.0,3.0,False,0.101769911504,0.398230088496,1555,2513,1555,0.9090909090909091,0.7272727272727273,1.0,3,0.2252614641995173,0.35221238938053095,0.017699115044247787,0.035398230088495575,0.10050251256281408,0.3671387239226436,0.17610619469026548,0.24242424242424243,8,0.101769911504,True,central_material_loss_rule_satisfied|endpoint_material_support_observed|disconnected_fragment_case
3981,broken,False,y,18.0,16.0,16.0,2.0,15.0,16.0,3.0,True,0.389380530973,0.37610619469,4448,4448,4448,1.0,1.0,1.0,0,0.3167068919281309,0.415929203539823,0.168141592920354,0.1887905604719764,0.45390070921985815,0.24371373307543517,0.2079646017699115,0.09090909090909091,3,0.37610619469,True,central_material_loss_rule_satisfied|endpoint_material_support_observed|connected_bite_case
4041,broken,False,y,18.0,2.0,0.0,4.0,1.0,0.0,5.0,False,0.314159292035,0.265486725664,2006,1619,1619,0.9117647058823529,1.0,0.7272727272727273,3,0.15825091098386257,0.28053097345132744,0.0,0.017699115044247787,0.06309148264984227,0.4453516422341807,0.14026548672566372,0.5,14,0.265486725664,True,central_material_loss_rule_satisfied|endpoint_material_support_observed|disconnected_fragment_case
4050,broken,False,y,18.0,2.0,1.0,5.0,1.0,1.0,6.0,False,0.327433628319,0.261061946903,2099,1665,1665,0.9090909090909091,1.0,0.7272727272727273,3,0.14910163582729957,0.23893805309734514,0.008849557522123894,0.02064896755162242,0.08641975308641975,0.3872053872053872,0.11946902654867257,0.2727272727272727,9,0.261061946903,True,central_material_loss_rule_satisfied|endpoint_material_support_observed|disconnected_fragment_case
4089,broken,False,y,18.0,6.0,0.0,4.0,5.0,0.0,5.0,True,0.330383480826,0.17994100295,3371,3371,3371,1.0,1.0,1.0,0,0.18315902386698849,0.2778761061946903,0.09734513274336283,0.10324483775811209,0.37154989384288745,0.35282763945184326,0.13893805309734514,0.30303030303030304,9,0.17994100295,True,central_material_loss_rule_satisfied|endpoint_material_support_observed|connected_bite_case
4090,broken,False,y,18.0,4.0,0.0,6.0,5.0,0.0,5.0,False,0.221238938053,0.309734513274,1489,1953,1489,0.9411764705882353,0.8181818181818182,1.0,2,0.19859448204060384,0.2929203539823009,0.0,0.02064896755162242,0.07049345417925479,0.32699484627687925,0.14646017699115044,0.20588235294117646,4,0.221238938053,True,central_material_loss_rule_satisfied|endpoint_material_support_observed|disconnected_fragment_case
4095,broken,False,y,18.0,4.0,1.0,5.0,5.0,0.0,5.0,True,0.106194690265,0.216814159292,3352,3352,3352,0.9090909090909091,0.7272727272727273,1.0,3,0.1477607937784929,0.18584070796460178,0.008849557522123894,0.02064896755162242,0.1111111111111111,0.2207792207792208,0.09292035398230089,0.15151515151515152,5,0.106194690265,True,central_material_loss_rule_satisfied|endpoint_material_support_observed|connected_bite_case
4113,broken,False,y,18.0,8.0,0.0,4.0,7.0,0.0,5.0,True,0.247787610619,0.243362831858,3661,3661,3661,1.0,1.0,1.0,0,0.19120407615982837,0.24778761061946902,0.07079646017699115,0.08259587020648967,0.3333333333333333,0.23809523809523805,0.12389380530973451,0.15151515151515152,5,0.243362831858,True,central_material_loss_rule_satisfied|endpoint_material_support_observed|connected_bite_case
4221,broken,False,y,18.0,15.0,0.0,5.0,15.0,1.0,6.0,False,0.185840707965,0.0796460176991,1604,1670,1604,0.42424242424242425,1.0,0.0,19,0.06784660766961652,0.168141592920354,0.0,0.0,0.0,0.6124401913875598,0.084070796460177,0.6060606060606061,20,0.0796460176991,True,central_material_loss_rule_satisfied|endpoint_material_support_observed|disconnected_fragment_case
4238,broken,False,y,18.0,16.0,0.0,6.0,17.0,0.0,5.0,True,0.181415929204,0.318584070796,3675,3675,3675,1.0,1.0,1.0,0,0.18718155001340842,0.26371681415929205,0.10619469026548672,0.11209439528023599,0.4250559284116331,0.3083180801301607,0.13185840707964602,0.18181818181818182,6,0.181415929204,True,central_material_loss_rule_satisfied|endpoint_material_support_observed|connected_bite_case
4340,broken,False,y,18.0,8.0,3.0,5.0,7.0,3.0,4.0,False,0.305309734513,0.150442477876,2130,1523,1523,0.7878787878787878,1.0,0.36363636363636365,7,0.13703405738803967,0.26548672566371684,0.0,0.0,0.0,0.4909090909090909,0.13274336283185842,0.5454545454545454,18,0.150442477876,True,central_material_loss_rule_satisfied|endpoint_material_support_observed|disconnected_fragment_case
4380,broken,False,y,18.0,10.0,2.0,4.0,11.0,2.0,5.0,True,0.398230088496,0.327433628319,4135,4135,4135,1.0,1.0,1.0,0,0.2574416733708769,0.36991150442477877,0.1504424778761062,0.15634218289085544,0.42264752791068577,0.3082499637523561,0.18495575221238938,0.30303030303030304,6,0.327433628319,True,central_material_loss_rule_satisfied|endpoint_material_support_observed|connected_bite_case
4385,broken,False,y,18.0,10.0,3.0,5.0,11.0,3.0,4.0,True,0.323008849558,0.367256637168,4094,4094,4094,0.9090909090909091,0.9090909090909091,1.0,3,0.24510592652185575,0.3256637168141593,0.017699115044247787,0.02654867256637168,0.08152173913043478,0.2521409749670619,0.16283185840707964,0.18181818181818182,6,0.323008849558,True,central_material_loss_rule_satisfied|endpoint_material_support_observed|connected_bite_case
4431,broken,False,y,18.0,16.0,2.0,6.0,15.0,2.0,5.0,True,0.393805309735,0.323008849558,4053,4053,4053,0.9696969696969697,0.9090909090909091,1.0,1,0.23545186377044783,0.3274336283185841,0.04424778761061947,0.05604719764011799,0.17117117117117117,0.29156429156429164,0.16371681415929204,0.24242424242424243,8,0.323008849558,True,central_material_loss_rule_satisfied|endpoint_material_support_observed|connected_bite_case
4459,broken,False,y,18.0,18.0,2.0,6.0,17.0,2.0,5.0,True,0.0796460176991,0.305309734513,3551,3551,3551,1.0,1.0,1.0,0,0.21882542236524535,0.31327433628318585,0.07964601769911504,0.0943952802359882,0.3013182674199623,0.310392056154768,0.15663716814159293,0.12121212121212122,3,0.0796460176991,True,central_material_loss_rule_satisfied|endpoint_material_support_observed|connected_bite_case
4530,broken,False,y,18.0,4.0,4.0,6.0,5.0,4.0,5.0,True,0.327433628319,0.309734513274,4322,4322,4322,1.0,1.0,1.0,0,0.29873960847412173,0.4814159292035398,0.18584070796460178,0.1887905604719764,0.39215686274509803,0.38692067736185387,0.2407079646017699,0.3939393939393939,13,0.309734513274,True,central_material_loss_rule_satisfied|endpoint_material_support_observed|connected_bite_case
4562,broken,False,y,18.0,8.0,5.0,5.0,7.0,5.0,6.0,True,0.309734513274,0.234513274336,4411,4411,4411,1.0,1.0,1.0,0,0.32716545990882273,0.4230088495575221,0.17699115044247787,0.1799410029498525,0.42538354253835425,0.22961835932547225,0.21150442477876105,0.15151515151515152,5,0.234513274336,True,central_material_loss_rule_satisfied|endpoint_material_support_observed|connected_bite_case
4610,broken,False,y,18.0,12.0,5.0,5.0,11.0,5.0,6.0,False,0.33185840708,0.176991150442,2254,1562,1562,0.7878787878787878,1.0,0.36363636363636365,7,0.1756503083936712,0.2973451327433629,0.0,0.0029498525073746312,0.009920634920634918,0.4215367965367966,0.14867256637168144,0.45454545454545453,15,0.176991150442,True,central_material_loss_rule_satisfied|endpoint_material_support_observed|disconnected_fragment_case
4617,broken,False,y,18.0,14.0,4.0,4.0,13.0,5.0,4.0,True,0.0575221238938,0.137168141593,3425,3425,3425,1.0,1.0,1.0,0,0.09359077500670421,0.1504424778761062,0.05309734513274336,0.05309734513274336,0.3529411764705882,0.3850267379679145,0.0752212389380531,0.30303030303030304,5,0.0575221238938,True,central_material_loss_rule_satisfied|endpoint_material_support_observed|connected_bite_case
4618,broken,False,y,18.0,14.0,6.0,4.0,13.0,5.0,4.0,True,0.243362831858,0.0973451327434,3822,3822,3822,1.0,1.0,1.0,0,0.16189484643414886,0.20353982300884957,0.07079646017699115,0.09144542772861357,0.4492753623188406,0.21611253196930946,0.10176991150442478,0.17647058823529413,4,0.0973451327434,True,central_material_loss_rule_satisfied|endpoint_material_support_observed|connected_bite_case
4634,broken,False,y,18.0,14.0,5.0,5.0,13.0,5.0,6.0,True,0.427728613569,0.324483775811,4107,4107,4107,1.0,1.0,1.0,0,0.26184279021343054,0.3787610619469026,0.1504424778761062,0.16224188790560473,0.4283489096573209,0.31954370533260024,0.1893805309734513,0.29411764705882354,5,0.324483775811,True,central_material_loss_rule_satisfied|endpoint_material_support_observed|connected_bite_case
4649,broken,False,y,18.0,16.0,4.0,4.0,15.0,4.0,5.0,True,0.342182890855,0.398230088496,4263,4263,4263,1.0,1.0,1.0,0,0.31936491410723583,0.3805309734513274,0.13274336283185842,0.1592920353982301,0.4186046511627907,0.16347469220246236,0.1902654867256637,0.11764705882352941,4,0.342182890855,True,central_material_loss_rule_satisfied|endpoint_material_support_observed|connected_bite_case
4650,broken,False,y,18.0,14.0,4.0,6.0,15.0,4.0,5.0,True,0.323008849558,0.327433628319,4038,4038,4038,1.0,1.0,1.0,0,0.24993295789755965,0.3345132743362832,0.05309734513274336,0.06489675516224189,0.19400352733686066,0.25509058842392174,0.1672566371681416,0.15151515151515152,5,0.323008849558,True,central_material_loss_rule_satisfied|endpoint_material_support_observed|connected_bite_case
4676,broken,False,y,18.0,16.0,4.0,4.0,17.0,4.0,5.0,True,0.380530973451,0.380530973451,4179,4179,4179,0.9393939393939394,1.0,1.0,2,0.2534191472244569,0.36991150442477877,0.035398230088495575,0.05014749262536873,0.13556618819776714,0.3162244454110483,0.18495575221238938,0.2727272727272727,9,0.380530973451,True,central_material_loss_rule_satisfied|endpoint_material_support_observed|connected_bite_case
4708,broken,False,y,18.0,2.0,7.0,5.0,1.0,7.0,4.0,True,0.305309734513,0.420353982301,4224,4224,4224,1.0,1.0,1.0,0,0.26039152587825154,0.3752212389380531,0.13274336283185842,0.13274336283185842,0.3537735849056604,0.3156089193825043,0.18761061946902655,0.24242424242424243,8,0.305309734513,True,central_material_loss_rule_satisfied|endpoint_material_support_observed|connected_bite_case
4748,broken,False,y,18.0,4.0,6.0,4.0,5.0,6.0,5.0,True,0.349557522124,0.33185840708,4562,4562,4562,1.0,1.0,1.0,0,0.3488871010994905,0.45663716814159294,0.21238938053097345,0.2153392330383481,0.4715762273901809,0.2380784590086916,0.22831858407079647,0.09090909090909091,3,0.33185840708,True,central_material_loss_rule_satisfied|endpoint_material_support_observed|connected_bite_case
4797,broken,False,y,18.0,10.0,6.0,4.0,9.0,6.0,5.0,True,0.323008849558,0.309734513274,4113,4113,4113,1.0,1.0,1.0,0,0.2322338428533119,0.3256637168141593,0.13274336283185842,0.13274336283185842,0.40760869565217395,0.2916666666666667,0.16283185840707964,0.15151515151515152,5,0.309734513274,True,central_material_loss_rule_satisfied|endpoint_material_support_observed|connected_bite_case
4813,broken,False,y,18.0,12.0,6.0,4.0,11.0,7.0,4.0,True,0.0973451327434,0.0663716814159,3417,3417,3417,1.0,1.0,1.0,0,0.10512201662644141,0.13982300884955753,0.05309734513274336,0.05604719764011799,0.40084388185654,0.24971231300345229,0.06991150442477877,0.12121212121212122,4,0.0663716814159,True,central_material_loss_rule_satisfied|endpoint_material_support_observed|connected_bite_case
4824,broken,False,y,18.0,10.0,7.0,5.0,11.0,7.0,6.0,True,0.345132743363,0.128318584071,4203,4203,4203,0.9696969696969697,1.0,0.9090909090909091,1,0.27809064092249935,0.3893805309734513,0.04424778761061947,0.07079646017699115,0.18181818181818182,0.2871900826446281,0.19469026548672566,0.18181818181818182,6,0.128318584071,True,central_material_loss_rule_satisfied|endpoint_material_support_observed|connected_bite_case
4837,broken,False,y,18.0,14.0,6.0,4.0,13.0,7.0,4.0,True,0.0796460176991,0.154867256637,3457,3457,3457,1.0,1.0,1.0,0,0.10485384821668008,0.1504424778761062,0.061946902654867256,0.06489675516224189,0.4313725490196078,0.3065953654188949,0.0752212389380531,0.15151515151515152,4,0.0796460176991,True,central_material_loss_rule_satisfied|endpoint_material_support_observed|connected_bite_case
4873,broken,False,y,18.0,14.0,7.0,5.0,15.0,7.0,4.0,True,0.190265486726,0.367256637168,4089,4089,4089,1.0,1.0,1.0,0,0.2520783051756503,0.34513274336283184,0.1504424778761062,0.15634218289085544,0.452991452991453,0.27428127428127425,0.17256637168141592,0.15151515151515152,5,0.190265486726,True,central_material_loss_rule_satisfied|endpoint_material_support_observed|connected_bite_case
4923,broken,False,y,18.0,2.0,8.0,6.0,1.0,8.0,5.0,False,0.200589970501,0.283185840708,1563,1980,1563,0.6764705882352942,0.2727272727272727,1.0,11,0.14445601249349296,0.2920353982300885,0.0,0.0,0.0,0.5106951871657754,0.14601769911504425,0.47058823529411764,16,0.200589970501,True,central_material_loss_rule_satisfied|endpoint_material_support_observed|disconnected_fragment_case
4976,broken,False,y,18.0,6.0,9.0,5.0,5.0,9.0,4.0,False,0.20796460177,0.309734513274,1642,2143,1642,0.7575757575757576,0.2727272727272727,1.0,8,0.15795119334942345,0.2991150442477876,0.0,0.0058997050147492625,0.01972386587771203,0.4816209431594048,0.1495575221238938,0.45454545454545453,15,0.20796460177,True,central_material_loss_rule_satisfied|endpoint_material_support_observed|disconnected_fragment_case
4978,broken,False,y,18.0,6.0,9.0,5.0,5.0,9.0,6.0,True,0.407079646018,0.29203539823,4220,4220,4220,1.0,1.0,1.0,0,0.2740681147760794,0.41415929203539825,0.09734513274336283,0.10914454277286136,0.2635327635327635,0.34718984718984724,0.20707964601769913,0.3333333333333333,11,0.29203539823,True,central_material_loss_rule_satisfied|endpoint_material_support_observed|connected_bite_case
5024,broken,False,y,18.0,10.0,9.0,5.0,9.0,9.0,4.0,True,0.318584070796,0.358407079646,4250,4250,4250,1.0,1.0,1.0,0,0.27540895682488603,0.35398230088495575,0.10619469026548672,0.12094395280235988,0.3416666666666667,0.22499999999999998,0.17699115044247787,0.12121212121212122,4,0.318584070796,True,central_material_loss_rule_satisfied|endpoint_material_support_observed|connected_bite_case
5035,broken,False,y,18.0,10.0,10.0,4.0,11.0,9.0,4.0,True,0.132743362832,0.132743362832,3484,3484,3484,1.0,1.0,1.0,0,0.0978814695628855,0.13097345132743365,0.05309734513274336,0.05604719764011799,0.42792792792792783,0.25634725634725647,0.06548672566371683,0.15151515151515152,5,0.132743362832,True,central_material_loss_rule_satisfied|endpoint_material_support_observed|connected_bite_case
5074,broken,False,y,18.0,14.0,9.0,5.0,13.0,9.0,6.0,True,0.380530973451,0.261061946903,3910,3910,3910,1.0,1.0,1.0,0,0.21533923303834807,0.2920353982300885,0.061946902654867256,0.07374631268436578,0.2525252525252525,0.2754820936639118,0.14601769911504425,0.24242424242424243,8,0.261061946903,True,central_material_loss_rule_satisfied|endpoint_material_support_observed|connected_bite_case
5116,broken,False,y,18.0,16.0,8.0,4.0,17.0,8.0,5.0,False,0.371681415929,0.216814159292,2173,1663,1663,0.7575757575757576,1.0,0.2727272727272727,8,0.16787342451059262,0.3380530973451327,0.0,0.0,0.0,0.5146755513247658,0.16902654867256636,0.5757575757575758,19,0.216814159292,True,central_material_loss_rule_satisfied|endpoint_material_support_observed|disconnected_fragment_case
5121,broken,False,y,18.0,16.0,9.0,5.0,17.0,9.0,4.0,True,0.283185840708,0.327433628319,4176,4176,4176,1.0,1.0,1.0,0,0.2582461786001609,0.3256637168141593,0.10619469026548672,0.12389380530973451,0.3804347826086957,0.20849802371541498,0.16283185840707964,0.09090909090909091,3,0.283185840708,True,central_material_loss_rule_satisfied|endpoint_material_support_observed|connected_bite_case
5140,broken,False,y,18.0,0.0,10.0,4.0,1.0,10.0,5.0,False,0.29203539823,0.314159292035,1648,1789,1648,0.7878787878787878,1.0,0.6363636363636364,7,0.16840976133011532,0.2814159292035398,0.0,0.0,0.0,0.40804269106155894,0.1407079646017699,0.3333333333333333,11,0.29203539823,True,central_material_loss_rule_satisfied|endpoint_material_support_observed|disconnected_fragment_case
5215,broken,False,y,18.0,8.0,10.0,6.0,7.0,10.0,5.0,True,0.203539823009,0.309734513274,3961,3961,3961,0.9090909090909091,0.7272727272727273,1.0,3,0.20005363368195228,0.34513274336283184,0.02654867256637168,0.029498525073746312,0.08547008547008547,0.4296814296814296,0.17256637168141592,0.3939393939393939,13,0.203539823009,True,central_material_loss_rule_satisfied|endpoint_material_support_observed|connected_bite_case
5263,broken,False,y,18.0,12.0,10.0,6.0,11.0,10.0,5.0,True,0.349557522124,0.296460176991,4349,4349,4349,1.0,1.0,1.0,0,0.30303030303030304,0.38761061946902653,0.12389380530973451,0.13569321533923304,0.35007610350076107,0.22360592223605918,0.19380530973451326,0.09090909090909091,3,0.296460176991,True,central_material_loss_rule_satisfied|endpoint_material_support_observed|connected_bite_case
5386,broken,False,y,18.0,2.0,12.0,6.0,3.0,12.0,5.0,False,0.371681415929,0.367256637168,1741,2309,1741,0.8787878787878788,0.6363636363636364,1.0,4,0.21024403325288282,0.3504424778761062,0.0,0.011799410029498525,0.03367003367003367,0.40281603917967557,0.1752212389380531,0.3939393939393939,13,0.367256637168,True,central_material_loss_rule_satisfied|endpoint_material_support_observed|disconnected_fragment_case
5508,broken,False,y,18.0,12.0,13.0,5.0,13.0,13.0,6.0,True,0.340707964602,0.309734513274,4255,4255,4255,1.0,1.0,1.0,0,0.2815768302493966,0.36283185840707965,0.1592920353982301,0.16519174041297935,0.45528455284552843,0.22764227642276424,0.18141592920353983,0.15151515151515152,5,0.309734513274,True,central_material_loss_rule_satisfied|endpoint_material_support_observed|connected_bite_case
5556,broken,False,y,18.0,16.0,12.0,4.0,17.0,12.0,5.0,True,0.349557522124,0.252212389381,4054,4054,4054,1.0,1.0,1.0,0,0.23196567444355057,0.2902654867256637,0.10619469026548672,0.11799410029498525,0.4065040650406504,0.2145232815964523,0.14513274336283186,0.12121212121212122,4,0.252212389381,True,central_material_loss_rule_satisfied|endpoint_material_support_observed|connected_bite_case
5564,broken,False,y,18.0,18.0,13.0,5.0,17.0,13.0,4.0,False,0.190265486726,0.274336283186,1317,2116,1317,0.7878787878787878,0.36363636363636365,1.0,7,0.16626441405202466,0.26548672566371684,0.0,0.0029498525073746312,0.01111111111111111,0.37878787878787884,0.13274336283185842,0.36363636363636365,12,0.190265486726,True,central_material_loss_rule_satisfied|endpoint_material_support_observed|disconnected_fragment_case
5662,broken,False,y,18.0,8.0,15.0,5.0,7.0,15.0,6.0,True,0.327433628319,0.305309734513,3989,3989,3989,1.0,1.0,1.0,0,0.20729418074550818,0.2991150442477876,0.08849557522123894,0.09734513274336283,0.3254437869822485,0.31127846512461893,0.1495575221238938,0.18181818181818182,5,0.305309734513,True,central_material_loss_rule_satisfied|endpoint_material_support_observed|connected_bite_case
5801,broken,False,y,18.0,2.0,16.0,4.0,1.0,16.0,5.0,True,0.300884955752,0.234513274336,4081,4081,4081,1.0,1.0,1.0,0,0.24054706355591313,0.30973451327433627,0.13274336283185842,0.14749262536873156,0.4761904761904762,0.2285714285714285,0.15486725663716813,0.15151515151515152,2,0.234513274336,True,central_material_loss_rule_satisfied|endpoint_material_support_observed|connected_bite_case
6036,broken,False,y,18.0,16.0,17.0,5.0,17.0,17.0,6.0,True,0.212389380531,0.300884955752,3926,3926,3926,1.0,1.0,1.0,0,0.20809868597479214,0.25486725663716814,0.09734513274336283,0.10619469026548672,0.4166666666666667,0.19170875420875416,0.12743362831858407,0.12121212121212122,3,0.212389380531,True,central_material_loss_rule_satisfied|endpoint_material_support_observed|connected_bite_case
6058,broken,False,y,18.0,0.0,0.0,8.0,1.0,0.0,7.0,True,0.252212389381,0.256637168142,3181,3181,3181,1.0,1.0,1.0,0,0.2110485384821668,0.2743362831858407,0.12389380530973451,0.12389380530973451,0.4516129032258065,0.23167155425219935,0.13716814159292035,0.12121212121212122,4,0.252212389381,True,central_material_loss_rule_satisfied|endpoint_material_support_observed|connected_bite_case
6081,broken,False,y,18.0,4.0,0.0,6.0,3.0,0.0,7.0,True,0.274336283186,0.33185840708,3777,3777,3777,1.0,1.0,1.0,0,0.24456958970233306,0.3433628318584071,0.1415929203539823,0.15339233038348082,0.4467353951890034,0.29303342705404567,0.17168141592920355,0.21212121212121213,4,0.274336283186,True,central_material_loss_rule_satisfied|endpoint_material_support_observed|connected_bite_case
6088,broken,False,y,18.0,4.0,1.0,7.0,3.0,1.0,6.0,True,0.336283185841,0.314159292035,4038,4038,4038,0.9696969696969697,1.0,1.0,1,0.22660230624832392,0.2991150442477876,0.035398230088495575,0.06489675516224189,0.21696252465483234,0.24762417070109377,0.1495575221238938,0.12121212121212122,4,0.314159292035,True,central_material_loss_rule_satisfied|endpoint_material_support_observed|connected_bite_case
6120,broken,False,y,18.0,6.0,0.0,6.0,7.0,1.0,6.0,True,0.203539823009,0.17994100295,3507,3507,3507,1.0,1.0,1.0,0,0.15720978656949508,0.1920353982300885,0.07079646017699115,0.07964601769911504,0.4147465437788018,0.1883979398210897,0.09601769911504425,0.08823529411764706,3,0.17994100295,True,central_material_loss_rule_satisfied|endpoint_material_support_observed|connected_bite_case
6124,broken,False,y,18.0,6.0,0.0,6.0,6.0,1.0,7.0,True,0.194690265487,0.141592920354,3507,3507,3507,1.0,1.0,1.0,0,0.1764548136229552,0.2194690265486726,0.07964601769911504,0.09144542772861357,0.41666666666666663,0.20185728250244386,0.1097345132743363,0.09090909090909091,3,0.141592920354,True,central_material_loss_rule_satisfied|endpoint_material_support_observed|connected_bite_case
6131,broken,False,y,18.0,8.0,0.0,8.0,7.0,0.0,7.0,True,0.230088495575,0.212389380531,3283,3283,3283,0.9393939393939394,1.0,0.8181818181818182,2,0.1450791096808796,0.23008849557522124,0.035398230088495575,0.05014749262536873,0.21794871794871795,0.37179487179487175,0.11504424778761062,0.36363636363636365,9,0.212389380531,True,central_material_loss_rule_satisfied|endpoint_material_support_observed|connected_bite_case
6135,broken,False,y,18.0,6.0,1.0,7.0,7.0,0.0,7.0,True,0.12389380531,0.154867256637,3207,3207,3207,0.9393939393939394,0.8181818181818182,1.0,2,0.13542504692947172,0.18407079646017702,0.04424778761061947,0.05309734513274336,0.28846153846153844,0.26544289044289054,0.09203539823008851,0.15151515151515152,4,0.12389380531,True,central_material_loss_rule_satisfied|endpoint_material_support_observed|connected_bite_case
6203,broken,False,y,18.0,14.0,0.0,8.0,13.0,0.0,7.0,False,0.230088495575,0.221238938053,1847,1737,1737,0.9393939393939394,1.0,1.0,2,0.21319388576025744,0.2814159292035398,0.0,0.029498525073746312,0.10482180293501049,0.24985706117781584,0.1407079646017699,0.15151515151515152,5,0.221238938053,True,central_material_loss_rule_satisfied|endpoint_material_support_observed|disconnected_fragment_case
6208,broken,False,y,18.0,14.0,1.0,7.0,13.0,1.0,6.0,True,0.349557522124,0.314159292035,3964,3964,3964,1.0,1.0,1.0,0,0.21936175918476805,0.32212389380530976,0.07079646017699115,0.09144542772861357,0.2838827838827839,0.32434232434232435,0.16106194690265488,0.21212121212121213,4,0.314159292035,True,central_material_loss_rule_satisfied|endpoint_material_support_observed|connected_bite_case
6224,broken,False,y,18.0,14.0,0.0,6.0,15.0,0.0,7.0,True,0.29203539823,0.287610619469,3775,3775,3775,1.0,1.0,1.0,0,0.2243623112961999,0.28938053097345134,0.07964601769911504,0.10324483775811209,0.3567787971457696,0.23115668285662894,0.14469026548672567,0.11764705882352941,4,0.287610619469,True,central_material_loss_rule_satisfied|endpoint_material_support_observed|connected_bite_case
6249,broken,False,y,18.0,18.0,2.0,6.0,18.0,1.0,7.0,True,0.181415929204,0.190265486726,3047,3047,3047,0.9411764705882353,0.8181818181818182,1.0,2,0.16111400312337326,0.19469026548672566,0.008849557522123894,0.04424778761061947,0.22727272727272727,0.17513368983957217,0.09734513274336283,0.08823529411764706,3,0.181415929204,True,central_material_loss_rule_satisfied|endpoint_material_support_observed|connected_bite_case
6254,broken,False,y,18.0,16.0,0.0,8.0,17.0,0.0,7.0,False,0.278761061947,0.323008849558,1540,1803,1540,0.5757575757575758,0.5454545454545454,1.0,14,0.12872083668543846,0.32389380530973455,0.0,0.0,0.0,0.6113594966053982,0.16194690265486728,0.5757575757575758,19,0.278761061947,True,central_material_loss_rule_satisfied|endpoint_material_support_observed|disconnected_fragment_case
6257,broken,False,y,18.0,16.0,1.0,7.0,17.0,1.0,6.0,True,0.0575221238938,0.283185840708,3581,3581,3581,1.0,1.0,1.0,0,0.19200858138911236,0.2814159292035398,0.061946902654867256,0.07964601769911504,0.2830188679245283,0.3222793977510958,0.1407079646017699,0.2727272727272727,6,0.0575221238938,True,central_material_loss_rule_satisfied|endpoint_material_support_observed|connected_bite_case
6265,broken,False,y,18.0,17.0,0.0,7.0,17.0,1.0,8.0,False,0.0619469026549,0.20796460177,1334,2046,1334,0.5,0.0,1.0,17,0.09734513274336283,0.21238938053097345,0.0,0.0,0.0,0.5477941176470588,0.10619469026548672,0.5294117647058824,18,0.0619469026549,True,central_material_loss_rule_satisfied|endpoint_material_support_observed|disconnected_fragment_case
6286,broken,False,y,18.0,2.0,3.0,7.0,1.0,3.0,8.0,True,0.274336283186,0.296460176991,4068,4068,4068,1.0,1.0,1.0,0,0.252614641995173,0.3256637168141593,0.12389380530973451,0.12979351032448377,0.39855072463768115,0.22579051383399204,0.16283185840707964,0.18181818181818182,6,0.274336283186,True,central_material_loss_rule_satisfied|endpoint_material_support_observed|connected_bite_case
6310,broken,False,y,18.0,4.0,3.0,7.0,3.0,3.0,8.0,True,0.283185840708,0.309734513274,3861,3861,3861,1.0,1.0,1.0,0,0.17645481362295523,0.2530973451327434,0.08849557522123894,0.10324483775811209,0.4079254079254079,0.31193049374867565,0.1265486725663717,0.09090909090909091,3,0.283185840708,True,central_material_loss_rule_satisfied|endpoint_material_support_observed|connected_bite_case
6356,broken,False,y,18.0,8.0,3.0,7.0,7.0,3.0,6.0,False,0.287610619469,0.367256637168,1733,2114,1733,0.8787878787878788,0.6363636363636364,1.0,4,0.19039957093054438,0.34513274336283184,0.0,0.0029498525073746312,0.008547008547008548,0.4514374514374514,0.17256637168141592,0.48484848484848486,16,0.287610619469,True,central_material_loss_rule_satisfied|endpoint_material_support_observed|disconnected_fragment_case
6374,broken,False,y,18.0,8.0,2.0,8.0,9.0,2.0,7.0,True,0.349557522124,0.287610619469,3981,3981,3981,1.0,1.0,1.0,0,0.2231161169214267,0.33274336283185846,0.10619469026548672,0.11504424778761062,0.34574468085106375,0.3331721470019343,0.16637168141592923,0.30303030303030304,10,0.287610619469,True,central_material_loss_rule_satisfied|endpoint_material_support_observed|connected_bite_case
6473,broken,False,y,18.0,18.0,2.0,6.0,17.0,2.0,7.0,True,0.296460176991,0.230088495575,3342,3342,3342,0.9090909090909091,1.0,0.7272727272727273,3,0.15902386698846877,0.23008849557522124,0.035398230088495575,0.04129793510324484,0.1794871794871795,0.32983682983682977,0.11504424778761062,0.36363636363636365,8,0.230088495575,True,central_material_loss_rule_satisfied|endpoint_material_support_observed|connected_bite_case
6474,broken,False,y,18.0,16.0,2.0,8.0,17.0,2.0,7.0,True,0.256637168142,0.265486725664,3955,3955,3955,1.0,1.0,1.0,0,0.24108340037543577,0.3168141592920354,0.09734513274336283,0.12094395280235988,0.3817504655493483,0.24225495175215842,0.1584070796460177,0.09090909090909091,3,0.256637168142,True,central_material_loss_rule_satisfied|endpoint_material_support_observed|connected_bite_case
6478,broken,False,y,18.0,16.0,3.0,7.0,17.0,4.0,7.0,True,0.137168141593,0.185840707965,3669,3669,3669,1.0,1.0,1.0,0,0.1622418879056047,0.22123893805309736,0.07964601769911504,0.08259587020648967,0.3733333333333333,0.26909090909090905,0.11061946902654868,0.12121212121212122,4,0.137168141593,True,central_material_loss_rule_satisfied|endpoint_material_support_observed|connected_bite_case
6482,broken,False,y,18.0,18.0,3.0,7.0,17.0,3.0,8.0,False,0.247787610619,0.070796460177,1776,1512,1512,0.8484848484848485,1.0,0.5454545454545454,5,0.15714668812013943,0.24778761061946902,0.0,0.0,0.0,0.3701298701298701,0.12389380530973451,0.3333333333333333,11,0.070796460177,True,central_material_loss_rule_satisfied|endpoint_material_support_observed|disconnected_fragment_case
6485,broken,False,y,18.0,17.0,2.0,7.0,17.0,3.0,8.0,True,0.172566371681,0.234513274336,3880,3880,3880,1.0,1.0,1.0,0,0.19495054659031755,0.28053097345132744,0.05309734513274336,0.06489675516224189,0.231335436382755,0.3098905177212841,0.14026548672566372,0.11764705882352941,4,0.172566371681,True,central_material_loss_rule_satisfied|endpoint_material_support_observed|connected_bite_case
6486,broken,False,y,18.0,17.0,4.0,7.0,17.0,3.0,8.0,True,0.238938053097,0.128318584071,3816,3816,3816,1.0,1.0,1.0,0,0.18879056047197637,0.23893805309734514,0.10619469026548672,0.10914454277286136,0.4567901234567901,0.21212121212121215,0.11946902654867257,0.12121212121212122,4,0.128318584071,True,central_material_loss_rule_satisfied|endpoint_material_support_observed|connected_bite_case
6525,broken,False,y,18.0,2.0,5.0,7.0,3.0,5.0,6.0,True,0.209439528024,0.318584070796,3987,3987,3987,1.0,1.0,1.0,0,0.24466423737636647,0.3247787610619469,0.1504424778761062,0.15634218289085544,0.4813805631244323,0.25404712293636805,0.16238938053097346,0.08823529411764706,3,0.209439528024,True,central_material_loss_rule_satisfied|endpoint_material_support_observed|connected_bite_case
6618,broken,False,y,18.0,10.0,4.0,8.0,11.0,4.0,7.0,True,0.309734513274,0.358407079646,4332,4332,4332,1.0,1.0,1.0,0,0.3091981764548136,0.40530973451327434,0.1592920353982301,0.1710914454277286,0.42212518195050946,0.24229191478099776,0.20265486725663717,0.09090909090909091,3,0.309734513274,True,central_material_loss_rule_satisfied|endpoint_material_support_observed|connected_bite_case
6650,broken,False,y,18.0,14.0,5.0,7.0,13.0,5.0,8.0,True,0.312684365782,0.218289085546,3890,3890,3890,1.0,1.0,1.0,0,0.22633413783856263,0.3008849557522124,0.11504424778761062,0.11504424778761062,0.38235294117647056,0.2522281639928699,0.1504424778761062,0.12121212121212122,4,0.218289085546,True,central_material_loss_rule_satisfied|endpoint_material_support_observed|connected_bite_case
6692,broken,False,y,18.0,16.0,4.0,6.0,17.0,4.0,7.0,False,0.314159292035,0.0575221238938,2265,1533,1533,0.7575757575757576,1.0,0.2727272727272727,8,0.1898632341110217,0.30973451327433627,0.0,0.0,0.0,0.3896103896103896,0.15486725663716813,0.3939393939393939,13,0.0575221238938,True,central_material_loss_rule_satisfied|endpoint_material_support_observed|disconnected_fragment_case
6815,broken,False,y,18.0,10.0,6.0,8.0,9.0,6.0,7.0,True,0.349557522124,0.362831858407,4107,4107,4107,1.0,1.0,1.0,0,0.23518369536068653,0.34513274336283184,0.05309734513274336,0.06784660766961652,0.19658119658119658,0.324009324009324,0.17256637168141592,0.24242424242424243,8,0.349557522124,True,central_material_loss_rule_satisfied|endpoint_material_support_observed|connected_bite_case
6846,broken,False,y,18.0,12.0,7.0,7.0,11.0,7.0,8.0,True,0.278761061947,0.309734513274,4057,4057,4057,1.0,1.0,1.0,0,0.24054706355591313,0.3185840707964602,0.12389380530973451,0.13569321533923304,0.42592592592592593,0.2516835016835017,0.1592920353982301,0.12121212121212122,4,0.278761061947,True,central_material_loss_rule_satisfied|endpoint_material_support_observed|connected_bite_case
6916,broken,False,y,18.0,16.0,7.0,7.0,17.0,7.0,8.0,False,0.261061946903,0.0929203539823,2126,1594,1594,0.7272727272727273,1.0,0.18181818181818182,9,0.1563421828908554,0.26371681415929205,0.0,0.0,0.0,0.41102298149278016,0.13185840707964602,0.3939393939393939,13,0.0929203539823,True,central_material_loss_rule_satisfied|endpoint_material_support_observed|disconnected_fragment_case
6937,broken,False,y,18.0,2.0,8.0,6.0,1.0,8.0,7.0,True,0.261061946903,0.336283185841,3835,3835,3835,0.9696969696969697,1.0,0.9090909090909091,1,0.1745776347546259,0.24778761061946902,0.035398230088495575,0.05014749262536873,0.20238095238095238,0.30411255411255406,0.12389380530973451,0.30303030303030304,8,0.261061946903,True,central_material_loss_rule_satisfied|endpoint_material_support_observed|connected_bite_case
6984,broken,False,y,18.0,4.0,8.0,6.0,5.0,8.0,7.0,True,0.323008849558,0.327433628319,4124,4124,4124,1.0,1.0,1.0,0,0.24215607401448108,0.3008849557522124,0.12389380530973451,0.12979351032448377,0.4313725490196078,0.20053475935828882,0.1504424778761062,0.09090909090909091,3,0.323008849558,True,central_material_loss_rule_satisfied|endpoint_material_support_observed|connected_bite_case
6986,broken,False,y,18.0,4.0,8.0,8.0,5.0,8.0,7.0,True,0.265486725664,0.314159292035,3958,3958,3958,0.8787878787878788,0.6363636363636364,1.0,4,0.20353982300884954,0.2991150442477876,0.017699115044247787,0.02654867256637168,0.08875739644970414,0.3265196342119419,0.1495575221238938,0.21212121212121213,7,0.265486725664,True,central_material_loss_rule_satisfied|endpoint_material_support_observed|connected_bite_case
6987,broken,False,y,18.0,6.0,8.0,8.0,5.0,8.0,7.0,True,0.287610619469,0.29203539823,4054,4054,4054,1.0,1.0,1.0,0,0.2252614641995173,0.3256637168141593,0.12389380530973451,0.12684365781710913,0.38949275362318836,0.311429512516469,0.16283185840707964,0.2727272727272727,9,0.287610619469,True,central_material_loss_rule_satisfied|endpoint_material_support_observed|connected_bite_case
7108,broken,False,y,18.0,14.0,9.0,7.0,15.0,9.0,8.0,True,0.305309734513,0.252212389381,3945,3945,3945,1.0,1.0,1.0,0,0.2134620541700188,0.31504424778761064,0.09734513274336283,0.10619469026548672,0.33707865168539325,0.3493360572012258,0.15752212389380532,0.30303030303030304,9,0.252212389381,True,central_material_loss_rule_satisfied|endpoint_material_support_observed|connected_bite_case
7132,broken,False,y,18.0,16.0,8.0,6.0,17.0,8.0,7.0,True,0.305309734513,0.353982300885,4447,4447,4447,1.0,1.0,1.0,0,0.3389648699383213,0.4247787610619469,0.19469026548672566,0.1976401179941003,0.4652777777777778,0.2140151515151515,0.21238938053097345,0.12121212121212122,4,0.305309734513,True,central_material_loss_rule_satisfied|endpoint_material_support_observed|connected_bite_case
7231,broken,False,y,18.0,8.0,10.0,8.0,7.0,10.0,7.0,True,0.380530973451,0.247787610619,4230,4230,4230,1.0,1.0,1.0,0,0.28452668275677123,0.4035398230088496,0.1592920353982301,0.17699115044247787,0.4385964912280701,0.29997341839447117,0.2017699115044248,0.09090909090909091,3,0.247787610619,True,central_material_loss_rule_satisfied|endpoint_material_support_observed|connected_bite_case
7260,broken,False,y,18.0,10.0,11.0,7.0,9.0,11.0,6.0,True,0.349557522124,0.336283185841,4320,4320,4320,1.0,1.0,1.0,0,0.29257173504961115,0.40530973451327434,0.13274336283185842,0.14454277286135692,0.3566229985443959,0.27934365488950647,0.20265486725663717,0.21212121212121213,7,0.336283185841,True,central_material_loss_rule_satisfied|endpoint_material_support_observed|connected_bite_case
7280,broken,False,y,18.0,10.0,11.0,7.0,11.0,11.0,8.0,False,0.336283185841,0.274336283186,2162,1736,1736,0.9090909090909091,1.0,0.7272727272727273,3,0.21399839098954143,0.30973451327433627,0.0,0.02654867256637168,0.08571428571428572,0.316017316017316,0.15486725663716813,0.2727272727272727,8,0.274336283186,True,central_material_loss_rule_satisfied|endpoint_material_support_observed|disconnected_fragment_case
7304,broken,False,y,18.0,12.0,11.0,7.0,13.0,11.0,8.0,False,0.41592920354,0.323008849558,1912,2348,1912,0.9696969696969697,0.9090909090909091,1.0,1,0.28077232502011257,0.4353982300884956,0.008849557522123894,0.07079646017699115,0.16260162601626016,0.3663463907366346,0.2176991150442478,0.15151515151515152,5,0.323008849558,True,central_material_loss_rule_satisfied|endpoint_material_support_observed|disconnected_fragment_case
7401,broken,False,y,18.0,4.0,12.0,6.0,3.0,12.0,7.0,True,0.345132743363,0.318584070796,4163,4163,4163,1.0,1.0,1.0,0,0.26360954679538745,0.3398230088495575,0.13274336283185842,0.13864306784660765,0.40798611111111105,0.22853535353535354,0.16991150442477876,0.15151515151515152,5,0.318584070796,True,central_material_loss_rule_satisfied|endpoint_material_support_observed|connected_bite_case
7404,broken,False,y,18.0,2.0,13.0,7.0,3.0,13.0,8.0,False,0.358407079646,0.33185840708,1817,2288,1817,0.8484848484848485,0.5454545454545454,1.0,5,0.22257978010190402,0.36283185840707965,0.0,0.0,0.0,0.3902439024390244,0.18141592920353983,0.3333333333333333,10,0.33185840708,True,central_material_loss_rule_satisfied|endpoint_material_support_observed|disconnected_fragment_case
7448,broken,False,y,18.0,6.0,12.0,6.0,7.0,12.0,7.0,True,0.287610619469,0.327433628319,4046,4046,4046,1.0,1.0,1.0,0,0.2448377581120944,0.3008849557522124,0.10619469026548672,0.12094395280235988,0.40196078431372545,0.1907308377896614,0.1504424778761062,0.09090909090909091,3,0.287610619469,True,central_material_loss_rule_satisfied|endpoint_material_support_observed|connected_bite_case
7451,broken,False,y,18.0,8.0,12.0,8.0,7.0,12.0,7.0,True,0.353982300885,0.33185840708,4289,4289,4289,1.0,1.0,1.0,0,0.2866720300348619,0.36991150442477877,0.12389380530973451,0.13274336283185842,0.35885167464114837,0.2270552414093084,0.18495575221238938,0.09090909090909091,3,0.33185840708,True,central_material_loss_rule_satisfied|endpoint_material_support_observed|connected_bite_case
7480,broken,False,y,18.0,10.0,13.0,7.0,9.0,13.0,6.0,True,0.367256637168,0.420353982301,4231,4231,4231,0.9696969696969697,1.0,0.9090909090909091,1,0.2670957361222848,0.3929203539823009,0.02654867256637168,0.05014749262536873,0.1276276276276276,0.3341523341523342,0.19646017699115045,0.18181818181818182,6,0.367256637168,True,central_material_loss_rule_satisfied|endpoint_material_support_observed|connected_bite_case
7548,broken,False,y,18.0,14.0,13.0,7.0,15.0,13.0,8.0,True,0.358407079646,0.345132743363,4288,4288,4288,1.0,1.0,1.0,0,0.2872083668543845,0.3946902654867257,0.13274336283185842,0.15339233038348082,0.3886397608370702,0.27952167414050827,0.19734513274336285,0.12121212121212122,4,0.345132743363,True,central_material_loss_rule_satisfied|endpoint_material_support_observed|connected_bite_case
7745,broken,False,y,18.0,12.0,15.0,7.0,13.0,15.0,6.0,True,0.358407079646,0.41592920354,4348,4348,4348,1.0,1.0,1.0,0,0.28104049342987397,0.40530973451327434,0.1504424778761062,0.15339233038348082,0.3784570596797671,0.3084557364033346,0.20265486725663717,0.18181818181818182,6,0.358407079646,True,central_material_loss_rule_satisfied|endpoint_material_support_observed|connected_bite_case
7750,broken,False,y,18.0,14.0,15.0,7.0,13.0,15.0,8.0,True,0.305309734513,0.340707964602,3987,3987,3987,1.0,1.0,1.0,0,0.22794314829713058,0.3168141592920354,0.07079646017699115,0.08849557522123894,0.2793296089385475,0.28457761977315044,0.1584070796460177,0.18181818181818182,5,0.305309734513,True,central_material_loss_rule_satisfied|endpoint_material_support_observed|connected_bite_case
8073,broken,False,y,18.0,2.0,0.0,8.0,1.0,0.0,9.0,True,0.253687315634,0.209439528024,3274,3274,3274,1.0,1.0,1.0,0,0.16572807723250202,0.23893805309734514,0.09734513274336283,0.10324483775811209,0.43209876543209874,0.308641975308642,0.11946902654867257,0.18181818181818182,5,0.209439528024,True,central_material_loss_rule_satisfied|endpoint_material_support_observed|connected_bite_case
8099,broken,False,y,18.0,4.0,0.0,10.0,3.0,0.0,9.0,True,0.300884955752,0.256637168142,3701,3701,3701,0.9705882352941176,1.0,1.0,1,0.22748568453930246,0.28053097345132744,0.017699115044247787,0.058997050147492625,0.2103049421661409,0.19391352755613284,0.14026548672566372,0.11764705882352941,4,0.256637168142,True,central_material_loss_rule_satisfied|endpoint_material_support_observed|connected_bite_case
8121,broken,False,y,18.0,6.0,0.0,8.0,5.0,0.0,9.0,False,0.309734513274,0.300884955752,1773,1640,1640,0.696969696969697,1.0,0.5454545454545454,10,0.13569321533923304,0.2902654867256637,0.0,0.0,0.0,0.5378787878787878,0.14513274336283186,0.5454545454545454,18,0.300884955752,True,central_material_loss_rule_satisfied|endpoint_material_support_observed|disconnected_fragment_case
8122,broken,False,y,18.0,4.0,0.0,10.0,5.0,0.0,9.0,True,0.323008849558,0.300884955752,3742,3742,3742,1.0,1.0,1.0,0,0.2182890855457227,0.30796460176991153,0.13274336283185842,0.13569321533923304,0.4406130268199233,0.2927551375827238,0.15398230088495576,0.12121212121212122,4,0.300884955752,True,central_material_loss_rule_satisfied|endpoint_material_support_observed|connected_bite_case
8130,broken,False,y,18.0,6.0,1.0,9.0,5.0,1.0,10.0,True,0.323008849558,0.300884955752,4035,4035,4035,1.0,1.0,1.0,0,0.23464735854116386,0.3168141592920354,0.13274336283185842,0.13569321533923304,0.42830540037243947,0.26426273912307424,0.1584070796460177,0.12121212121212122,3,0.300884955752,True,central_material_loss_rule_satisfied|endpoint_material_support_observed|connected_bite_case
8137,broken,False,y,18.0,8.0,0.0,8.0,7.0,1.0,8.0,False,0.203539823009,0.119469026549,1838,1517,1517,0.9090909090909091,1.0,0.7272727272727273,3,0.14802896218825423,0.18407079646017702,0.0,0.014749262536873156,0.08012820512820512,0.20134032634032642,0.09203539823008851,0.12121212121212122,4,0.119469026549,True,central_material_loss_rule_satisfied|endpoint_material_support_observed|disconnected_fragment_case
8140,broken,False,y,18.0,6.0,0.0,8.0,6.0,1.0,9.0,False,0.212389380531,0.146017699115,1891,1608,1608,0.9393939393939394,1.0,0.8181818181818182,2,0.16519174041297938,0.21061946902654868,0.0,0.017699115044247787,0.08403361344537814,0.21670486376368733,0.10530973451327434,0.12121212121212122,4,0.146017699115,True,central_material_loss_rule_satisfied|endpoint_material_support_observed|disconnected_fragment_case
8146,broken,False,y,18.0,6.0,0.0,10.0,7.0,0.0,9.0,False,0.243362831858,0.247787610619,1620,1613,1613,0.7647058823529411,1.0,1.0,8,0.1179073399271213,0.20442477876106194,0.0,0.0029498525073746312,0.01443001443001443,0.4354469060351413,0.10221238938053097,0.4117647058823529,14,0.243362831858,True,central_material_loss_rule_satisfied|endpoint_material_support_observed|disconnected_fragment_case
8149,broken,False,y,18.0,6.0,1.0,9.0,7.0,1.0,8.0,True,0.190265486726,0.305309734513,3894,3894,3894,1.0,1.0,1.0,0,0.20461249664789488,0.3008849557522124,0.10619469026548672,0.11209439528023599,0.3725490196078431,0.3208556149732621,0.1504424778761062,0.18181818181818182,5,0.190265486726,True,central_material_loss_rule_satisfied|endpoint_material_support_observed|connected_bite_case
8151,broken,False,y,18.0,6.0,1.0,9.0,7.0,0.0,9.0,False,0.16814159292,0.176991150442,1620,1775,1620,0.8823529411764706,0.6363636363636364,1.0,4,0.1441957313899011,0.1920353982300885,0.0,0.0,0.0,0.2588777446462456,0.09601769911504425,0.14705882352941177,5,0.16814159292,True,central_material_loss_rule_satisfied|endpoint_material_support_observed|disconnected_fragment_case
8155,broken,False,y,18.0,7.0,0.0,9.0,7.0,1.0,8.0,True,0.185840707965,0.176991150442,3441,3441,3441,1.0,1.0,1.0,0,0.16866215512753774,0.2070796460176991,0.05309734513274336,0.06784660766961652,0.32763532763532766,0.18853695324283554,0.10353982300884955,0.14705882352941177,5,0.176991150442,True,central_material_loss_rule_satisfied|endpoint_material_support_observed|connected_bite_case
8175,broken,False,y,18.0,8.0,1.0,9.0,9.0,0.0,9.0,False,0.110619469027,0.154867256637,1457,1778,1457,0.8823529411764706,0.6363636363636364,1.0,4,0.1277980218636127,0.168141592920354,0.0,0.008849557522123894,0.05263157894736842,0.24922600619195046,0.084070796460177,0.17647058823529413,6,0.110619469027,True,central_material_loss_rule_satisfied|endpoint_material_support_observed|disconnected_fragment_case
8181,broken,False,y,18.0,9.0,0.0,9.0,9.0,1.0,10.0,False,0.190265486726,0.176991150442,1756,1522,1522,0.8235294117647058,1.0,0.45454545454545453,6,0.13378448724622594,0.19469026548672566,0.0,0.0,0.0,0.3168449197860963,0.09734513274336283,0.20588235294117646,7,0.176991150442,True,central_material_loss_rule_satisfied|endpoint_material_support_observed|disconnected_fragment_case
8218,broken,False,y,18.0,12.0,0.0,10.0,13.0,0.0,9.0,True,0.300884955752,0.309734513274,3684,3684,3684,1.0,1.0,1.0,0,0.20836685438455352,0.2902654867256637,0.09734513274336283,0.11504424778761062,0.39634146341463417,0.2847376201034737,0.14513274336283186,0.18181818181818182,5,0.300884955752,True,central_material_loss_rule_satisfied|endpoint_material_support_observed|connected_bite_case
8242,broken,False,y,18.0,14.0,0.0,10.0,15.0,0.0,9.0,True,0.212389380531,0.274336283186,3470,3470,3470,1.0,1.0,1.0,0,0.1895950657012604,0.27079646017699116,0.07079646017699115,0.07964601769911504,0.29411764705882354,0.3024361259655377,0.13539823008849558,0.18181818181818182,6,0.212389380531,True,central_material_loss_rule_satisfied|endpoint_material_support_observed|connected_bite_case
8258,broken,False,y,18.0,18.0,2.0,8.0,17.0,1.0,8.0,False,0.234513274336,0.070796460177,1763,1494,1494,0.8125,1.0,0.4,6,0.16952433628318586,0.23893805309734514,0.0,0.0,0.0,0.3020833333333333,0.11946902654867257,0.21875,7,0.070796460177,True,central_material_loss_rule_satisfied|endpoint_material_support_observed|disconnected_fragment_case
8264,broken,False,y,18.0,18.0,0.0,8.0,18.0,1.0,9.0,True,0.162241887906,0.12389380531,2840,2840,2840,1.0,1.0,1.0,0,0.16241540864133264,0.19469026548672566,0.05309734513274336,0.06784660766961652,0.3484848484848485,0.1671122994652406,0.09734513274336283,0.08823529411764706,3,0.12389380531,True,central_material_loss_rule_satisfied|endpoint_material_support_observed|connected_bite_case
8269,broken,False,y,18.0,18.0,0.0,8.0,17.0,0.0,9.0,True,0.265486725664,0.216814159292,2968,2968,2968,1.0,1.0,1.0,0,0.14320193081255028,0.2017699115044248,0.07964601769911504,0.08259587020648967,0.40935672514619875,0.3086124401913876,0.1008849557522124,0.18181818181818182,3,0.216814159292,True,central_material_loss_rule_satisfied|endpoint_material_support_observed|connected_bite_case
8292,broken,False,y,18.0,0.0,2.0,8.0,1.0,2.0,9.0,True,0.33185840708,0.278761061947,3741,3741,3741,1.0,1.0,1.0,0,0.26280504156610357,0.3274336283185841,0.1504424778761062,0.15339233038348082,0.46846846846846846,0.2031122031122031,0.16371681415929204,0.09090909090909091,3,0.278761061947,True,central_material_loss_rule_satisfied|endpoint_material_support_observed|connected_bite_case
8477,broken,False,y,18.0,18.0,2.0,8.0,17.0,3.0,8.0,False,0.129793510324,0.200589970501,1427,1656,1427,0.8787878787878788,1.0,0.6363636363636364,4,0.12684365781710913,0.17699115044247787,0.0,0.0058997050147492625,0.03333333333333333,0.29090909090909084,0.08849557522123894,0.15151515151515152,5,0.129793510324,True,central_material_loss_rule_satisfied|endpoint_material_support_observed|disconnected_fragment_case
8484,broken,False,y,18.0,18.0,2.0,8.0,18.0,3.0,9.0,False,0.146017699115,0.132743362832,1315,1511,1315,0.8529411764705882,1.0,1.0,5,0.14029151483602292,0.20088495575221238,0.0,0.0,0.0,0.30577869914485617,0.10044247787610619,0.20588235294117646,7,0.132743362832,True,central_material_loss_rule_satisfied|endpoint_material_support_observed|disconnected_fragment_case
8490,broken,False,y,18.0,16.0,2.0,10.0,17.0,2.0,9.0,True,0.261061946903,0.349557522124,4091,4091,4091,1.0,1.0,1.0,0,0.2585143470099222,0.35398230088495575,0.11504424778761062,0.12094395280235988,0.3416666666666667,0.27348484848484844,0.17699115044247787,0.18181818181818182,6,0.261061946903,True,central_material_loss_rule_satisfied|endpoint_material_support_observed|connected_bite_case
8513,broken,False,y,18.0,2.0,4.0,8.0,1.0,4.0,9.0,True,0.384955752212,0.283185840708,4128,4128,4128,1.0,1.0,1.0,0,0.26736390453204617,0.3823008849557522,0.1504424778761062,0.15634218289085544,0.4089506172839506,0.30499438832772163,0.1911504424778761,0.21212121212121213,7,0.283185840708,True,central_material_loss_rule_satisfied|endpoint_material_support_observed|connected_bite_case
8514,broken,False,y,18.0,0.0,4.0,10.0,1.0,4.0,9.0,True,0.358407079646,0.29203539823,3772,3772,3772,1.0,1.0,1.0,0,0.2620005363368195,0.36991150442477877,0.11504424778761062,0.12684365781710913,0.34290271132376393,0.2973756705814122,0.18495575221238938,0.21212121212121213,4,0.29203539823,True,central_material_loss_rule_satisfied|endpoint_material_support_observed|connected_bite_case
8546,broken,False,y,18.0,4.0,5.0,9.0,3.0,5.0,10.0,True,0.305309734513,0.327433628319,3783,3783,3783,0.8787878787878788,1.0,0.6363636363636364,4,0.17511397157414854,0.2814159292035398,0.008849557522123894,0.014749262536873156,0.052410901467505246,0.38707833047455686,0.1407079646017699,0.30303030303030304,9,0.305309734513,True,central_material_loss_rule_satisfied|endpoint_material_support_observed|connected_bite_case
8566,broken,False,y,18.0,4.0,5.0,9.0,5.0,6.0,9.0,True,0.106194690265,0.132743362832,3391,3391,3391,0.9393939393939394,0.9090909090909091,1.0,1,0.1024403325288281,0.1415929203539823,0.04424778761061947,0.05604719764011799,0.3958333333333333,0.2821969696969697,0.07079646017699115,0.12121212121212122,3,0.106194690265,True,central_material_loss_rule_satisfied|endpoint_material_support_observed|connected_bite_case
8616,broken,False,y,18.0,10.0,5.0,9.0,9.0,5.0,8.0,False,0.305309734513,0.340707964602,2193,1712,1712,0.8181818181818182,1.0,0.45454545454545453,6,0.19066773934030573,0.3256637168141593,0.0,0.0029498525073746312,0.009057971014492754,0.41930171277997363,0.16283185840707964,0.45454545454545453,15,0.305309734513,True,central_material_loss_rule_satisfied|endpoint_material_support_observed|disconnected_fragment_case
8637,broken,False,y,18.0,10.0,5.0,9.0,11.0,5.0,8.0,True,0.327433628319,0.345132743363,4264,4264,4264,1.0,1.0,1.0,0,0.2815768302493966,0.34513274336283184,0.1415929203539823,0.14749262536873156,0.4273504273504274,0.1903651903651903,0.17256637168141592,0.15151515151515152,5,0.327433628319,True,central_material_loss_rule_satisfied|endpoint_material_support_observed|connected_bite_case
8659,broken,False,y,18.0,14.0,4.0,10.0,13.0,4.0,9.0,True,0.367256637168,0.300884955752,3992,3992,3992,0.9696969696969697,1.0,0.9090909090909091,1,0.23706087422901584,0.36106194690265486,0.04424778761061947,0.07374631268436578,0.2042483660130719,0.34774212715389186,0.18053097345132743,0.30303030303030304,10,0.300884955752,True,central_material_loss_rule_satisfied|endpoint_material_support_observed|connected_bite_case
8681,broken,False,y,18.0,16.0,4.0,8.0,15.0,4.0,9.0,True,0.384955752212,0.256637168142,4327,4327,4327,1.0,1.0,1.0,0,0.3140252078305175,0.46548672566371685,0.21238938053097345,0.21238938053097345,0.4562737642585551,0.3274570803087914,0.23274336283185842,0.2727272727272727,7,0.256637168142,True,central_material_loss_rule_satisfied|endpoint_material_support_observed|connected_bite_case
8713,broken,False,y,18.0,16.0,5.0,9.0,17.0,5.0,8.0,True,0.16814159292,0.358407079646,4116,4116,4116,1.0,1.0,1.0,0,0.27111826226870483,0.34513274336283184,0.1592920353982301,0.16814159292035397,0.48717948717948717,0.21600621600621595,0.17256637168141592,0.15151515151515152,2,0.16814159292,True,central_material_loss_rule_satisfied|endpoint_material_support_observed|connected_bite_case
8838,broken,False,y,18.0,10.0,7.0,9.0,9.0,7.0,10.0,True,0.247787610619,0.300884955752,3846,3846,3846,1.0,1.0,1.0,0,0.21051220166264414,0.26548672566371684,0.11504424778761062,0.11799410029498525,0.4444444444444444,0.2151515151515152,0.13274336283185842,0.09090909090909091,3,0.247787610619,True,central_material_loss_rule_satisfied|endpoint_material_support_observed|connected_bite_case
8852,broken,False,y,18.0,10.0,6.0,8.0,11.0,6.0,9.0,True,0.358407079646,0.132743362832,4177,4177,4177,1.0,1.0,1.0,0,0.26119603110753553,0.3893805309734513,0.07964601769911504,0.09144542772861357,0.23484848484848486,0.33264462809917356,0.19469026548672566,0.3333333333333333,8,0.132743362832,True,central_material_loss_rule_satisfied|endpoint_material_support_observed|connected_bite_case
8856,broken,False,y,18.0,10.0,7.0,9.0,11.0,7.0,10.0,True,0.269911504425,0.349557522124,3948,3948,3948,1.0,1.0,1.0,0,0.2298203271654599,0.2920353982300885,0.09734513274336283,0.10914454277286136,0.3737373737373737,0.2231404958677686,0.14601769911504425,0.15151515151515152,5,0.269911504425,True,central_material_loss_rule_satisfied|endpoint_material_support_observed|connected_bite_case
8879,broken,False,y,18.0,14.0,6.0,10.0,13.0,6.0,9.0,True,0.314159292035,0.362831858407,4100,4100,4100,1.0,1.0,1.0,0,0.25583266291230894,0.336283185840708,0.09734513274336283,0.10324483775811209,0.3070175438596491,0.24561403508771934,0.168141592920354,0.15151515151515152,5,0.314159292035,True,central_material_loss_rule_satisfied|endpoint_material_support_observed|connected_bite_case
8929,broken,False,y,18.0,18.0,6.0,8.0,17.0,6.0,9.0,True,0.247787610619,0.300884955752,3621,3621,3621,1.0,1.0,1.0,0,0.24188790560471976,0.3008849557522124,0.12389380530973451,0.12684365781710916,0.4215686274509804,0.19964349376114088,0.1504424778761062,0.12121212121212122,4,0.247787610619,True,central_material_loss_rule_satisfied|endpoint_material_support_observed|connected_bite_case
8953,broken,False,y,18.0,2.0,8.0,8.0,1.0,8.0,9.0,True,0.296460176991,0.283185840708,3934,3934,3934,0.9393939393939394,1.0,0.8181818181818182,2,0.2282113167068919,0.33274336283185846,0.035398230088495575,0.05014749262536873,0.150709219858156,0.3202772404900065,0.16637168141592923,0.3333333333333333,11,0.283185840708,True,central_material_loss_rule_satisfied|endpoint_material_support_observed|connected_bite_case
8956,broken,False,y,18.0,0.0,9.0,9.0,1.0,9.0,10.0,False,0.269911504425,0.0929203539823,1735,1465,1465,0.6666666666666666,1.0,0.09090909090909091,11,0.13086618396352911,0.25486725663716814,0.0,0.0,0.0,0.4957912457912458,0.12743362831858407,0.45454545454545453,15,0.0929203539823,True,central_material_loss_rule_satisfied|endpoint_material_support_observed|disconnected_fragment_case
8976,broken,False,y,18.0,2.0,8.0,8.0,3.0,8.0,9.0,False,0.362831858407,0.289085545723,2205,1634,1634,0.7647058823529411,1.0,0.2727272727272727,8,0.18870380010411245,0.3663716814159292,0.0,0.0,0.0,0.49161693662972433,0.1831858407079646,0.4117647058823529,14,0.289085545723,True,central_material_loss_rule_satisfied|endpoint_material_support_observed|disconnected_fragment_case
9080,broken,False,y,18.0,12.0,9.0,9.0,11.0,9.0,8.0,True,0.278761061947,0.287610619469,3853,3853,3853,1.0,1.0,1.0,0,0.21078037007240547,0.2920353982300885,0.07964601769911504,0.09144542772861357,0.3131313131313131,0.2837465564738292,0.14601769911504425,0.15151515151515152,4,0.278761061947,True,central_material_loss_rule_satisfied|endpoint_material_support_observed|connected_bite_case
9122,broken,False,y,18.0,14.0,8.0,10.0,15.0,8.0,9.0,True,0.380530973451,0.374631268437,4147,4147,4147,1.0,1.0,1.0,0,0.26334137838562616,0.36991150442477877,0.1504424778761062,0.15634218289085544,0.42264752791068577,0.28940118892272004,0.18495575221238938,0.15151515151515152,5,0.374631268437,True,central_material_loss_rule_satisfied|endpoint_material_support_observed|connected_bite_case
9224,broken,False,y,18.0,4.0,11.0,9.0,5.0,11.0,10.0,True,0.309734513274,0.407079646018,4211,4211,4211,1.0,1.0,1.0,0,0.2603915258782516,0.36637168141592924,0.1504424778761062,0.15339233038348082,0.4186795491143317,0.2961499048455571,0.18318584070796462,0.21212121212121213,5,0.309734513274,True,central_material_loss_rule_satisfied|endpoint_material_support_observed|connected_bite_case
9320,broken,False,y,18.0,12.0,11.0,9.0,13.0,11.0,10.0,True,0.349557522124,0.309734513274,3977,3977,3977,1.0,1.0,1.0,0,0.24376508447304912,0.42654867256637174,0.08849557522123894,0.09734513274336283,0.22821576763485474,0.439959763611216,0.21327433628318587,0.6060606060606061,20,0.309734513274,True,central_material_loss_rule_satisfied|endpoint_material_support_observed|connected_bite_case
9378,broken,False,y,18.0,18.0,11.0,9.0,17.0,11.0,10.0,True,0.234513274336,0.41592920354,4033,4033,4033,1.0,1.0,1.0,0,0.3234111021721641,0.44778761061946903,0.19469026548672566,0.20648967551622419,0.461133069828722,0.28111151036052223,0.22389380530973452,0.15151515151515152,4,0.234513274336,True,central_material_loss_rule_satisfied|endpoint_material_support_observed|connected_bite_case
9450,broken,False,y,18.0,6.0,13.0,9.0,5.0,13.0,10.0,True,0.300884955752,0.300884955752,4024,4024,4024,1.0,1.0,1.0,0,0.22016626441405202,0.3256637168141593,0.07964601769911504,0.08849557522123894,0.2717391304347826,0.32707509881422925,0.16283185840707964,0.30303030303030304,7,0.300884955752,True,central_material_loss_rule_satisfied|endpoint_material_support_observed|connected_bite_case
9498,broken,False,y,18.0,10.0,13.0,9.0,9.0,13.0,10.0,True,0.380530973451,0.300884955752,4329,4329,4329,1.0,1.0,1.0,0,0.3046393134888711,0.4424778761061947,0.10619469026548672,0.12684365781710913,0.2866666666666666,0.31272727272727274,0.22123893805309736,0.2727272727272727,8,0.300884955752,True,central_material_loss_rule_satisfied|endpoint_material_support_observed|connected_bite_case
9517,broken,False,y,18.0,10.0,13.0,9.0,11.0,13.0,8.0,True,0.37610619469,0.380530973451,4326,4326,4326,1.0,1.0,1.0,0,0.28211316706891926,0.3805309734513274,0.1592920353982301,0.16224188790560473,0.42635658914728686,0.25933756166314303,0.1902654867256637,0.15151515151515152,5,0.37610619469,True,central_material_loss_rule_satisfied|endpoint_material_support_observed|connected_bite_case
9561,broken,False,y,18.0,16.0,12.0,8.0,15.0,12.0,9.0,True,0.327433628319,0.353982300885,4052,4052,4052,1.0,1.0,1.0,0,0.24242424242424243,0.3185840707964602,0.11504424778761062,0.12389380530973451,0.3888888888888889,0.24494949494949497,0.1592920353982301,0.09090909090909091,3,0.327433628319,True,central_material_loss_rule_satisfied|endpoint_material_support_observed|connected_bite_case
9616,broken,False,y,18.0,0.0,15.0,9.0,1.0,15.0,10.0,False,0.163716814159,0.278761061947,1264,2178,1264,0.8181818181818182,0.45454545454545453,1.0,6,0.17752748726200052,0.30442477876106194,0.0,0.0029498525073746312,0.009689922480620155,0.42424242424242425,0.15221238938053097,0.36363636363636365,12,0.163716814159,True,central_material_loss_rule_satisfied|endpoint_material_support_observed|disconnected_fragment_case
9694,broken,False,y,18.0,8.0,15.0,9.0,7.0,15.0,10.0,True,0.345132743363,0.261061946903,4211,4211,4211,1.0,1.0,1.0,0,0.2796996513810673,0.36991150442477877,0.11504424778761062,0.12979351032448377,0.3508771929824561,0.24807887487313324,0.18495575221238938,0.18181818181818182,6,0.261061946903,True,central_material_loss_rule_satisfied|endpoint_material_support_observed|connected_bite_case
9711,broken,False,y,18.0,10.0,14.0,10.0,9.0,14.0,9.0,True,0.340707964602,0.358407079646,4212,4212,4212,1.0,1.0,1.0,0,0.2598551890587289,0.3752212389380531,0.1415929203539823,0.1415929203539823,0.37735849056603776,0.3177530017152659,0.18761061946902655,0.24242424242424243,6,0.340707964602,True,central_material_loss_rule_satisfied|endpoint_material_support_observed|connected_bite_case
9834,broken,False,y,18.0,0.0,16.0,10.0,1.0,16.0,9.0,True,0.252212389381,0.323008849558,3637,3637,3637,1.0,1.0,1.0,0,0.23142933762402787,0.3008849557522124,0.13274336283185842,0.13569321533923304,0.4509803921568627,0.23529411764705885,0.1504424778761062,0.09090909090909091,3,0.252212389381,True,central_material_loss_rule_satisfied|endpoint_material_support_observed|connected_bite_case
9868,broken,False,y,18.0,2.0,17.0,9.0,3.0,17.0,10.0,True,0.349557522124,0.283185840708,4104,4104,4104,1.0,1.0,1.0,0,0.25529632609278635,0.36283185840707965,0.1415929203539823,0.1504424778761062,0.41463414634146345,0.30229120473022913,0.18141592920353983,0.36363636363636365,9,0.283185840708,True,central_material_loss_rule_satisfied|endpoint_material_support_observed|connected_bite_case
9956,broken,False,y,18.0,10.0,17.0,9.0,9.0,17.0,8.0,True,0.33185840708,0.154867256637,3883,3883,3883,1.0,1.0,1.0,0,0.2351836953606865,0.3168141592920354,0.12389380530973451,0.1327433628318584,0.41899441340782123,0.26172337904181475,0.1584070796460177,0.12121212121212122,4,0.154867256637,True,central_material_loss_rule_satisfied|endpoint_material_support_observed|connected_bite_case
10088,broken,False,y,18.0,0.0,0.0,10.0,1.0,0.0,11.0,True,0.261061946903,0.252212389381,3025,3025,3025,0.9696969696969697,1.0,1.0,1,0.1761866452131939,0.23893805309734514,0.04424778761061947,0.061946902654867256,0.25925925925925924,0.2704826038159372,0.11946902654867257,0.15151515151515152,5,0.252212389381,True,central_material_loss_rule_satisfied|endpoint_material_support_observed|connected_bite_case
10098,broken,False,y,18.0,2.0,1.0,11.0,1.0,1.0,12.0,True,0.349557522124,0.309734513274,4154,4154,4154,1.0,1.0,1.0,0,0.2577098417806382,0.3345132743362832,0.08849557522123894,0.12094395280235988,0.36155202821869487,0.23344556677890013,0.1672566371681416,0.09090909090909091,3,0.309734513274,True,central_material_loss_rule_satisfied|endpoint_material_support_observed|connected_bite_case
10106,broken,False,y,18.0,4.0,2.0,10.0,3.0,1.0,10.0,True,0.146017699115,0.110619469027,3497,3497,3497,0.9411764705882353,0.8181818181818182,1.0,2,0.11348256116605934,0.1415929203539823,0.02654867256637168,0.04129793510324484,0.2916666666666667,0.20036764705882354,0.07079646017699115,0.08823529411764706,3,0.110619469027,True,central_material_loss_rule_satisfied|endpoint_material_support_observed|connected_bite_case
10112,broken,False,y,18.0,2.0,0.0,10.0,3.0,0.0,11.0,False,0.212389380531,0.261061946903,1730,1638,1638,0.9411764705882353,1.0,1.0,2,0.17386777719937532,0.25398230088495577,0.0,0.029498525073746312,0.11614401858304296,0.3187128509940562,0.12699115044247788,0.29411764705882354,10,0.212389380531,True,central_material_loss_rule_satisfied|endpoint_material_support_observed|disconnected_fragment_case
10120,broken,False,y,18.0,4.0,1.0,11.0,3.0,1.0,10.0,False,0.389380530973,0.287610619469,1790,2040,1790,0.9117647058823529,0.7272727272727273,1.0,3,0.18167621030713174,0.29557522123893804,0.0,0.008849557522123894,0.029940119760479042,0.4006692497358224,0.14778761061946902,0.38235294117647056,13,0.287610619469,True,central_material_loss_rule_satisfied|endpoint_material_support_observed|disconnected_fragment_case
10176,broken,False,y,18.0,8.0,0.0,10.0,9.0,1.0,10.0,True,0.141592920354,0.101769911504,3152,3152,3152,1.0,1.0,1.0,0,0.12228479485116653,0.14867256637168144,0.05309734513274336,0.061946902654867256,0.4166666666666666,0.18073593073593083,0.07433628318584072,0.09090909090909091,3,0.101769911504,True,central_material_loss_rule_satisfied|endpoint_material_support_observed|connected_bite_case
10177,broken,False,y,18.0,10.0,0.0,10.0,9.0,1.0,10.0,False,0.181415929204,0.101769911504,1796,1492,1492,0.9090909090909091,1.0,0.7272727272727273,3,0.14293376240278896,0.20353982300884957,0.008849557522123894,0.02359882005899705,0.11594202898550723,0.30171277997364954,0.10176991150442478,0.2727272727272727,8,0.101769911504,True,central_material_loss_rule_satisfied|endpoint_material_support_observed|disconnected_fragment_case
10194,broken,False,y,18.0,10.0,1.0,11.0,9.0,1.0,12.0,True,0.265486725664,0.230088495575,3826,3826,3826,1.0,1.0,1.0,0,0.19683561276481631,0.2743362831858407,0.10619469026548672,0.11209439528023599,0.40860215053763443,0.2825024437927663,0.13716814159292035,0.2727272727272727,6,0.230088495575,True,central_material_loss_rule_satisfied|endpoint_material_support_observed|connected_bite_case
10196,broken,False,y,18.0,9.0,0.0,11.0,10.0,1.0,11.0,True,0.141592920354,0.16814159292,3339,3339,3339,1.0,1.0,1.0,0,0.13032984714400644,0.18407079646017702,0.07964601769911504,0.0855457227138643,0.46474358974358965,0.29312354312354316,0.09203539823008851,0.21212121212121213,5,0.141592920354,True,central_material_loss_rule_satisfied|endpoint_material_support_observed|connected_bite_case
10204,broken,False,y,18.0,10.0,0.0,10.0,10.0,1.0,11.0,True,0.176991150442,0.172566371681,3457,3457,3457,1.0,1.0,1.0,0,0.16143738267632068,0.20353982300884957,0.061946902654867256,0.07374631268436578,0.36231884057971014,0.21212121212121213,0.10176991150442478,0.09090909090909091,3,0.172566371681,True,central_material_loss_rule_satisfied|endpoint_material_support_observed|connected_bite_case
10208,broken,False,y,18.0,10.0,0.0,10.0,11.0,0.0,11.0,True,0.287610619469,0.265486725664,3599,3599,3599,1.0,1.0,1.0,0,0.22043443282381336,0.2902654867256637,0.07964601769911504,0.10029498525073746,0.34552845528455284,0.24408721359940866,0.14513274336283186,0.15151515151515152,5,0.265486725664,True,central_material_loss_rule_satisfied|endpoint_material_support_observed|connected_bite_case
10215,broken,False,y,18.0,10.0,1.0,11.0,11.0,0.0,11.0,False,0.185840707965,0.154867256637,1583,1685,1583,0.9393939393939394,0.8181818181818182,1.0,2,0.1378385626173237,0.17699115044247787,0.02654867256637168,0.0471976401179941,0.26666666666666666,0.22575757575757574,0.08849557522123894,0.09090909090909091,3,0.154867256637,True,central_material_loss_rule_satisfied|endpoint_material_support_observed|disconnected_fragment_case
10234,broken,False,y,18.0,12.0,0.0,12.0,13.0,0.0,11.0,True,0.20796460177,0.221238938053,3252,3252,3252,1.0,1.0,1.0,0,0.1488334674175382,0.22123893805309736,0.07079646017699115,0.07374631268436578,0.3333333333333333,0.33090909090909093,0.11061946902654868,0.24242424242424243,8,0.20796460177,True,central_material_loss_rule_satisfied|endpoint_material_support_observed|connected_bite_case
10257,broken,False,y,18.0,16.0,0.0,10.0,15.0,0.0,11.0,False,0.296460176991,0.176991150442,1896,1430,1430,0.6666666666666666,1.0,0.09090909090909091,11,0.12496647894877982,0.27256637168141595,0.0,0.0058997050147492625,0.021645021645021644,0.546241637150728,0.13628318584070798,0.5151515151515151,17,0.176991150442,True,central_material_loss_rule_satisfied|endpoint_material_support_observed|disconnected_fragment_case
10259,broken,False,y,18.0,16.0,0.0,12.0,15.0,0.0,11.0,True,0.336283185841,0.29203539823,3571,3571,3571,1.0,1.0,1.0,0,0.19898096004290694,0.288495575221239,0.09734513274336283,0.10914454277286136,0.37832310838445804,0.3182747722625024,0.1442477876106195,0.21212121212121213,7,0.29203539823,True,central_material_loss_rule_satisfied|endpoint_material_support_observed|connected_bite_case
10260,broken,False,y,18.0,14.0,1.0,11.0,15.0,1.0,12.0,False,0.287610619469,0.305309734513,1670,2161,1670,0.8181818181818182,0.45454545454545453,1.0,6,0.15929203539823011,0.25663716814159293,0.0,0.0,0.0,0.3887147335423197,0.12831858407079647,0.42424242424242425,14,0.287610619469,True,central_material_loss_rule_satisfied|endpoint_material_support_observed|disconnected_fragment_case
10281,broken,False,y,18.0,18.0,2.0,10.0,18.0,1.0,11.0,True,0.194690265487,0.16814159292,3056,3056,3056,1.0,1.0,1.0,0,0.17296862429605794,0.22123893805309736,0.05309734513274336,0.06784660766961652,0.30666666666666664,0.22181818181818183,0.11061946902654868,0.09090909090909091,3,0.16814159292,True,central_material_loss_rule_satisfied|endpoint_material_support_observed|connected_bite_case
10294,broken,False,y,18.0,18.0,1.0,11.0,17.0,1.0,12.0,True,0.371681415929,0.16814159292,3563,3563,3563,1.0,1.0,1.0,0,0.23277017967283456,0.30973451327433627,0.13274336283185842,0.14454277286135694,0.46666666666666673,0.2606060606060606,0.15486725663716813,0.09090909090909091,3,0.16814159292,True,central_material_loss_rule_satisfied|endpoint_material_support_observed|connected_bite_case
10340,broken,False,y,18.0,4.0,3.0,11.0,3.0,3.0,10.0,False,0.287610619469,0.132743362832,2005,1615,1615,0.8181818181818182,1.0,0.45454545454545453,6,0.13301153124161974,0.25486725663716814,0.0,0.0058997050147492625,0.023148148148148147,0.4894781144781145,0.12743362831858407,0.48484848484848486,16,0.132743362832,True,central_material_loss_rule_satisfied|endpoint_material_support_observed|disconnected_fragment_case
10368,broken,False,y,18.0,5.0,2.0,11.0,6.0,3.0,11.0,True,0.0884955752212,0.110619469027,3537,3537,3537,1.0,1.0,1.0,0,0.1252346473585412,0.168141592920354,0.061946902654867256,0.06784660766961652,0.40350877192982454,0.25518341307814996,0.084070796460177,0.18181818181818182,4,0.0884955752212,True,central_material_loss_rule_satisfied|endpoint_material_support_observed|connected_bite_case
10408,broken,False,y,18.0,8.0,3.0,11.0,9.0,3.0,12.0,False,0.274336283186,0.247787610619,1629,2083,1629,0.7878787878787878,0.36363636363636365,1.0,7,0.15821936175918475,0.2849557522123894,0.0,0.0,0.0,0.4552983248635422,0.1424778761061947,0.42424242424242425,12,0.247787610619,True,central_material_loss_rule_satisfied|endpoint_material_support_observed|disconnected_fragment_case
10433,broken,False,y,18.0,10.0,3.0,11.0,11.0,3.0,10.0,False,0.309734513274,0.318584070796,1664,2165,1664,0.8787878787878788,0.6363636363636364,1.0,4,0.19200858138911234,0.3185840707964602,0.0,0.0058997050147492625,0.018518518518518517,0.39898989898989895,0.1592920353982301,0.3939393939393939,13,0.309734513274,True,central_material_loss_rule_satisfied|endpoint_material_support_observed|disconnected_fragment_case
10434,broken,False,y,18.0,10.0,3.0,11.0,11.0,4.0,11.0,True,0.0575221238938,0.12389380531,3323,3323,3323,0.9393939393939394,0.8181818181818182,1.0,2,0.09573612228479485,0.1415929203539823,0.04424778761061947,0.0471976401179941,0.3333333333333333,0.3428030303030303,0.07079646017699115,0.2727272727272727,9,0.0575221238938,True,central_material_loss_rule_satisfied|endpoint_material_support_observed|connected_bite_case
10502,broken,False,y,18.0,18.0,2.0,12.0,18.0,3.0,11.0,True,0.16814159292,0.163716814159,3058,3058,3058,1.0,1.0,1.0,0,0.1764548136229552,0.21061946902654868,0.05309734513274336,0.07964601769911504,0.37815126050420167,0.1645021645021645,0.10530973451327434,0.09090909090909091,3,0.163716814159,True,central_material_loss_rule_satisfied|endpoint_material_support_observed|connected_bite_case
10507,broken,False,y,18.0,18.0,2.0,12.0,17.0,2.0,11.0,True,0.22418879056,0.286135693215,3546,3546,3546,1.0,1.0,1.0,0,0.222019781363873,0.29823008849557525,0.12389380530973451,0.1327433628318584,0.44510385756676546,0.25833478792110315,0.14911504424778763,0.08823529411764706,3,0.22418879056,True,central_material_loss_rule_satisfied|endpoint_material_support_observed|connected_bite_case
10544,broken,False,y,18.0,2.0,4.0,10.0,3.0,5.0,10.0,True,0.0796460176991,0.0796460176991,3504,3504,3504,1.0,1.0,1.0,0,0.11263073209975863,0.1504424778761062,0.061946902654867256,0.061946902654867256,0.4117647058823529,0.2566844919786097,0.0752212389380531,0.15151515151515152,4,0.0796460176991,True,central_material_loss_rule_satisfied|endpoint_material_support_observed|connected_bite_case
10570,broken,False,y,18.0,6.0,6.0,10.0,5.0,5.0,10.0,True,0.119469026549,0.070796460177,3469,3469,3469,0.9090909090909091,1.0,0.7272727272727273,3,0.09814963797264682,0.13274336283185842,0.035398230088495575,0.038348082595870206,0.28888888888888886,0.26666666666666666,0.06637168141592921,0.18181818181818182,4,0.070796460177,True,central_material_loss_rule_satisfied|endpoint_material_support_observed|connected_bite_case
10588,broken,False,y,18.0,5.0,4.0,11.0,6.0,5.0,11.0,True,0.0663716814159,0.0530973451327,3375,3375,3375,1.0,1.0,1.0,0,0.09493161705551087,0.1415929203539823,0.05309734513274336,0.061946902654867256,0.4375,0.3314393939393939,0.07079646017699115,0.12121212121212122,3,0.0530973451327,True,central_material_loss_rule_satisfied|endpoint_material_support_observed|connected_bite_case
10606,broken,False,y,18.0,6.0,5.0,11.0,7.0,6.0,11.0,True,0.0663716814159,0.110619469027,3251,3251,3251,0.7575757575757576,0.45454545454545453,1.0,8,0.06436041834271922,0.08849557522123894,0.017699115044247787,0.017699115044247787,0.2,0.28181818181818186,0.04424778761061947,0.18181818181818182,5,0.0663716814159,True,central_material_loss_rule_satisfied|endpoint_material_support_observed|connected_bite_case
10618,broken,False,y,18.0,10.0,6.0,10.0,9.0,5.0,10.0,True,0.119469026549,0.132743362832,3454,3454,3454,0.9090909090909091,1.0,0.7272727272727273,3,0.09090909090909091,0.12212389380530973,0.035398230088495575,0.04129793510324484,0.33816425120772947,0.26174791392182695,0.061061946902654866,0.15151515151515152,5,0.119469026549,True,central_material_loss_rule_satisfied|endpoint_material_support_observed|connected_bite_case
10634,broken,False,y,18.0,10.0,5.0,11.0,9.0,5.0,12.0,True,0.336283185841,0.305309734513,3948,3948,3948,0.9393939393939394,1.0,0.8181818181818182,2,0.2180209171359614,0.34513274336283184,0.02654867256637168,0.038348082595870206,0.11111111111111112,0.376068376068376,0.17256637168141592,0.30303030303030304,8,0.305309734513,True,central_material_loss_rule_satisfied|endpoint_material_support_observed|connected_bite_case
10651,broken,False,y,18.0,12.0,4.0,12.0,11.0,4.0,11.0,False,0.256637168142,0.327433628319,1613,2294,1613,0.7878787878787878,0.36363636363636365,1.0,7,0.2003218020917136,0.336283185840708,0.0,0.0058997050147492625,0.017543859649122806,0.4090909090909091,0.168141592920354,0.3333333333333333,11,0.256637168142,True,central_material_loss_rule_satisfied|endpoint_material_support_observed|disconnected_fragment_case
10652,broken,False,y,18.0,10.0,5.0,11.0,11.0,5.0,12.0,True,0.318584070796,0.33185840708,4234,4234,4234,1.0,1.0,1.0,0,0.28962188254223653,0.35398230088495575,0.1504424778761062,0.16224188790560473,0.45833333333333337,0.1886363636363636,0.17699115044247787,0.09090909090909091,3,0.318584070796,True,central_material_loss_rule_satisfied|endpoint_material_support_observed|connected_bite_case
10653,broken,False,y,18.0,10.0,5.0,11.0,11.0,5.0,10.0,True,0.243362831858,0.340707964602,4138,4138,4138,1.0,1.0,1.0,0,0.27540895682488603,0.36283185840707965,0.1504424778761062,0.1592920353982301,0.43902439024390244,0.24981522542498152,0.18141592920353983,0.09090909090909091,3,0.243362831858,True,central_material_loss_rule_satisfied|endpoint_material_support_observed|connected_bite_case
10674,broken,False,y,18.0,12.0,4.0,12.0,13.0,4.0,11.0,True,0.296460176991,0.323008849558,3994,3994,3994,1.0,1.0,1.0,0,0.22982032716545991,0.30973451327433627,0.10619469026548672,0.11504424778761062,0.37142857142857144,0.2649350649350649,0.15486725663716813,0.24242424242424243,8,0.296460176991,True,central_material_loss_rule_satisfied|endpoint_material_support_observed|connected_bite_case
10684,broken,False,y,18.0,13.0,4.0,11.0,14.0,5.0,11.0,True,0.154867256637,0.137168141593,3459,3459,3459,1.0,1.0,1.0,0,0.1220166264414052,0.1504424778761062,0.07079646017699115,0.07079646017699115,0.4705882352941176,0.19786096256684496,0.0752212389380531,0.09090909090909091,3,0.137168141593,True,central_material_loss_rule_satisfied|endpoint_material_support_observed|connected_bite_case
10698,broken,False,y,18.0,14.0,4.0,12.0,15.0,4.0,11.0,True,0.327433628319,0.269911504425,4054,4054,4054,1.0,1.0,1.0,0,0.2571735049611156,0.35221238938053095,0.13274336283185842,0.1415929203539823,0.4020100502512563,0.2757728034109943,0.17610619469026548,0.24242424242424243,8,0.269911504425,True,central_material_loss_rule_satisfied|endpoint_material_support_observed|connected_bite_case
10725,broken,False,y,18.0,18.0,4.0,10.0,17.0,4.0,11.0,True,0.238938053097,0.278761061947,3426,3426,3426,1.0,1.0,1.0,0,0.20166264414052026,0.2814159292035398,0.12389380530973451,0.12389380530973451,0.44025157232704404,0.2860682294644558,0.1407079646017699,0.09090909090909091,3,0.238938053097,True,central_material_loss_rule_satisfied|endpoint_material_support_observed|connected_bite_case
10726,broken,False,y,18.0,16.0,4.0,12.0,17.0,4.0,11.0,True,0.318584070796,0.296460176991,4241,4241,4241,1.0,1.0,1.0,0,0.2982032716545991,0.38761061946902653,0.11504424778761062,0.15044247787610618,0.3881278538812785,0.2367510723675107,0.19380530973451326,0.15151515151515152,3,0.296460176991,True,central_material_loss_rule_satisfied|endpoint_material_support_observed|connected_bite_case
10749,broken,False,y,18.0,2.0,6.0,10.0,1.0,6.0,11.0,True,0.309734513274,0.141592920354,3853,3853,3853,1.0,1.0,1.0,0,0.21480289621882545,0.3185840707964602,0.12389380530973451,0.13569321533923304,0.42592592592592593,0.32828282828282823,0.1592920353982301,0.18181818181818182,5,0.141592920354,True,central_material_loss_rule_satisfied|endpoint_material_support_observed|connected_bite_case
10764,broken,False,y,18.0,2.0,6.0,10.0,3.0,7.0,10.0,True,0.101769911504,0.12389380531,3512,3512,3512,1.0,1.0,1.0,0,0.1166532582461786,0.14690265486725665,0.061946902654867256,0.06489675516224189,0.4417670682730923,0.21066082511865647,0.07345132743362832,0.09090909090909091,3,0.101769911504,True,central_material_loss_rule_satisfied|endpoint_material_support_observed|connected_bite_case
10801,broken,False,y,18.0,4.0,7.0,11.0,5.0,7.0,10.0,True,0.353982300885,0.384955752212,4086,4086,4086,1.0,1.0,1.0,0,0.24322874765352642,0.3752212389380531,0.11504424778761062,0.12684365781710913,0.3380503144654088,0.35706117781589475,0.18761061946902655,0.30303030303030304,10,0.353982300885,True,central_material_loss_rule_satisfied|endpoint_material_support_observed|connected_bite_case
10812,broken,False,y,18.0,6.0,6.0,10.0,7.0,7.0,10.0,True,0.0929203539823,0.0840707964602,3405,3405,3405,1.0,1.0,1.0,0,0.0943952802359882,0.12212389380530973,0.05309734513274336,0.05309734513274336,0.43478260869565216,0.23320158102766803,0.061061946902654866,0.12121212121212122,4,0.0840707964602,True,central_material_loss_rule_satisfied|endpoint_material_support_observed|connected_bite_case
10826,broken,False,y,18.0,6.0,7.0,11.0,7.0,8.0,11.0,True,0.0619469026549,0.119469026549,3331,3331,3331,0.9090909090909091,0.7272727272727273,1.0,3,0.08688656476267095,0.12389380530973451,0.035398230088495575,0.04129793510324484,0.3333333333333333,0.30735930735930733,0.061946902654867256,0.15151515151515152,5,0.0619469026549,True,central_material_loss_rule_satisfied|endpoint_material_support_observed|connected_bite_case
10862,broken,False,y,18.0,12.0,8.0,10.0,11.0,7.0,10.0,True,0.128318584071,0.119469026549,3408,3408,3408,0.9090909090909091,0.7272727272727273,1.0,3,0.0901045856798069,0.11504424778761062,0.035398230088495575,0.04129793510324484,0.358974358974359,0.22377622377622375,0.05752212389380531,0.09090909090909091,3,0.119469026549,True,central_material_loss_rule_satisfied|endpoint_material_support_observed|connected_bite_case
10878,broken,False,y,18.0,12.0,7.0,11.0,11.0,7.0,12.0,True,0.345132743363,0.278761061947,4287,4287,4287,1.0,1.0,1.0,0,0.3083936712255297,0.3805309734513274,0.1504424778761062,0.15634218289085547,0.41085271317829464,0.19520789288231147,0.1902654867256637,0.12121212121212122,4,0.278761061947,True,central_material_loss_rule_satisfied|endpoint_material_support_observed|connected_bite_case
10897,broken,False,y,18.0,12.0,7.0,11.0,13.0,7.0,10.0,True,0.305309734513,0.327433628319,3998,3998,3998,1.0,1.0,1.0,0,0.22928399034593724,0.2991150442477876,0.08849557522123894,0.0943952802359882,0.3155818540433925,0.23596915904608212,0.1495575221238938,0.09090909090909091,3,0.305309734513,True,central_material_loss_rule_satisfied|endpoint_material_support_observed|connected_bite_case
10904,broken,False,y,18.0,13.0,6.0,11.0,14.0,7.0,11.0,True,0.128318584071,0.119469026549,3444,3444,3444,1.0,1.0,1.0,0,0.09359077500670421,0.11327433628318584,0.05309734513274336,0.05309734513274336,0.46875,0.18276515151515152,0.05663716814159292,0.12121212121212122,4,0.119469026549,True,central_material_loss_rule_satisfied|endpoint_material_support_observed|connected_bite_case
10947,broken,False,y,18.0,18.0,6.0,12.0,17.0,6.0,11.0,True,0.300884955752,0.252212389381,3481,3481,3481,1.0,1.0,1.0,0,0.19629927594529364,0.2814159292035398,0.061946902654867256,0.06784660766961652,0.24109014675052412,0.30989136649514004,0.1407079646017699,0.2727272727272727,9,0.252212389381,True,central_material_loss_rule_satisfied|endpoint_material_support_observed|connected_bite_case
10969,broken,False,y,18.0,2.0,8.0,10.0,1.0,8.0,11.0,True,0.300884955752,0.154867256637,3768,3768,3768,0.7878787878787878,1.0,0.36363636363636365,7,0.16358272995441137,0.27256637168141595,0.017699115044247787,0.029498525073746312,0.10822510822510821,0.4035812672176309,0.13628318584070798,0.42424242424242425,14,0.154867256637,True,central_material_loss_rule_satisfied|endpoint_material_support_observed|connected_bite_case
11019,broken,False,y,18.0,6.0,8.0,12.0,5.0,8.0,11.0,True,0.336283185841,0.318584070796,4201,4201,4201,1.0,1.0,1.0,0,0.2759452936444087,0.35752212389380533,0.1504424778761062,0.16224188790560473,0.4537953795379538,0.23972397239723975,0.17876106194690267,0.09090909090909091,3,0.318584070796,True,central_material_loss_rule_satisfied|endpoint_material_support_observed|connected_bite_case
11026,broken,False,y,18.0,6.0,9.0,11.0,5.0,9.0,12.0,True,0.278761061947,0.336283185841,4215,4215,4215,1.0,1.0,1.0,0,0.28291767229820325,0.36991150442477877,0.1592920353982301,0.1710914454277286,0.4625199362041467,0.24227925184862986,0.18495575221238938,0.09090909090909091,3,0.278761061947,True,central_material_loss_rule_satisfied|endpoint_material_support_observed|connected_bite_case
11032,broken,False,y,18.0,6.0,8.0,10.0,7.0,9.0,10.0,True,0.119469026549,0.12389380531,3453,3453,3453,0.9696969696969697,0.9090909090909091,1.0,1,0.10941271118262268,0.1504424778761062,0.04424778761061947,0.05014749262536873,0.3333333333333333,0.27807486631016043,0.0752212389380531,0.24242424242424243,7,0.119469026549,True,central_material_loss_rule_satisfied|endpoint_material_support_observed|connected_bite_case
11056,broken,False,y,18.0,8.0,8.0,10.0,9.0,9.0,10.0,True,0.0973451327434,0.070796460177,3335,3335,3335,0.8787878787878788,0.9090909090909091,1.0,4,0.09171359613837489,0.12389380530973451,0.035398230088495575,0.04129793510324484,0.3333333333333333,0.26623376623376627,0.061946902654867256,0.15151515151515152,5,0.070796460177,True,central_material_loss_rule_satisfied|endpoint_material_support_observed|connected_bite_case
11080,broken,False,y,18.0,10.0,8.0,10.0,11.0,9.0,10.0,True,0.0530973451327,0.0929203539823,3373,3373,3373,0.9696969696969697,0.9090909090909091,1.0,1,0.0917135961383749,0.11504424778761062,0.04424778761061947,0.05014749262536873,0.4358974358974359,0.2121212121212121,0.05752212389380531,0.09090909090909091,3,0.0530973451327,True,central_material_loss_rule_satisfied|endpoint_material_support_observed|connected_bite_case
11091,broken,False,y,18.0,12.0,8.0,12.0,11.0,8.0,11.0,False,0.314159292035,0.482300884956,2184,1759,1759,0.8787878787878788,1.0,0.6363636363636364,4,0.18771788683293109,0.32389380530973455,0.0,0.0029498525073746312,0.009107468123861566,0.44245736049014744,0.16194690265486728,0.42424242424242425,14,0.314159292035,True,central_material_loss_rule_satisfied|endpoint_material_support_observed|disconnected_fragment_case
11098,broken,False,y,18.0,12.0,9.0,11.0,11.0,9.0,12.0,True,0.340707964602,0.234513274336,4404,4404,4404,1.0,1.0,1.0,0,0.33413783856261736,0.47433628318584076,0.19469026548672566,0.20058997050147492,0.42288557213930345,0.2976028946178201,0.23716814159292038,0.24242424242424243,8,0.234513274336,True,central_material_loss_rule_satisfied|endpoint_material_support_observed|connected_bite_case
11112,broken,False,y,18.0,12.0,8.0,10.0,13.0,8.0,11.0,True,0.345132743363,0.411504424779,4205,4205,4205,1.0,1.0,1.0,0,0.2815768302493966,0.36283185840707965,0.168141592920354,0.17404129793510323,0.4796747967479674,0.2350332594235033,0.18141592920353983,0.09090909090909091,3,0.345132743363,True,central_material_loss_rule_satisfied|endpoint_material_support_observed|connected_bite_case
11237,broken,False,y,18.0,6.0,10.0,10.0,5.0,10.0,11.0,False,0.393805309735,0.0884955752212,2511,1581,1581,0.9393939393939394,1.0,0.8181818181818182,2,0.24054706355591313,0.36460176991150445,0.008849557522123894,0.029498525073746312,0.08090614886731391,0.3506913798175934,0.18230088495575222,0.18181818181818182,6,0.0884955752212,True,central_material_loss_rule_satisfied|endpoint_material_support_observed|disconnected_fragment_case
11261,broken,False,y,18.0,8.0,10.0,10.0,7.0,10.0,11.0,True,0.336283185841,0.16814159292,4031,4031,4031,1.0,1.0,1.0,0,0.23759721104853848,0.336283185840708,0.13274336283185842,0.14454277286135692,0.4298245614035087,0.2950558213716109,0.168141592920354,0.15151515151515152,5,0.16814159292,True,central_material_loss_rule_satisfied|endpoint_material_support_observed|connected_bite_case
11294,broken,False,y,18.0,10.0,11.0,11.0,9.0,11.0,12.0,True,0.278761061947,0.154867256637,3763,3763,3763,1.0,1.0,1.0,0,0.20246714936980426,0.288495575221239,0.09734513274336283,0.11209439528023599,0.38854805725971364,0.30061349693251543,0.1442477876106195,0.30303030303030304,6,0.154867256637,True,central_material_loss_rule_satisfied|endpoint_material_support_observed|connected_bite_case
11296,broken,False,y,18.0,9.0,10.0,11.0,10.0,11.0,11.0,True,0.0663716814159,0.0796460176991,3290,3290,3290,0.8787878787878788,1.0,1.0,2,0.0783051756503084,0.11504424778761062,0.035398230088495575,0.04424778761061947,0.38461538461538464,0.324009324009324,0.05752212389380531,0.2727272727272727,4,0.0663716814159,True,central_material_loss_rule_satisfied|endpoint_material_support_observed|connected_bite_case
11300,broken,False,y,18.0,10.0,10.0,10.0,11.0,11.0,10.0,True,0.0929203539823,0.0973451327434,3394,3394,3394,1.0,1.0,1.0,0,0.08849557522123894,0.13274336283185842,0.05309734513274336,0.05604719764011799,0.42222222222222217,0.3393939393939394,0.06637168141592921,0.2727272727272727,8,0.0929203539823,True,central_material_loss_rule_satisfied|endpoint_material_support_observed|connected_bite_case
11360,broken,False,y,18.0,14.0,11.0,11.0,15.0,11.0,12.0,True,0.33185840708,0.33185840708,4023,4023,4023,1.0,1.0,1.0,0,0.2287476535264146,0.3274336283185841,0.07079646017699115,0.07669616519174041,0.23423423423423423,0.30384930384930386,0.16371681415929204,0.30303030303030304,10,0.33185840708,True,central_material_loss_rule_satisfied|endpoint_material_support_observed|connected_bite_case
11466,broken,False,y,18.0,6.0,13.0,11.0,5.0,13.0,12.0,True,0.327433628319,0.300884955752,4290,4290,4290,1.0,1.0,1.0,0,0.2853311879860552,0.3805309734513274,0.13274336283185842,0.1504424778761062,0.39534883720930236,0.2515856236786469,0.1902654867256637,0.24242424242424243,8,0.300884955752,True,central_material_loss_rule_satisfied|endpoint_material_support_observed|connected_bite_case
11474,broken,False,y,18.0,8.0,14.0,10.0,7.0,13.0,10.0,True,0.110619469027,0.0973451327434,3558,3558,3558,1.0,1.0,1.0,0,0.1300616787342451,0.16637168141592923,0.07079646017699115,0.07669616519174041,0.4609929078014184,0.22920696324951656,0.08318584070796461,0.09090909090909091,3,0.0973451327434,True,central_material_loss_rule_satisfied|endpoint_material_support_observed|connected_bite_case
11490,broken,False,y,18.0,8.0,13.0,11.0,7.0,13.0,12.0,True,0.33185840708,0.287610619469,4029,4029,4029,1.0,1.0,1.0,0,0.2341110217216412,0.30796460176991153,0.07964601769911504,0.0943952802359882,0.3065134099616858,0.24660397074190182,0.15398230088495576,0.12121212121212122,4,0.287610619469,True,central_material_loss_rule_satisfied|endpoint_material_support_observed|connected_bite_case
11520,broken,False,y,18.0,10.0,12.0,10.0,11.0,13.0,10.0,True,0.106194690265,0.106194690265,3479,3479,3479,0.9090909090909091,0.7272727272727273,1.0,3,0.1086082059533387,0.13274336283185842,0.035398230088495575,0.035398230088495575,0.26666666666666666,0.20000000000000004,0.06637168141592921,0.15151515151515152,5,0.106194690265,True,central_material_loss_rule_satisfied|endpoint_material_support_observed|connected_bite_case
11522,broken,False,y,18.0,12.0,14.0,10.0,11.0,13.0,10.0,True,0.0752212389381,0.101769911504,3556,3556,3556,1.0,1.0,1.0,0,0.137302225797801,0.18407079646017702,0.07079646017699115,0.08259587020648967,0.4487179487179486,0.2625291375291376,0.09203539823008851,0.15151515151515152,2,0.0752212389381,True,central_material_loss_rule_satisfied|endpoint_material_support_observed|connected_bite_case
11528,broken,False,y,18.0,10.0,12.0,10.0,11.0,12.0,11.0,True,0.438053097345,0.305309734513,4248,4248,4248,1.0,1.0,1.0,0,0.2788951461517833,0.3858407079646018,0.1415929203539823,0.14749262536873156,0.38226299694189597,0.29288295802057274,0.1929203539823009,0.18181818181818182,6,0.305309734513,True,central_material_loss_rule_satisfied|endpoint_material_support_observed|connected_bite_case
11582,broken,False,y,18.0,14.0,13.0,11.0,15.0,14.0,11.0,True,0.0884955752212,0.0796460176991,3284,3284,3284,0.9090909090909091,1.0,0.7272727272727273,3,0.07455081791364977,0.10442477876106195,0.035398230088495575,0.038348082595870206,0.3672316384180791,0.30611196712891625,0.05221238938053097,0.09090909090909091,3,0.0796460176991,True,central_material_loss_rule_satisfied|endpoint_material_support_observed|connected_bite_case
11605,broken,False,y,18.0,18.0,12.0,10.0,17.0,12.0,11.0,True,0.252212389381,0.318584070796,3722,3722,3722,1.0,1.0,1.0,0,0.2649503888441942,0.3805309734513274,0.168141592920354,0.17699115044247787,0.46511627906976744,0.31430584918957016,0.1902654867256637,0.12121212121212122,4,0.252212389381,True,central_material_loss_rule_satisfied|endpoint_material_support_observed|connected_bite_case
11629,broken,False,y,18.0,2.0,14.0,10.0,1.0,14.0,11.0,True,0.318584070796,0.336283185841,4010,4010,4010,1.0,1.0,1.0,0,0.23008849557522124,0.3274336283185841,0.12389380530973451,0.14749262536873156,0.45045045045045046,0.3022113022113022,0.16371681415929204,0.15151515151515152,2,0.318584070796,True,central_material_loss_rule_satisfied|endpoint_material_support_observed|connected_bite_case
11764,broken,False,y,18.0,12.0,14.0,10.0,13.0,15.0,10.0,True,0.094395280236,0.191740412979,3499,3499,3499,1.0,1.0,1.0,0,0.13560645497136906,0.1831858407079646,0.07964601769911504,0.08259587020648967,0.45088566827697263,0.261437908496732,0.0915929203539823,0.14705882352941177,4,0.094395280236,True,central_material_loss_rule_satisfied|endpoint_material_support_observed|connected_bite_case
11790,broken,False,y,18.0,16.0,16.0,10.0,15.0,15.0,10.0,True,0.159292035398,0.141592920354,3461,3461,3461,1.0,1.0,1.0,0,0.12148028962188255,0.1504424778761062,0.07079646017699115,0.07079646017699115,0.4705882352941176,0.19607843137254907,0.0752212389380531,0.09090909090909091,3,0.141592920354,True,central_material_loss_rule_satisfied|endpoint_material_support_observed|connected_bite_case
11801,broken,False,y,18.0,14.0,15.0,11.0,15.0,15.0,10.0,False,0.265486725664,0.278761061947,1616,2267,1616,1.0,1.0,1.0,0,0.21748458031643872,0.2920353982300885,0.05309734513274336,0.07374631268436578,0.2525252525252525,0.2598714416896235,0.14601769911504425,0.15151515151515152,5,0.265486725664,True,central_material_loss_rule_satisfied|endpoint_material_support_observed|disconnected_fragment_case
11904,broken,False,y,18.0,4.0,16.0,10.0,5.0,16.0,11.0,True,0.29203539823,0.309734513274,3896,3896,3896,1.0,1.0,1.0,0,0.22552963260927864,0.2902654867256637,0.12389380530973451,0.13274336283185842,0.4573170731707318,0.22838137472283812,0.14513274336283186,0.12121212121212122,3,0.29203539823,True,central_material_loss_rule_satisfied|endpoint_material_support_observed|connected_bite_case
12028,broken,False,y,18.0,14.0,17.0,11.0,13.0,17.0,10.0,True,0.247787610619,0.305309734513,3800,3800,3800,1.0,1.0,1.0,0,0.21264966163456536,0.29823008849557525,0.08849557522123894,0.09734513274336283,0.32640949554896137,0.2914993890731367,0.14911504424778763,0.14705882352941177,4,0.247787610619,True,central_material_loss_rule_satisfied|endpoint_material_support_observed|connected_bite_case
12133,broken,False,y,18.0,2.0,1.0,13.0,3.0,1.0,12.0,True,0.199115044248,0.345132743363,3830,3830,3830,1.0,1.0,1.0,0,0.19817645481362295,0.3185840707964602,0.09734513274336283,0.10324483775811209,0.32407407407407407,0.38299663299663295,0.1592920353982301,0.36363636363636365,7,0.199115044248,True,central_material_loss_rule_satisfied|endpoint_material_support_observed|connected_bite_case
12156,broken,False,y,18.0,4.0,1.0,13.0,5.0,1.0,14.0,False,0.12389380531,0.349557522124,1582,2205,1582,0.7575757575757576,0.2727272727272727,1.0,8,0.1700187717886833,0.2920353982300885,0.0,0.0,0.0,0.4288337924701561,0.14601769911504425,0.3939393939393939,13,0.12389380531,True,central_material_loss_rule_satisfied|endpoint_material_support_observed|disconnected_fragment_case
12280,broken,False,y,18.0,16.0,1.0,13.0,15.0,1.0,12.0,True,0.358407079646,0.345132743363,4083,4083,4083,1.0,1.0,1.0,0,0.25073746312684364,0.35221238938053095,0.11504424778761062,0.11799410029498525,0.33500837520938026,0.2955687528551849,0.17610619469026548,0.21212121212121213,7,0.345132743363,True,central_material_loss_rule_satisfied|endpoint_material_support_observed|connected_bite_case
12310,broken,False,y,18.0,18.0,1.0,13.0,17.0,1.0,14.0,True,0.309734513274,0.252212389381,3710,3710,3710,1.0,1.0,1.0,0,0.2459104317511397,0.3185840707964602,0.13274336283185842,0.14454277286135694,0.4537037037037037,0.234006734006734,0.1592920353982301,0.09090909090909091,3,0.252212389381,True,central_material_loss_rule_satisfied|endpoint_material_support_observed|connected_bite_case
12328,broken,False,y,18.0,0.0,3.0,13.0,1.0,3.0,14.0,True,0.269911504425,0.274336283186,3329,3329,3329,0.8181818181818182,1.0,0.45454545454545453,6,0.17028694019844465,0.2814159292035398,0.008849557522123894,0.008849557522123894,0.031446540880503145,0.39851343624928526,0.1407079646017699,0.3939393939393939,13,0.269911504425,True,central_material_loss_rule_satisfied|endpoint_material_support_observed|connected_bite_case
12352,broken,False,y,18.0,2.0,3.0,13.0,3.0,3.0,14.0,False,0.345132743363,0.300884955752,1783,2001,1783,0.8181818181818182,0.5454545454545454,1.0,6,0.1799410029498525,0.30796460176991153,0.0,0.0,0.0,0.43120863810518983,0.15398230088495576,0.45454545454545453,12,0.300884955752,True,central_material_loss_rule_satisfied|endpoint_material_support_observed|disconnected_fragment_case
12400,broken,False,y,18.0,6.0,3.0,13.0,7.0,3.0,14.0,True,0.37610619469,0.287610619469,4384,4384,4384,1.0,1.0,1.0,0,0.3408420488066506,0.47256637168141596,0.22123893805309736,0.2271386430678466,0.480649188514357,0.2801044149358756,0.23628318584070798,0.18181818181818182,6,0.287610619469,True,central_material_loss_rule_satisfied|endpoint_material_support_observed|connected_bite_case
12401,broken,False,y,18.0,6.0,3.0,13.0,7.0,3.0,12.0,True,0.150442477876,0.37610619469,3966,3966,3966,1.0,1.0,1.0,0,0.22311611692142666,0.30796460176991153,0.10619469026548672,0.11209439528023599,0.3639846743295019,0.2910135841170325,0.15398230088495576,0.15151515151515152,5,0.150442477876,True,central_material_loss_rule_satisfied|endpoint_material_support_observed|connected_bite_case
12413,broken,False,y,18.0,10.0,2.0,12.0,9.0,3.0,12.0,True,0.146017699115,0.16814159292,3594,3594,3594,1.0,1.0,1.0,0,0.15419683561276484,0.18584070796460178,0.07964601769911504,0.08259587020648967,0.4444444444444444,0.17604617604617606,0.09292035398230089,0.09090909090909091,3,0.146017699115,True,central_material_loss_rule_satisfied|endpoint_material_support_observed|connected_bite_case
12497,broken,False,y,18.0,14.0,3.0,13.0,15.0,3.0,12.0,False,0.309734513274,0.309734513274,1636,2134,1636,0.7941176470588235,0.36363636363636365,1.0,7,0.16710046850598648,0.2867256637168141,0.0,0.0029498525073746312,0.010288065843621401,0.4248366013071895,0.14336283185840706,0.4117647058823529,14,0.309734513274,True,central_material_loss_rule_satisfied|endpoint_material_support_observed|disconnected_fragment_case
12530,broken,False,y,18.0,18.0,3.0,13.0,17.0,3.0,14.0,True,0.33185840708,0.243362831858,3549,3549,3549,1.0,1.0,1.0,0,0.2161437382676321,0.3256637168141593,0.11504424778761062,0.12094395280235988,0.3713768115942029,0.3394268774703557,0.16283185840707964,0.3333333333333333,11,0.243362831858,True,central_material_loss_rule_satisfied|endpoint_material_support_observed|connected_bite_case
12549,broken,False,y,18.0,0.0,5.0,13.0,1.0,5.0,12.0,True,0.0752212389381,0.327433628319,3281,3281,3281,1.0,1.0,1.0,0,0.16358272995441137,0.2814159292035398,0.07079646017699115,0.07964601769911504,0.2830188679245283,0.42138364779874216,0.1407079646017699,0.5151515151515151,12,0.0752212389381,True,central_material_loss_rule_satisfied|endpoint_material_support_observed|connected_bite_case
12569,broken,False,y,18.0,4.0,4.0,12.0,3.0,4.0,13.0,False,0.243362831858,0.159292035398,2214,1569,1569,0.7878787878787878,1.0,0.36363636363636365,7,0.18557253955484043,0.26548672566371684,0.0,0.0029498525073746312,0.01111111111111111,0.31313131313131315,0.13274336283185842,0.2727272727272727,9,0.159292035398,True,central_material_loss_rule_satisfied|endpoint_material_support_observed|disconnected_fragment_case
12641,broken,False,y,18.0,10.0,4.0,12.0,9.0,4.0,13.0,True,0.314159292035,0.20796460177,3973,3973,3973,1.0,1.0,1.0,0,0.21882542236524538,0.3256637168141593,0.1415929203539823,0.14749262536873156,0.4528985507246377,0.33448616600790515,0.16283185840707964,0.30303030303030304,10,0.20796460177,True,central_material_loss_rule_satisfied|endpoint_material_support_observed|connected_bite_case
12644,broken,False,y,18.0,8.0,5.0,13.0,9.0,5.0,14.0,True,0.305309734513,0.070796460177,3656,3656,3656,0.8787878787878788,1.0,0.6363636363636364,3,0.16921426655939928,0.2920353982300885,0.017699115044247787,0.029498525073746312,0.10101010101010101,0.4315886134067952,0.14601769911504425,0.36363636363636365,12,0.070796460177,True,central_material_loss_rule_satisfied|endpoint_material_support_observed|connected_bite_case
12665,broken,False,y,18.0,12.0,4.0,12.0,11.0,4.0,13.0,True,0.287610619469,0.278761061947,4078,4078,4078,1.0,1.0,1.0,0,0.2512737999463663,0.30973451327433627,0.11504424778761062,0.12979351032448377,0.41904761904761906,0.18874458874458866,0.15486725663716813,0.09090909090909091,3,0.278761061947,True,central_material_loss_rule_satisfied|endpoint_material_support_observed|connected_bite_case
12722,broken,False,y,18.0,16.0,5.0,13.0,15.0,5.0,14.0,True,0.318584070796,0.309734513274,4092,4092,4092,1.0,1.0,1.0,0,0.2483239474389917,0.34513274336283184,0.10619469026548672,0.11504424778761062,0.33333333333333337,0.2836052836052836,0.17256637168141592,0.2727272727272727,7,0.309734513274,True,central_material_loss_rule_satisfied|endpoint_material_support_observed|connected_bite_case
12740,broken,False,y,18.0,16.0,4.0,12.0,17.0,4.0,13.0,True,0.323008849558,0.33185840708,4086,4086,4086,1.0,1.0,1.0,0,0.24886028425851436,0.3168141592920354,0.11504424778761062,0.12094395280235988,0.3817504655493483,0.21855425766040287,0.1584070796460177,0.18181818181818182,5,0.323008849558,True,central_material_loss_rule_satisfied|endpoint_material_support_observed|connected_bite_case
12742,broken,False,y,18.0,16.0,4.0,14.0,17.0,4.0,13.0,False,0.265486725664,0.358407079646,1589,2306,1589,0.9090909090909091,0.7272727272727273,1.0,3,0.19790828640386163,0.3345132743362832,0.0,0.014749262536873156,0.04409171075837742,0.4162257495590829,0.1672566371681416,0.3939393939393939,12,0.265486725664,True,central_material_loss_rule_satisfied|endpoint_material_support_observed|disconnected_fragment_case
12745,broken,False,y,18.0,16.0,5.0,13.0,17.0,5.0,12.0,True,0.128318584071,0.296460176991,3777,3777,3777,1.0,1.0,1.0,0,0.18584070796460178,0.32389380530973455,0.07079646017699115,0.07374631268436578,0.22768670309653913,0.43252194071866207,0.16194690265486728,0.3939393939393939,13,0.128318584071,True,central_material_loss_rule_satisfied|endpoint_material_support_observed|connected_bite_case
12765,broken,False,y,18.0,2.0,6.0,12.0,1.0,6.0,13.0,True,0.269911504425,0.265486725664,3855,3855,3855,1.0,1.0,1.0,0,0.18584070796460178,0.25663716814159293,0.07079646017699115,0.07374631268436578,0.28735632183908044,0.27899686520376177,0.12831858407079647,0.18181818181818182,6,0.265486725664,True,central_material_loss_rule_satisfied|endpoint_material_support_observed|connected_bite_case
12815,broken,False,y,18.0,6.0,6.0,14.0,5.0,6.0,13.0,True,0.256637168142,0.371681415929,4191,4191,4191,1.0,1.0,1.0,0,0.28104049342987397,0.37168141592920356,0.1504424778761062,0.1592920353982301,0.42857142857142855,0.24603174603174607,0.18584070796460178,0.12121212121212122,4,0.256637168142,True,central_material_loss_rule_satisfied|endpoint_material_support_observed|connected_bite_case
12861,broken,False,y,18.0,10.0,6.0,12.0,9.0,6.0,13.0,True,0.323008849558,0.296460176991,3932,3932,3932,0.9696969696969697,1.0,0.9090909090909091,1,0.20729418074550818,0.2814159292035398,0.04424778761061947,0.05604719764011799,0.19916142557651992,0.2689155708023633,0.1407079646017699,0.24242424242424243,8,0.296460176991,True,central_material_loss_rule_satisfied|endpoint_material_support_observed|connected_bite_case
12894,broken,False,y,18.0,12.0,7.0,13.0,11.0,7.0,14.0,True,0.287610619469,0.305309734513,4014,4014,4014,1.0,1.0,1.0,0,0.23089300080450523,0.30796460176991153,0.13274336283185842,0.1415929203539823,0.4597701149425287,0.2553117380703588,0.15398230088495576,0.18181818181818182,3,0.287610619469,True,central_material_loss_rule_satisfied|endpoint_material_support_observed|connected_bite_case
12937,broken,False,y,18.0,14.0,7.0,13.0,15.0,7.0,12.0,True,0.0929203539823,0.349557522124,3960,3960,3960,1.0,1.0,1.0,0,0.23625636899973185,0.34513274336283184,0.07079646017699115,0.07374631268436578,0.2136752136752137,0.32012432012432007,0.17256637168141592,0.24242424242424243,8,0.0929203539823,True,central_material_loss_rule_satisfied|endpoint_material_support_observed|connected_bite_case
12960,broken,False,y,18.0,16.0,6.0,12.0,17.0,6.0,13.0,False,0.230088495575,0.305309734513,1931,1715,1715,0.8181818181818182,1.0,0.45454545454545453,6,0.1407884151246983,0.24601769911504426,0.0,0.0,0.0,0.44277305428384567,0.12300884955752213,0.36363636363636365,11,0.230088495575,True,central_material_loss_rule_satisfied|endpoint_material_support_observed|disconnected_fragment_case
12984,broken,False,y,18.0,0.0,8.0,12.0,1.0,8.0,13.0,False,0.327433628319,0.384955752212,1477,2014,1477,0.8484848484848485,0.7272727272727273,1.0,5,0.1828908554572271,0.30796460176991153,0.0,0.0029498525073746312,0.009578544061302681,0.4216300940438872,0.15398230088495576,0.30303030303030304,10,0.327433628319,True,central_material_loss_rule_satisfied|endpoint_material_support_observed|disconnected_fragment_case
13009,broken,False,y,18.0,4.0,8.0,12.0,3.0,8.0,13.0,True,0.309734513274,0.402654867257,4196,4196,4196,1.0,1.0,1.0,0,0.28881737731295254,0.43362831858407086,0.17699115044247787,0.18584070796460175,0.4285714285714285,0.3444650587507731,0.21681415929203543,0.21212121212121213,5,0.309734513274,True,central_material_loss_rule_satisfied|endpoint_material_support_observed|connected_bite_case
13016,broken,False,y,18.0,4.0,9.0,13.0,3.0,9.0,12.0,False,0.238938053097,0.247787610619,1645,2011,1645,0.8181818181818182,0.5454545454545454,1.0,6,0.16304639313488872,0.25486725663716814,0.0,0.0029498525073746312,0.011574074074074073,0.36847643097643096,0.12743362831858407,0.2727272727272727,9,0.238938053097,True,central_material_loss_rule_satisfied|endpoint_material_support_observed|disconnected_fragment_case
13034,broken,False,y,18.0,4.0,8.0,14.0,5.0,8.0,13.0,True,0.238938053097,0.269911504425,4281,4281,4281,1.0,1.0,1.0,0,0.31134352373290425,0.5238938053097346,0.18584070796460178,0.19764011799410028,0.3772522522522521,0.4191236691236693,0.2619469026548673,0.45454545454545453,5,0.238938053097,True,central_material_loss_rule_satisfied|endpoint_material_support_observed|connected_bite_case
13088,broken,False,y,18.0,10.0,9.0,13.0,9.0,9.0,12.0,True,0.300884955752,0.29203539823,4332,4332,4332,1.0,1.0,1.0,0,0.31751139715741483,0.39823008849557523,0.168141592920354,0.17404129793510326,0.43703703703703706,0.2053872053872054,0.19911504424778761,0.09090909090909091,3,0.29203539823,True,central_material_loss_rule_satisfied|endpoint_material_support_observed|connected_bite_case
13107,broken,False,y,18.0,12.0,8.0,14.0,11.0,8.0,13.0,False,0.070796460177,0.358407079646,1517,2104,1517,0.696969696969697,0.09090909090909091,1.0,10,0.14266559399302764,0.2991150442477876,0.0,0.0,0.0,0.5336202259279181,0.1495575221238938,0.48484848484848486,15,0.070796460177,True,central_material_loss_rule_satisfied|endpoint_material_support_observed|disconnected_fragment_case
13156,broken,False,y,18.0,14.0,9.0,13.0,15.0,9.0,14.0,True,0.336283185841,0.261061946903,4050,4050,4050,1.0,1.0,1.0,0,0.25556449450254765,0.3274336283185841,0.09734513274336283,0.11209439528023599,0.34234234234234234,0.22440622440622443,0.16371681415929204,0.15151515151515152,5,0.261061946903,True,central_material_loss_rule_satisfied|endpoint_material_support_observed|connected_bite_case
13214,broken,False,y,18.0,2.0,11.0,13.0,1.0,11.0,14.0,True,0.294985250737,0.297935103245,3854,3854,3854,1.0,1.0,1.0,0,0.22748568453930246,0.3008849557522124,0.10619469026548672,0.11504424778761062,0.38235294117647056,0.24740484429065746,0.1504424778761062,0.08823529411764706,3,0.294985250737,True,central_material_loss_rule_satisfied|endpoint_material_support_observed|connected_bite_case
13301,broken,False,y,18.0,10.0,10.0,12.0,9.0,10.0,13.0,True,0.33185840708,0.212389380531,4068,4068,4068,1.0,1.0,1.0,0,0.24725127379994638,0.3433628318584071,0.11504424778761062,0.12684365781710913,0.36941580756013737,0.28288034989065924,0.17168141592920355,0.12121212121212122,4,0.212389380531,True,central_material_loss_rule_satisfied|endpoint_material_support_observed|connected_bite_case
13305,broken,False,y,18.0,8.0,11.0,13.0,9.0,11.0,12.0,True,0.16814159292,0.362831858407,4103,4103,4103,1.0,1.0,1.0,0,0.2620005363368196,0.3256637168141593,0.1592920353982301,0.1592920353982301,0.4891304347826087,0.20438076416337284,0.16283185840707964,0.12121212121212122,3,0.16814159292,True,central_material_loss_rule_satisfied|endpoint_material_support_observed|connected_bite_case
13350,broken,False,y,18.0,12.0,10.0,14.0,13.0,10.0,13.0,True,0.305309734513,0.33185840708,4090,4090,4090,1.0,1.0,1.0,0,0.2378653794582998,0.3415929203539823,0.1504424778761062,0.1592920353982301,0.46632124352331605,0.3072695870623332,0.17079646017699116,0.12121212121212122,3,0.305309734513,True,central_material_loss_rule_satisfied|endpoint_material_support_observed|connected_bite_case
13449,broken,False,y,18.0,4.0,12.0,12.0,3.0,12.0,13.0,True,0.33185840708,0.318584070796,3956,3956,3956,0.9393939393939394,1.0,0.8181818181818182,2,0.21399839098954143,0.3008849557522124,0.035398230088495575,0.05604719764011799,0.18627450980392155,0.29679144385026746,0.1504424778761062,0.15151515151515152,5,0.318584070796,True,central_material_loss_rule_satisfied|endpoint_material_support_observed|connected_bite_case
13450,broken,False,y,18.0,2.0,12.0,14.0,3.0,12.0,13.0,True,0.407079646018,0.318584070796,4374,4374,4374,1.0,1.0,1.0,0,0.3258246178600161,0.4230088495575221,0.17699115044247787,0.19469026548672566,0.46025104602510464,0.2327881323697223,0.21150442477876105,0.09090909090909091,3,0.318584070796,True,central_material_loss_rule_satisfied|endpoint_material_support_observed|connected_bite_case
13644,broken,False,y,18.0,0.0,14.0,12.0,1.0,14.0,13.0,False,0.12389380531,0.265486725664,1258,2083,1258,0.8181818181818182,0.45454545454545453,1.0,6,0.15741485652990078,0.26548672566371684,0.0,0.0,0.0,0.4080808080808081,0.13274336283185842,0.3333333333333333,9,0.12389380531,True,central_material_loss_rule_satisfied|endpoint_material_support_observed|disconnected_fragment_case
13732,broken,False,y,18.0,8.0,14.0,12.0,9.0,15.0,12.0,True,0.0663716814159,0.146017699115,3544,3544,3544,1.0,1.0,1.0,0,0.12441436751691824,0.1504424778761062,0.061946902654867256,0.06489675516224189,0.4313725490196078,0.17820069204152253,0.0752212389380531,0.08823529411764706,3,0.0663716814159,True,central_material_loss_rule_satisfied|endpoint_material_support_observed|connected_bite_case
13774,broken,False,y,18.0,12.0,15.0,13.0,11.0,15.0,14.0,True,0.33185840708,0.305309734513,4296,4296,4296,1.0,1.0,1.0,0,0.3121480289621883,0.4300884955752213,0.18584070796460178,0.1887905604719764,0.438957475994513,0.27896246414764936,0.21504424778761064,0.15151515151515152,5,0.305309734513,True,central_material_loss_rule_satisfied|endpoint_material_support_observed|connected_bite_case
13776,broken,False,y,18.0,11.0,14.0,13.0,12.0,15.0,13.0,True,0.128318584071,0.137168141593,3566,3566,3566,1.0,1.0,1.0,0,0.1327433628318584,0.16637168141592923,0.07079646017699115,0.07079646017699115,0.42553191489361697,0.20341715022566093,0.08318584070796461,0.09090909090909091,3,0.128318584071,True,central_material_loss_rule_satisfied|endpoint_material_support_observed|connected_bite_case
14104,broken,False,y,18.0,18.0,17.0,13.0,17.0,17.0,12.0,True,0.238938053097,0.327433628319,3447,3447,3447,0.9696969696969697,1.0,0.9090909090909091,1,0.1887905604719764,0.24778761061946902,0.04424778761061947,0.06784660766961652,0.27380952380952384,0.2489177489177489,0.12389380530973451,0.09090909090909091,3,0.238938053097,True,central_material_loss_rule_satisfied|endpoint_material_support_observed|connected_bite_case
14123,broken,False,y,18.0,2.0,0.0,16.0,1.0,0.0,15.0,True,0.278761061947,0.278761061947,3554,3554,3554,1.0,1.0,1.0,0,0.20744403956272775,0.2831858407079646,0.08849557522123894,0.10029498525073746,0.3541666666666667,0.2693014705882353,0.1415929203539823,0.11764705882352941,4,0.278761061947,True,central_material_loss_rule_satisfied|endpoint_material_support_observed|connected_bite_case
14125,broken,False,y,18.0,0.0,1.0,15.0,1.0,1.0,14.0,True,0.150442477876,0.336283185841,3417,3417,3417,1.0,1.0,1.0,0,0.22621681415929204,0.2831858407079646,0.10619469026548672,0.11799410029498525,0.4166666666666667,0.2099609375,0.1415929203539823,0.125,4,0.150442477876,True,central_material_loss_rule_satisfied|endpoint_material_support_observed|connected_bite_case
14194,broken,False,y,18.0,6.0,0.0,16.0,7.0,0.0,15.0,True,0.154867256637,0.225663716814,3609,3609,3609,1.0,1.0,1.0,0,0.251005631536605,0.3380530973451327,0.1504424778761062,0.15339233038348082,0.4537521815008726,0.26638108837061714,0.16902654867256636,0.18181818181818182,5,0.154867256637,True,central_material_loss_rule_satisfied|endpoint_material_support_observed|connected_bite_case
14218,broken,False,y,18.0,8.0,0.0,16.0,9.0,0.0,15.0,True,0.287610619469,0.225663716814,3289,3289,3289,1.0,1.0,1.0,0,0.16545990882274067,0.2584070796460177,0.08849557522123894,0.11209439528023599,0.4337899543378995,0.36820257368202575,0.12920353982300886,0.24242424242424243,3,0.225663716814,True,central_material_loss_rule_satisfied|endpoint_material_support_observed|connected_bite_case
14225,broken,False,y,18.0,10.0,1.0,15.0,9.0,2.0,15.0,True,0.128318584071,0.128318584071,3409,3409,3409,0.9393939393939394,1.0,1.0,2,0.10404934298739608,0.14867256637168144,0.04424778761061947,0.0471976401179941,0.3174603174603174,0.31421356421356433,0.07433628318584072,0.18181818181818182,4,0.128318584071,True,central_material_loss_rule_satisfied|endpoint_material_support_observed|connected_bite_case
14256,broken,False,y,18.0,12.0,0.0,14.0,13.0,1.0,14.0,True,0.163716814159,0.110619469027,3365,3365,3365,1.0,1.0,1.0,0,0.1442746044515956,0.18407079646017702,0.07964601769911504,0.08259587020648967,0.4487179487179486,0.21736596736596742,0.09203539823008851,0.15151515151515152,5,0.110619469027,True,central_material_loss_rule_satisfied|endpoint_material_support_observed|connected_bite_case
14257,broken,False,y,18.0,14.0,0.0,14.0,13.0,1.0,14.0,True,0.128318584071,0.159292035398,3222,3222,3222,1.0,1.0,1.0,0,0.11102172164119065,0.1415929203539823,0.05309734513274336,0.058997050147492625,0.4166666666666667,0.2196969696969697,0.07079646017699115,0.12121212121212122,4,0.128318584071,True,central_material_loss_rule_satisfied|endpoint_material_support_observed|connected_bite_case
14287,broken,False,y,18.0,14.0,0.0,16.0,14.0,1.0,15.0,True,0.203539823009,0.163716814159,3435,3435,3435,1.0,1.0,1.0,0,0.16894609814963796,0.21061946902654868,0.061946902654867256,0.06784660766961652,0.3221288515406162,0.20269926152279094,0.10530973451327434,0.12121212121212122,4,0.163716814159,True,central_material_loss_rule_satisfied|endpoint_material_support_observed|connected_bite_case
14295,broken,False,y,18.0,14.0,1.0,15.0,15.0,0.0,15.0,False,0.0796460176991,0.101769911504,1484,1646,1484,0.8181818181818182,0.45454545454545453,1.0,6,0.10083132207026012,0.13982300884955753,0.0,0.0,0.0,0.28423475258918296,0.06991150442477877,0.18181818181818182,6,0.0796460176991,True,central_material_loss_rule_satisfied|endpoint_material_support_observed|disconnected_fragment_case
14445,broken,False,y,18.0,10.0,3.0,15.0,9.0,4.0,15.0,True,0.115044247788,0.115044247788,3325,3325,3325,1.0,1.0,1.0,0,0.09278626977742022,0.12389380530973451,0.05309734513274336,0.05309734513274336,0.42857142857142855,0.2575757575757575,0.061946902654867256,0.09090909090909091,3,0.115044247788,True,central_material_loss_rule_satisfied|endpoint_material_support_observed|connected_bite_case
14467,broken,False,y,18.0,10.0,3.0,15.0,11.0,2.0,15.0,True,0.150442477876,0.0884955752212,3403,3403,3403,0.9393939393939394,0.8181818181818182,1.0,2,0.0879592384017163,0.13274336283185842,0.04424778761061947,0.05014749262536873,0.3777777777777777,0.35151515151515156,0.06637168141592921,0.18181818181818182,4,0.0884955752212,True,central_material_loss_rule_satisfied|endpoint_material_support_observed|connected_bite_case
14469,broken,False,y,18.0,12.0,3.0,15.0,11.0,4.0,15.0,True,0.119469026549,0.110619469027,3343,3343,3343,0.8484848484848485,0.9090909090909091,0.9090909090909091,4,0.07347814427460445,0.09734513274336283,0.035398230088495575,0.038348082595870206,0.3939393939393939,0.256198347107438,0.048672566371681415,0.15151515151515152,4,0.110619469027,True,central_material_loss_rule_satisfied|endpoint_material_support_observed|connected_bite_case
14479,broken,False,y,18.0,12.0,4.0,14.0,13.0,3.0,14.0,True,0.0929203539823,0.0929203539823,3303,3303,3303,0.8484848484848485,0.6363636363636364,0.9090909090909091,4,0.07884151246983105,0.10619469026548672,0.035398230088495575,0.038348082595870206,0.3611111111111111,0.26262626262626265,0.05309734513274336,0.15151515151515152,4,0.0929203539823,True,central_material_loss_rule_satisfied|endpoint_material_support_observed|connected_bite_case
14488,broken,False,y,18.0,12.0,3.0,15.0,13.0,3.0,16.0,False,0.345132743363,0.367256637168,1699,2169,1699,0.7878787878787878,0.36363636363636365,1.0,7,0.19013140252078303,0.3433628318584071,0.0,0.0,0.0,0.4523586379256483,0.17168141592920355,0.36363636363636365,12,0.345132743363,True,central_material_loss_rule_satisfied|endpoint_material_support_observed|disconnected_fragment_case
14493,broken,False,y,18.0,14.0,3.0,15.0,13.0,4.0,15.0,True,0.0796460176991,0.137168141593,3334,3334,3334,0.8484848484848485,0.9090909090909091,0.9090909090909091,2,0.07320997586484312,0.09734513274336283,0.04424778761061947,0.0471976401179941,0.48484848484848486,0.25895316804407714,0.048672566371681415,0.15151515151515152,2,0.0796460176991,True,central_material_loss_rule_satisfied|endpoint_material_support_observed|connected_bite_case
14515,broken,False,y,18.0,14.0,3.0,15.0,15.0,2.0,15.0,True,0.0914454277286,0.0855457227139,3331,3331,3331,1.0,1.0,1.0,0,0.08719416970327953,0.12123893805309734,0.05309734513274336,0.05309734513274336,0.43795620437956206,0.28553027050236146,0.06061946902654867,0.11764705882352941,3,0.0855457227139,True,central_material_loss_rule_satisfied|endpoint_material_support_observed|connected_bite_case
14592,broken,False,y,18.0,4.0,5.0,15.0,3.0,5.0,14.0,True,0.296460176991,0.349557522124,4227,4227,4227,1.0,1.0,1.0,0,0.29632609278626976,0.3893805309734513,0.168141592920354,0.1710914454277286,0.4393939393939394,0.24173553719008262,0.19469026548672566,0.15151515151515152,5,0.296460176991,True,central_material_loss_rule_satisfied|endpoint_material_support_observed|connected_bite_case
14594,broken,False,y,18.0,4.0,5.0,15.0,3.0,5.0,16.0,True,0.29203539823,0.309734513274,3886,3886,3886,1.0,1.0,1.0,0,0.19603110753553235,0.26548672566371684,0.10619469026548672,0.10619469026548672,0.39999999999999997,0.27272727272727276,0.13274336283185842,0.18181818181818182,6,0.29203539823,True,central_material_loss_rule_satisfied|endpoint_material_support_observed|connected_bite_case
14634,broken,False,y,18.0,6.0,4.0,16.0,7.0,4.0,15.0,False,0.197640117994,0.241887905605,1568,2164,1568,0.9090909090909091,0.7272727272727273,1.0,3,0.19147224456958972,0.30796460176991153,0.0,0.011799410029498525,0.038314176245210725,0.381574364332985,0.15398230088495576,0.3333333333333333,11,0.197640117994,True,central_material_loss_rule_satisfied|endpoint_material_support_observed|disconnected_fragment_case
14640,broken,False,y,18.0,8.0,5.0,15.0,7.0,5.0,14.0,True,0.238938053097,0.29203539823,3767,3767,3767,1.0,1.0,1.0,0,0.2198980960042907,0.2831858407079646,0.07079646017699115,0.08259587020648967,0.2916666666666667,0.22916666666666666,0.1415929203539823,0.12121212121212122,4,0.238938053097,True,central_material_loss_rule_satisfied|endpoint_material_support_observed|connected_bite_case
14649,broken,False,y,18.0,10.0,4.0,14.0,9.0,5.0,14.0,True,0.0752212389381,0.137168141593,3449,3449,3449,1.0,1.0,1.0,0,0.10404934298739608,0.1415929203539823,0.05309734513274336,0.058997050147492625,0.4166666666666667,0.2689393939393939,0.07079646017699115,0.12121212121212122,3,0.0752212389381,True,central_material_loss_rule_satisfied|endpoint_material_support_observed|connected_bite_case
14664,broken,False,y,18.0,10.0,5.0,15.0,9.0,5.0,14.0,True,0.318584070796,0.327433628319,4000,4000,4000,1.0,1.0,1.0,0,0.24349691606328777,0.3256637168141593,0.09734513274336283,0.11209439528023599,0.3442028985507246,0.25378787878787873,0.16283185840707964,0.12121212121212122,4,0.318584070796,True,central_material_loss_rule_satisfied|endpoint_material_support_observed|connected_bite_case
14665,broken,False,y,18.0,10.0,5.0,15.0,9.0,6.0,15.0,True,0.0796460176991,0.132743362832,3252,3252,3252,0.8787878787878788,1.0,1.0,4,0.08125502815768303,0.10619469026548672,0.035398230088495575,0.038348082595870206,0.3611111111111111,0.24747474747474746,0.05309734513274336,0.12121212121212122,4,0.0796460176991,True,central_material_loss_rule_satisfied|endpoint_material_support_observed|connected_bite_case
14711,broken,False,y,18.0,12.0,5.0,15.0,13.0,4.0,15.0,True,0.0884955752212,0.110619469027,3374,3374,3374,0.8787878787878788,0.7272727272727273,1.0,4,0.08366854384553499,0.11327433628318584,0.02654867256637168,0.032448377581120944,0.2864583333333333,0.26325757575757575,0.05663716814159292,0.15151515151515152,5,0.0884955752212,True,central_material_loss_rule_satisfied|endpoint_material_support_observed|connected_bite_case
14761,broken,False,y,18.0,16.0,5.0,15.0,17.0,5.0,14.0,True,0.327433628319,0.327433628319,3994,3994,3994,1.0,1.0,1.0,0,0.2429605792437651,0.3274336283185841,0.09734513274336283,0.11504424778761062,0.3513513513513513,0.2612612612612613,0.16371681415929204,0.24242424242424243,8,0.327433628319,True,central_material_loss_rule_satisfied|endpoint_material_support_observed|connected_bite_case
14859,broken,False,y,18.0,6.0,7.0,15.0,7.0,6.0,15.0,True,0.0840707964602,0.106194690265,3367,3367,3367,1.0,1.0,1.0,0,0.09198176454813622,0.13805309734513274,0.061946902654867256,0.061946902654867256,0.44871794871794873,0.3407148407148407,0.06902654867256637,0.18181818181818182,4,0.0840707964602,True,central_material_loss_rule_satisfied|endpoint_material_support_observed|connected_bite_case
14869,broken,False,y,18.0,10.0,6.0,14.0,9.0,7.0,14.0,True,0.0840707964602,0.137168141593,3455,3455,3455,0.9393939393939394,0.9090909090909091,1.0,2,0.10002681684097614,0.1415929203539823,0.04424778761061947,0.0471976401179941,0.3333333333333333,0.29734848484848486,0.07079646017699115,0.18181818181818182,5,0.0840707964602,True,central_material_loss_rule_satisfied|endpoint_material_support_observed|connected_bite_case
14871,broken,False,y,18.0,8.0,8.0,14.0,9.0,7.0,14.0,True,0.110619469027,0.101769911504,3292,3292,3292,0.8484848484848485,0.7272727272727273,1.0,3,0.07508715473317244,0.10619469026548672,0.02654867256637168,0.035398230088495575,0.3333333333333333,0.30303030303030304,0.05309734513274336,0.15151515151515152,3,0.101769911504,True,central_material_loss_rule_satisfied|endpoint_material_support_observed|connected_bite_case
14883,broken,False,y,18.0,8.0,7.0,15.0,9.0,6.0,15.0,True,0.119469026549,0.106194690265,3391,3391,3391,0.9090909090909091,1.0,0.7272727272727273,3,0.09332260659694289,0.12389380530973451,0.035398230088495575,0.04129793510324484,0.3333333333333333,0.2532467532467532,0.061946902654867256,0.09090909090909091,3,0.106194690265,True,central_material_loss_rule_satisfied|endpoint_material_support_observed|connected_bite_case
14885,broken,False,y,18.0,10.0,7.0,15.0,9.0,8.0,15.0,False,0.0619469026549,0.0796460176991,1613,1629,1613,0.7272727272727273,0.8181818181818182,1.0,7,0.06194690265486725,0.08849557522123894,0.0,0.014749262536873156,0.16666666666666666,0.31212121212121213,0.04424778761061947,0.18181818181818182,6,0.0619469026549,True,central_material_loss_rule_satisfied|endpoint_material_support_observed|disconnected_fragment_case
14893,broken,False,y,18.0,12.0,6.0,14.0,11.0,7.0,14.0,False,0.0575221238938,0.12389380531,1553,1829,1553,0.8787878787878788,0.6363636363636364,1.0,4,0.08045052292839903,0.09734513274336283,0.0,0.014749262536873156,0.15151515151515152,0.1983471074380165,0.048672566371681415,0.12121212121212122,4,0.0575221238938,True,central_material_loss_rule_satisfied|endpoint_material_support_observed|disconnected_fragment_case
14895,broken,False,y,18.0,10.0,8.0,14.0,11.0,7.0,14.0,True,0.163716814159,0.137168141593,3443,3443,3443,1.0,1.0,1.0,0,0.09600429069455618,0.12920353982300886,0.05309734513274336,0.058997050147492625,0.45662100456621,0.2706517227065173,0.06460176991150443,0.09090909090909091,3,0.137168141593,True,central_material_loss_rule_satisfied|endpoint_material_support_observed|connected_bite_case
14919,broken,False,y,18.0,12.0,8.0,14.0,13.0,7.0,14.0,True,0.106194690265,0.0973451327434,3331,3331,3331,0.9393939393939394,1.0,0.8181818181818182,2,0.08795923840171628,0.11327433628318584,0.04424778761061947,0.0471976401179941,0.4166666666666667,0.23011363636363635,0.05663716814159292,0.09090909090909091,3,0.0973451327434,True,central_material_loss_rule_satisfied|endpoint_material_support_observed|connected_bite_case
14929,broken,False,y,18.0,12.0,7.0,15.0,13.0,7.0,14.0,True,0.225663716814,0.29203539823,3875,3875,3875,0.9393939393939394,0.8181818181818182,1.0,2,0.2099758648431215,0.2867256637168142,0.017699115044247787,0.04424778761061947,0.15432098765432098,0.27459783015338574,0.1433628318584071,0.21212121212121213,7,0.225663716814,True,central_material_loss_rule_satisfied|endpoint_material_support_observed|connected_bite_case
14948,broken,False,y,18.0,14.0,6.0,14.0,15.0,6.0,15.0,True,0.296460176991,0.318584070796,4015,4015,4015,1.0,1.0,1.0,0,0.24215607401448108,0.35752212389380533,0.07964601769911504,0.0855457227138643,0.23927392739273926,0.334983498349835,0.17876106194690267,0.3333333333333333,11,0.296460176991,True,central_material_loss_rule_satisfied|endpoint_material_support_observed|connected_bite_case
14978,broken,False,y,18.0,16.0,6.0,16.0,17.0,6.0,15.0,True,0.318584070796,0.362831858407,4148,4148,4148,1.0,1.0,1.0,0,0.2668275677125235,0.3433628318584071,0.1415929203539823,0.14454277286135692,0.4209621993127147,0.22820993439550144,0.17168141592920355,0.15151515151515152,5,0.318584070796,True,central_material_loss_rule_satisfied|endpoint_material_support_observed|connected_bite_case
15004,broken,False,y,18.0,0.0,9.0,15.0,1.0,9.0,16.0,True,0.274336283186,0.247787610619,3411,3411,3411,1.0,1.0,1.0,0,0.2013944757307589,0.27256637168141595,0.10619469026548672,0.11209439528023599,0.4112554112554112,0.26387249114521844,0.13628318584070798,0.12121212121212122,4,0.247787610619,True,central_material_loss_rule_satisfied|endpoint_material_support_observed|connected_bite_case
15029,broken,False,y,18.0,2.0,9.0,15.0,3.0,9.0,14.0,True,0.252212389381,0.33185840708,4169,4169,4169,1.0,1.0,1.0,0,0.2807723250201126,0.39646017699115044,0.168141592920354,0.1799410029498525,0.45386904761904756,0.2950487012987013,0.19823008849557522,0.15151515151515152,4,0.252212389381,True,central_material_loss_rule_satisfied|endpoint_material_support_observed|connected_bite_case
15057,broken,False,y,18.0,6.0,9.0,15.0,5.0,10.0,15.0,True,0.0884955752212,0.119469026549,3352,3352,3352,0.8787878787878788,0.7272727272727273,1.0,3,0.0809868597479217,0.13097345132743365,0.035398230088495575,0.038348082595870206,0.29279279279279274,0.3873873873873875,0.06548672566371683,0.3333333333333333,4,0.0884955752212,True,central_material_loss_rule_satisfied|endpoint_material_support_observed|connected_bite_case
15074,broken,False,y,18.0,6.0,8.0,16.0,7.0,8.0,15.0,True,0.300884955752,0.339233038348,3821,3821,3821,0.8787878787878788,0.6363636363636364,1.0,4,0.19093590775006705,0.2991150442477876,0.017699115044247787,0.029498525073746312,0.09861932938856015,0.36955352339967723,0.1495575221238938,0.3333333333333333,10,0.300884955752,True,central_material_loss_rule_satisfied|endpoint_material_support_observed|connected_bite_case
15077,broken,False,y,18.0,6.0,9.0,15.0,7.0,9.0,14.0,True,0.274336283186,0.33185840708,4182,4182,4182,1.0,1.0,1.0,0,0.2925717350496111,0.415929203539823,0.1592920353982301,0.1799410029498525,0.43262411347517726,0.30174081237911027,0.2079646017699115,0.18181818181818182,3,0.274336283186,True,central_material_loss_rule_satisfied|endpoint_material_support_observed|connected_bite_case
15081,broken,False,y,18.0,8.0,9.0,15.0,7.0,10.0,15.0,True,0.0973451327434,0.0929203539823,3373,3373,3373,0.7878787878787878,1.0,0.9090909090909091,4,0.07884151246983105,0.12212389380530973,0.035398230088495575,0.038348082595870206,0.3140096618357488,0.3671497584541063,0.061061946902654866,0.24242424242424243,5,0.0929203539823,True,central_material_loss_rule_satisfied|endpoint_material_support_observed|connected_bite_case
15089,broken,False,y,18.0,10.0,8.0,14.0,9.0,9.0,14.0,True,0.0796460176991,0.154867256637,3282,3282,3282,0.7878787878787878,0.5454545454545454,0.8181818181818182,5,0.07508715473317243,0.10619469026548672,0.017699115044247787,0.017699115044247787,0.16666666666666666,0.31565656565656564,0.05309734513274336,0.21212121212121213,5,0.0796460176991,True,central_material_loss_rule_satisfied|endpoint_material_support_observed|connected_bite_case
15091,broken,False,y,18.0,8.0,10.0,14.0,9.0,9.0,14.0,True,0.0840707964602,0.0884955752212,3274,3274,3274,0.8484848484848485,1.0,1.0,4,0.07428264950388844,0.09734513274336283,0.035398230088495575,0.038348082595870206,0.3939393939393939,0.24517906336088152,0.048672566371681415,0.15151515151515152,4,0.0840707964602,True,central_material_loss_rule_satisfied|endpoint_material_support_observed|connected_bite_case
15105,broken,False,y,18.0,10.0,9.0,15.0,9.0,10.0,15.0,True,0.0884955752212,0.0973451327434,3288,3288,3288,0.7878787878787878,0.8181818181818182,1.0,7,0.06918744971842315,0.09734513274336283,0.008849557522123894,0.014749262536873156,0.15151515151515152,0.2975206611570248,0.048672566371681415,0.21212121212121213,7,0.0884955752212,True,central_material_loss_rule_satisfied|endpoint_material_support_observed|connected_bite_case
15178,broken,False,y,18.0,16.0,9.0,15.0,15.0,9.0,16.0,True,0.336283185841,0.243362831858,4061,4061,4061,1.0,1.0,1.0,0,0.25502815768302495,0.336283185840708,0.1415929203539823,0.14749262536873156,0.43859649122807015,0.2440191387559809,0.168141592920354,0.15151515151515152,3,0.243362831858,True,central_material_loss_rule_satisfied|endpoint_material_support_observed|connected_bite_case
15200,broken,False,y,18.0,16.0,9.0,15.0,17.0,9.0,16.0,True,0.221238938053,0.336283185841,3918,3918,3918,1.0,1.0,1.0,0,0.22284794851166534,0.3256637168141593,0.12389380530973451,0.12684365781710913,0.38949275362318836,0.3163702239789196,0.16283185840707964,0.24242424242424243,8,0.221238938053,True,central_material_loss_rule_satisfied|endpoint_material_support_observed|connected_bite_case
15261,broken,False,y,18.0,6.0,10.0,14.0,5.0,11.0,14.0,True,0.106194690265,0.137168141593,3407,3407,3407,1.0,1.0,1.0,0,0.10565835344596408,0.13982300884955753,0.05309734513274336,0.058997050147492625,0.42194092827004215,0.2477943996931339,0.06991150442477877,0.09090909090909091,3,0.106194690265,True,central_material_loss_rule_satisfied|endpoint_material_support_observed|connected_bite_case
15275,broken,False,y,18.0,4.0,11.0,15.0,5.0,10.0,15.0,True,0.141592920354,0.0840707964602,3420,3420,3420,0.9393939393939394,1.0,0.8181818181818182,2,0.09546795387503353,0.12389380530973451,0.035398230088495575,0.04424778761061947,0.35714285714285715,0.2316017316017316,0.061946902654867256,0.15151515151515152,3,0.0840707964602,True,central_material_loss_rule_satisfied|endpoint_material_support_observed|connected_bite_case
15285,broken,False,y,18.0,8.0,10.0,14.0,7.0,11.0,14.0,True,0.0973451327434,0.0929203539823,3308,3308,3308,0.8181818181818182,1.0,0.5454545454545454,5,0.07803700724054706,0.12389380530973451,0.04424778761061947,0.04424778761061947,0.35714285714285715,0.37445887445887444,0.061946902654867256,0.36363636363636365,7,0.0929203539823,True,central_material_loss_rule_satisfied|endpoint_material_support_observed|connected_bite_case
15287,broken,False,y,18.0,6.0,12.0,14.0,7.0,11.0,14.0,True,0.101769911504,0.119469026549,3311,3311,3311,0.7878787878787878,1.0,0.9090909090909091,6,0.08179136497720568,0.11504424778761062,0.04424778761061947,0.04424778761061947,0.38461538461538464,0.29603729603729606,0.05752212389380531,0.3333333333333333,11,0.101769911504,True,central_material_loss_rule_satisfied|endpoint_material_support_observed|connected_bite_case
15294,broken,False,y,18.0,6.0,10.0,16.0,7.0,10.0,15.0,True,0.340707964602,0.29203539823,3930,3930,3930,0.9696969696969697,0.9090909090909091,1.0,1,0.21346205417001876,0.3256637168141593,0.017699115044247787,0.06784660766961652,0.20833333333333334,0.3575428194993412,0.16283185840707964,0.21212121212121213,4,0.29203539823,True,central_material_loss_rule_satisfied|endpoint_material_support_observed|connected_bite_case
15311,broken,False,y,18.0,8.0,12.0,14.0,9.0,11.0,14.0,True,0.12389380531,0.119469026549,3421,3421,3421,0.9393939393939394,1.0,0.8181818181818182,2,0.09573612228479486,0.12212389380530973,0.035398230088495575,0.04424778761061947,0.36231884057971014,0.2200263504611331,0.061061946902654866,0.09090909090909091,3,0.119469026549,True,central_material_loss_rule_satisfied|endpoint_material_support_observed|connected_bite_case
15393,broken,False,y,18.0,14.0,11.0,15.0,15.0,11.0,14.0,True,0.349557522124,0.323008849558,4129,4129,4129,1.0,1.0,1.0,0,0.2802359882005899,0.4035398230088496,0.17699115044247787,0.18289085545722714,0.4532163742690058,0.3125996810207337,0.2017699115044248,0.24242424242424243,5,0.323008849558,True,central_material_loss_rule_satisfied|endpoint_material_support_observed|connected_bite_case
15416,broken,False,y,18.0,16.0,10.0,14.0,17.0,10.0,15.0,True,0.318584070796,0.305309734513,4218,4218,4218,1.0,1.0,1.0,0,0.28264950388844196,0.36814159292035403,0.08849557522123894,0.10619469026548672,0.28846153846153844,0.24286130536130546,0.18407079646017702,0.12121212121212122,4,0.305309734513,True,central_material_loss_rule_satisfied|endpoint_material_support_observed|connected_bite_case
15424,broken,False,y,18.0,18.0,11.0,15.0,17.0,11.0,14.0,True,0.305309734513,0.349557522124,3724,3724,3724,1.0,1.0,1.0,0,0.271386430678466,0.35221238938053095,0.12389380530973451,0.13274336283185842,0.37688442211055284,0.23161260849703055,0.17610619469026548,0.18181818181818182,6,0.305309734513,True,central_material_loss_rule_satisfied|endpoint_material_support_observed|connected_bite_case
15495,broken,False,y,18.0,4.0,13.0,15.0,5.0,12.0,15.0,True,0.150442477876,0.0884955752212,3248,3248,3248,0.8787878787878788,1.0,0.6363636363636364,3,0.07776883883078574,0.13097345132743365,0.035398230088495575,0.04129793510324484,0.31531531531531526,0.40990990990991005,0.06548672566371683,0.42424242424242425,12,0.0884955752212,True,central_material_loss_rule_satisfied|endpoint_material_support_observed|connected_bite_case
15516,broken,False,y,18.0,6.0,13.0,15.0,7.0,13.0,16.0,True,0.349557522124,0.464601769912,4372,4372,4372,1.0,1.0,1.0,0,0.3145615446500402,0.4300884955752213,0.168141592920354,0.1710914454277286,0.3978052126200274,0.27833894500561174,0.21504424778761064,0.21212121212121213,7,0.349557522124,True,central_material_loss_rule_satisfied|endpoint_material_support_observed|connected_bite_case
15555,broken,False,y,18.0,10.0,14.0,14.0,11.0,13.0,14.0,True,0.132743362832,0.128318584071,3533,3533,3533,1.0,1.0,1.0,0,0.12523464735854117,0.1504424778761062,0.07079646017699115,0.07079646017699115,0.4705882352941176,0.1746880570409983,0.0752212389380531,0.09090909090909091,3,0.128318584071,True,central_material_loss_rule_satisfied|endpoint_material_support_observed|connected_bite_case
15570,broken,False,y,18.0,12.0,13.0,15.0,11.0,13.0,16.0,True,0.305309734513,0.327433628319,3957,3957,3957,1.0,1.0,1.0,0,0.22338428533118798,0.2973451327433629,0.061946902654867256,0.0943952802359882,0.3174603174603174,0.2582972582972584,0.14867256637168144,0.12121212121212122,4,0.305309734513,True,central_material_loss_rule_satisfied|endpoint_material_support_observed|connected_bite_case
15609,broken,False,y,18.0,16.0,12.0,14.0,15.0,12.0,15.0,True,0.438053097345,0.283185840708,4104,4104,4104,1.0,1.0,1.0,0,0.2523464735854116,0.3486725663716814,0.13274336283185842,0.14749262536873156,0.4230118443316413,0.29580064605445316,0.1743362831858407,0.09090909090909091,3,0.283185840708,True,central_material_loss_rule_satisfied|endpoint_material_support_observed|connected_bite_case
15685,broken,False,y,18.0,4.0,14.0,14.0,3.0,14.0,15.0,True,0.309734513274,0.163716814159,3963,3963,3963,1.0,1.0,1.0,0,0.25020112630732094,0.3433628318584071,0.1415929203539823,0.15339233038348082,0.4467353951890034,0.27897532021243365,0.17168141592920355,0.12121212121212122,3,0.163716814159,True,central_material_loss_rule_satisfied|endpoint_material_support_observed|connected_bite_case
15689,broken,False,y,18.0,2.0,15.0,15.0,3.0,15.0,14.0,True,0.314159292035,0.33185840708,3913,3913,3913,0.9696969696969697,0.9090909090909091,1.0,1,0.19978546527219093,0.30796460176991153,0.017699115044247787,0.05604719764011799,0.18199233716475094,0.35370950888192265,0.15398230088495576,0.24242424242424243,4,0.314159292035,True,central_material_loss_rule_satisfied|endpoint_material_support_observed|connected_bite_case
15734,broken,False,y,18.0,6.0,14.0,16.0,7.0,14.0,15.0,True,0.323008849558,0.358407079646,4194,4194,4194,1.0,1.0,1.0,0,0.27272727272727276,0.3752212389380531,0.1504424778761062,0.16519174041297935,0.44025157232704404,0.2841623785020011,0.18761061946902655,0.18181818181818182,6,0.323008849558,True,central_material_loss_rule_satisfied|endpoint_material_support_observed|connected_bite_case
15759,broken,False,y,18.0,10.0,14.0,16.0,9.0,14.0,15.0,False,0.318584070796,0.398230088496,2129,1944,1944,0.9393939393939394,1.0,0.8181818181818182,2,0.22794314829713058,0.3256637168141593,0.0,0.05014749262536873,0.1539855072463768,0.31389986824769434,0.16283185840707964,0.18181818181818182,6,0.318584070796,True,central_material_loss_rule_satisfied|endpoint_material_support_observed|disconnected_fragment_case
15945,broken,False,y,18.0,4.0,17.0,15.0,5.0,17.0,14.0,True,0.203539823009,0.243362831858,3613,3613,3613,1.0,1.0,1.0,0,0.17511397157414857,0.23893805309734514,0.061946902654867256,0.07374631268436578,0.30864197530864196,0.2671156004489338,0.11946902654867257,0.18181818181818182,6,0.203539823009,True,central_material_loss_rule_satisfied|endpoint_material_support_observed|connected_bite_case
16050,broken,False,y,18.0,12.0,16.0,16.0,13.0,16.0,15.0,True,0.287610619469,0.256637168142,3939,3939,3939,1.0,1.0,1.0,0,0.24269241083400375,0.3168141592920354,0.13274336283185842,0.13274336283185842,0.4189944134078213,0.24564076519383773,0.1584070796460177,0.21212121212121213,7,0.256637168142,True,central_material_loss_rule_satisfied|endpoint_material_support_observed|connected_bite_case
16051,broken,False,y,18.0,14.0,16.0,16.0,13.0,16.0,15.0,True,0.300884955752,0.362831858407,3992,3992,3992,1.0,1.0,1.0,0,0.22338428533118798,0.3592920353982301,0.07964601769911504,0.0943952802359882,0.26272577996715923,0.3816987610091059,0.17964601769911506,0.42424242424242425,13,0.300884955752,True,central_material_loss_rule_satisfied|endpoint_material_support_observed|connected_bite_case
16141,broken,False,y,18.0,2.0,0.0,16.0,1.0,0.0,17.0,True,0.20796460177,0.269911504425,3464,3464,3464,1.0,1.0,1.0,0,0.19227674979887371,0.2743362831858407,0.08849557522123894,0.10914454277286136,0.39784946236559143,0.29912023460410553,0.13716814159292035,0.18181818181818182,4,0.20796460177,True,central_material_loss_rule_satisfied|endpoint_material_support_observed|connected_bite_case
16152,broken,False,y,18.0,1.0,0.0,17.0,2.0,1.0,17.0,True,0.0648967551622,0.0825958702065,2978,2978,2978,0.7941176470588235,0.7272727272727273,0.6363636363636364,4,0.06845393024466423,0.10619469026548672,0.02654867256637168,0.035398230088495575,0.3333333333333333,0.357843137254902,0.05309734513274336,0.20588235294117646,4,0.0648967551622,True,central_material_loss_rule_satisfied|endpoint_material_support_observed|connected_bite_case
16201,broken,False,y,18.0,4.0,1.0,17.0,5.0,1.0,16.0,True,0.353982300885,0.349557522124,4028,4028,4028,1.0,1.0,1.0,0,0.22901582193617595,0.3185840707964602,0.07964601769911504,0.0855457227138643,0.26851851851851855,0.28703703703703703,0.1592920353982301,0.24242424242424243,8,0.349557522124,True,central_material_loss_rule_satisfied|endpoint_material_support_observed|connected_bite_case
16253,broken,False,y,18.0,10.0,0.0,16.0,9.0,0.0,17.0,True,0.203539823009,0.300884955752,3408,3408,3408,1.0,1.0,1.0,0,0.14936980423706087,0.24601769911504429,0.05309734513274336,0.058997050147492625,0.23980815347721818,0.41443209069108355,0.12300884955752214,0.36363636363636365,7,0.203539823009,True,central_material_loss_rule_satisfied|endpoint_material_support_observed|connected_bite_case
16254,broken,False,y,18.0,8.0,0.0,18.0,9.0,0.0,17.0,True,0.336283185841,0.261061946903,3981,3981,3981,1.0,1.0,1.0,0,0.22847948511665328,0.30973451327433627,0.09734513274336283,0.10914454277286136,0.3523809523809524,0.26839826839826836,0.15486725663716813,0.24242424242424243,6,0.261061946903,True,central_material_loss_rule_satisfied|endpoint_material_support_observed|connected_bite_case
16310,broken,False,y,18.0,12.0,0.0,18.0,13.0,0.0,17.0,True,0.362831858407,0.314159292035,3887,3887,3887,1.0,1.0,1.0,0,0.21319388576025747,0.2973451327433629,0.13274336283185842,0.13274336283185842,0.4464285714285714,0.2916666666666668,0.14867256637168144,0.21212121212121213,7,0.314159292035,True,central_material_loss_rule_satisfied|endpoint_material_support_observed|connected_bite_case
16414,broken,False,y,18.0,4.0,4.0,16.0,3.0,3.0,16.0,True,0.0973451327434,0.119469026549,3394,3394,3394,1.0,1.0,1.0,0,0.10914454277286136,0.14867256637168144,0.07079646017699115,0.07079646017699115,0.4761904761904761,0.2673160173160174,0.07433628318584072,0.12121212121212122,3,0.0973451327434,True,central_material_loss_rule_satisfied|endpoint_material_support_observed|connected_bite_case
16422,broken,False,y,18.0,2.0,4.0,18.0,2.0,3.0,17.0,True,0.637168141593,0.181415929204,4545,4545,4545,1.0,1.0,1.0,0,0.29552158755698577,0.42123893805309737,0.17699115044247787,0.19174041297935104,0.45518207282913165,0.3192004074357016,0.21061946902654868,0.15151515151515152,3,0.181415929204,True,central_material_loss_rule_satisfied|endpoint_material_support_observed|connected_bite_case
16427,broken,False,y,18.0,4.0,2.0,18.0,3.0,2.0,17.0,True,0.533923303835,0.362831858407,4463,4463,4463,1.0,1.0,1.0,0,0.30010411244143675,0.4460176991150442,0.17699115044247787,0.19174041297935102,0.42989417989417994,0.34255368814192333,0.2230088495575221,0.20588235294117646,4,0.362831858407,True,central_material_loss_rule_satisfied|endpoint_material_support_observed|connected_bite_case
16430,broken,False,y,18.0,2.0,3.0,17.0,3.0,4.0,17.0,True,0.0575221238938,0.0575221238938,3124,3124,3124,0.6363636363636364,0.18181818181818182,0.9090909090909091,10,0.046661303298471436,0.061946902654867256,0.008849557522123894,0.011799410029498525,0.19047619047619047,0.2554112554112554,0.030973451327433628,0.15151515151515152,5,0.0575221238938,True,central_material_loss_rule_satisfied|endpoint_material_support_observed|connected_bite_case
16436,broken,False,y,18.0,3.0,2.0,17.0,4.0,3.0,17.0,True,0.0575221238938,0.070796460177,3225,3225,3225,0.48484848484848486,0.36363636363636365,0.8181818181818182,9,0.05095199785465273,0.07964601769911504,0.017699115044247787,0.017699115044247787,0.2222222222222222,0.38047138047138046,0.03982300884955752,0.24242424242424243,4,0.0575221238938,True,central_material_loss_rule_satisfied|endpoint_material_support_observed|connected_bite_case
16437,broken,False,y,18.0,3.0,2.0,17.0,3.0,3.0,18.0,True,0.243362831858,0.561946902655,4519,4519,4519,1.0,1.0,1.0,0,0.2847948511665326,0.4035398230088496,0.18584070796460178,0.19174041297935102,0.47514619883040926,0.31193514088250934,0.2017699115044248,0.15151515151515152,5,0.243362831858,True,central_material_loss_rule_satisfied|endpoint_material_support_observed|connected_bite_case
16450,broken,False,y,18.0,4.0,4.0,18.0,4.0,3.0,17.0,True,0.694690265487,0.216814159292,4774,4774,4774,1.0,1.0,1.0,0,0.33413783856261736,0.520353982300885,0.23008849557522124,0.24483775811209438,0.47052154195011325,0.3747680890538034,0.2601769911504425,0.2727272727272727,7,0.216814159292,True,central_material_loss_rule_satisfied|endpoint_material_support_observed|connected_bite_case
16464,broken,False,y,18.0,5.0,2.0,17.0,6.0,3.0,17.0,True,0.0929203539823,0.0796460176991,3420,3420,3420,0.9090909090909091,0.7272727272727273,1.0,3,0.082059533386967,0.10442477876106195,0.02654867256637168,0.032448377581120944,0.3107344632768362,0.21879815100154087,0.05221238938053097,0.09090909090909091,3,0.0796460176991,True,central_material_loss_rule_satisfied|endpoint_material_support_observed|connected_bite_case
16526,broken,False,y,18.0,12.0,4.0,16.0,11.0,3.0,16.0,True,0.16814159292,0.0884955752212,3432,3432,3432,1.0,1.0,1.0,0,0.13435237329042637,0.18407079646017702,0.07079646017699115,0.07964601769911504,0.43269230769230765,0.2741841491841493,0.09203539823008851,0.18181818181818182,4,0.0884955752212,True,central_material_loss_rule_satisfied|endpoint_material_support_observed|connected_bite_case
16546,broken,False,y,18.0,12.0,3.0,17.0,11.0,3.0,18.0,True,0.358407079646,0.407079646018,4742,4742,4742,1.0,1.0,1.0,0,0.335478680611424,0.45309734513274336,0.13274336283185842,0.17404129793510326,0.38411458333333337,0.2703598484848485,0.22654867256637168,0.09090909090909091,3,0.358407079646,True,central_material_loss_rule_satisfied|endpoint_material_support_observed|connected_bite_case
16624,broken,False,y,18.0,16.0,2.0,16.0,17.0,2.0,17.0,True,0.336283185841,0.309734513274,3954,3954,3954,0.8484848484848485,0.5454545454545454,1.0,5,0.19522660230624833,0.3168141592920354,0.008849557522123894,0.008849557522123894,0.02793296089385475,0.3886913831047909,0.1584070796460177,0.3333333333333333,11,0.309734513274,True,central_material_loss_rule_satisfied|endpoint_material_support_observed|connected_bite_case
16654,broken,False,y,18.0,0.0,4.0,18.0,1.0,4.0,17.0,True,0.250737463127,0.451327433628,4137,4137,4137,1.0,1.0,1.0,0,0.2638777152051488,0.45132743362831856,0.08849557522123894,0.10619469026548672,0.23529411764705882,0.4206773618538325,0.22566371681415928,0.30303030303030304,7,0.250737463127,True,central_material_loss_rule_satisfied|endpoint_material_support_observed|connected_bite_case
16658,broken,False,y,18.0,0.0,5.0,17.0,1.0,6.0,17.0,True,0.0796460176991,0.128318584071,2966,2966,2966,0.9696969696969697,0.9090909090909091,1.0,1,0.11021721641190667,0.1415929203539823,0.04424778761061947,0.05309734513274336,0.375,0.22348484848484848,0.07079646017699115,0.09090909090909091,3,0.0796460176991,True,central_material_loss_rule_satisfied|endpoint_material_support_observed|connected_bite_case
16664,broken,False,y,18.0,1.0,4.0,17.0,2.0,5.0,17.0,True,0.110619469027,0.0530973451327,3182,3182,3182,0.5151515151515151,0.6363636363636364,0.18181818181818182,7,0.053901850362027354,0.07787610619469026,0.02654867256637168,0.032448377581120944,0.4166666666666667,0.331267217630854,0.03893805309734513,0.15151515151515152,4,0.0530973451327,True,central_material_loss_rule_satisfied|endpoint_material_support_observed|connected_bite_case
16665,broken,False,y,18.0,1.0,4.0,17.0,1.0,5.0,18.0,True,0.199115044248,0.663716814159,4529,4529,4529,1.0,1.0,1.0,0,0.2944489139179405,0.42123893805309737,0.19469026548672566,0.19764011799410028,0.46918767507002795,0.32302011713776424,0.21061946902654868,0.15151515151515152,3,0.199115044248,True,central_material_loss_rule_satisfied|endpoint_material_support_observed|connected_bite_case
16666,broken,False,y,18.0,1.0,6.0,17.0,1.0,5.0,18.0,True,0.218289085546,0.70796460177,4699,4699,4699,1.0,1.0,1.0,0,0.33133784487246226,0.5345132743362832,0.20353982300884957,0.20943952802359883,0.391832229580574,0.40416828983248926,0.2672566371681416,0.38235294117647056,13,0.218289085546,True,central_material_loss_rule_satisfied|endpoint_material_support_observed|connected_bite_case
16678,broken,False,y,18.0,2.0,6.0,18.0,2.0,5.0,17.0,True,0.725663716814,0.216814159292,4635,4635,4635,1.0,1.0,1.0,0,0.3126843657817109,0.5185840707964602,0.168141592920354,0.17404129793510323,0.33560864618885095,0.41700279242941357,0.2592920353982301,0.42424242424242425,13,0.216814159292,True,central_material_loss_rule_satisfied|endpoint_material_support_observed|connected_bite_case
16679,broken,False,y,18.0,2.0,4.0,18.0,2.0,5.0,17.0,True,0.70796460177,0.188790560472,4605,4605,4605,1.0,1.0,1.0,0,0.29364440868865643,0.4088495575221239,0.168141592920354,0.18289085545722716,0.4473304473304474,0.32126459399186663,0.20442477876106194,0.15151515151515152,5,0.188790560472,True,central_material_loss_rule_satisfied|endpoint_material_support_observed|connected_bite_case
16693,broken,False,y,18.0,3.0,4.0,17.0,3.0,5.0,18.0,True,0.234513274336,0.752212389381,4827,4827,4827,1.0,1.0,1.0,0,0.3521051220166264,0.5292035398230089,0.23008849557522124,0.2359882005899705,0.44593088071348935,0.34924495794061017,0.26460176991150447,0.18181818181818182,4,0.234513274336,True,central_material_loss_rule_satisfied|endpoint_material_support_observed|connected_bite_case
16694,broken,False,y,18.0,3.0,6.0,17.0,3.0,5.0,18.0,True,0.225663716814,0.752212389381,4918,4918,4918,1.0,1.0,1.0,0,0.3531777956556718,0.5946902654867257,0.22123893805309736,0.23893805309734514,0.4017857142857143,0.42153679653679654,0.2973451327433628,0.6060606060606061,20,0.225663716814,True,central_material_loss_rule_satisfied|endpoint_material_support_observed|connected_bite_case
16706,broken,False,y,18.0,4.0,6.0,18.0,4.0,5.0,17.0,True,0.685840707965,0.243362831858,4892,4892,4892,1.0,1.0,1.0,0,0.35237329042638776,0.5557522123893806,0.21238938053097345,0.21238938053097345,0.38216560509554137,0.3784018529241459,0.2778761061946903,0.42424242424242425,11,0.243362831858,True,central_material_loss_rule_satisfied|endpoint_material_support_observed|connected_bite_case
16707,broken,False,y,18.0,4.0,4.0,18.0,4.0,5.0,17.0,True,0.712389380531,0.221238938053,4799,4799,4799,1.0,1.0,1.0,0,0.3330651649235721,0.46194690265486726,0.20353982300884957,0.20648967551622419,0.4469987228607918,0.3162661093695577,0.23097345132743363,0.24242424242424243,8,0.221238938053,True,central_material_loss_rule_satisfied|endpoint_material_support_observed|connected_bite_case
16720,broken,False,y,18.0,5.0,4.0,17.0,6.0,5.0,17.0,True,0.0752212389381,0.0973451327434,3417,3417,3417,0.8787878787878788,0.6363636363636364,1.0,4,0.07857334406006973,0.10619469026548672,0.035398230088495575,0.04129793510324484,0.3888888888888889,0.26515151515151514,0.05309734513274336,0.12121212121212122,4,0.0752212389381,True,central_material_loss_rule_satisfied|endpoint_material_support_observed|connected_bite_case
16721,broken,False,y,18.0,5.0,4.0,17.0,5.0,5.0,18.0,True,0.238938053097,0.77581120944,4868,4868,4868,1.0,1.0,1.0,0,0.3681952266023062,0.5380530973451327,0.23893805309734514,0.24483775811209438,0.4550438596491228,0.3425039872408293,0.26902654867256637,0.30303030303030304,8,0.238938053097,True,central_material_loss_rule_satisfied|endpoint_material_support_observed|connected_bite_case
16722,broken,False,y,18.0,5.0,6.0,17.0,5.0,5.0,18.0,True,0.234513274336,0.734513274336,4803,4803,4803,1.0,1.0,1.0,0,0.33601501743094664,0.5592920353982301,0.19469026548672566,0.20353982300884957,0.3639240506329114,0.4180092059838896,0.27964601769911507,0.6060606060606061,11,0.234513274336,True,central_material_loss_rule_satisfied|endpoint_material_support_observed|connected_bite_case
16734,broken,False,y,18.0,6.0,6.0,18.0,6.0,5.0,17.0,True,0.747787610619,0.256637168142,4814,4814,4814,1.0,1.0,1.0,0,0.3204612496647895,0.47079646017699117,0.22123893805309736,0.2271386430678466,0.48245614035087714,0.35361130097972204,0.23539823008849559,0.21212121212121213,7,0.256637168142,True,central_material_loss_rule_satisfied|endpoint_material_support_observed|connected_bite_case
16735,broken,False,y,18.0,6.0,4.0,18.0,6.0,5.0,17.0,True,0.637168141593,0.274336283186,4924,4924,4924,1.0,1.0,1.0,0,0.36739072137302226,0.568141592920354,0.25663716814159293,0.26253687315634217,0.4620976116303218,0.36146511847446433,0.284070796460177,0.30303030303030304,7,0.274336283186,True,central_material_loss_rule_satisfied|endpoint_material_support_observed|connected_bite_case
16738,broken,False,y,18.0,6.0,4.0,18.0,7.0,4.0,17.0,True,0.716814159292,0.411504424779,5170,5170,5170,1.0,1.0,1.0,0,0.4306784660766962,0.6548672566371682,0.2920353982300885,0.30973451327433627,0.4729729729729729,0.3464373464373465,0.3274336283185841,0.09090909090909091,3,0.411504424779,True,central_material_loss_rule_satisfied|endpoint_material_support_observed|connected_bite_case
16744,broken,False,y,18.0,8.0,5.0,17.0,7.0,5.0,16.0,True,0.384955752212,0.33185840708,4045,4045,4045,1.0,1.0,1.0,0,0.2413515687851971,0.35221238938053095,0.11504424778761062,0.12979351032448377,0.3685092127303183,0.3214557636668189,0.17610619469026548,0.15151515151515152,5,0.33185840708,True,central_material_loss_rule_satisfied|endpoint_material_support_observed|connected_bite_case
16750,broken,False,y,18.0,7.0,6.0,17.0,7.0,5.0,18.0,True,0.261061946903,0.66814159292,4779,4779,4779,1.0,1.0,1.0,0,0.3349423437919013,0.5079646017699115,0.23008849557522124,0.23303834808259585,0.4587688734030197,0.3630028508077289,0.25398230088495577,0.2727272727272727,8,0.261061946903,True,central_material_loss_rule_satisfied|endpoint_material_support_observed|connected_bite_case
16753,broken,False,y,18.0,10.0,4.0,16.0,9.0,5.0,16.0,True,0.115044247788,0.110619469027,3411,3411,3411,1.0,1.0,1.0,0,0.10297666934835076,0.13097345132743365,0.05309734513274336,0.058997050147492625,0.45045045045045035,0.22153972153972168,0.06548672566371683,0.09090909090909091,3,0.110619469027,True,central_material_loss_rule_satisfied|endpoint_material_support_observed|connected_bite_case
16783,broken,False,y,18.0,10.0,6.0,16.0,11.0,5.0,16.0,True,0.110619469027,0.141592920354,3274,3274,3274,0.8484848484848485,0.5454545454545454,1.0,5,0.07884151246983105,0.11327433628318584,0.035398230088495575,0.04129793510324484,0.3645833333333333,0.3177083333333333,0.05663716814159292,0.30303030303030304,5,0.110619469027,True,central_material_loss_rule_satisfied|endpoint_material_support_observed|connected_bite_case
16798,broken,False,y,18.0,10.0,5.0,17.0,11.0,6.0,17.0,True,0.110619469027,0.150442477876,3643,3643,3643,1.0,1.0,1.0,0,0.12630732099758651,0.1592920353982301,0.05309734513274336,0.058997050147492625,0.37037037037037035,0.21043771043771042,0.07964601769911504,0.09090909090909091,3,0.110619469027,True,central_material_loss_rule_satisfied|endpoint_material_support_observed|connected_bite_case
16880,broken,False,y,18.0,16.0,4.0,16.0,17.0,4.0,17.0,True,0.106194690265,0.336283185841,4069,4069,4069,1.0,1.0,1.0,0,0.2528828104049343,0.3433628318584071,0.10619469026548672,0.12389380530973451,0.36082474226804123,0.2641362074351765,0.17168141592920355,0.12121212121212122,4,0.106194690265,True,central_material_loss_rule_satisfied|endpoint_material_support_observed|connected_bite_case
16906,broken,False,y,18.0,0.0,8.0,18.0,0.0,7.0,17.0,True,0.615044247788,0.141592920354,3920,3920,3920,1.0,1.0,1.0,0,0.27433628318584075,0.3725663716814159,0.1504424778761062,0.1504424778761062,0.4038004750593825,0.29202179684225227,0.18628318584070794,0.17647058823529413,3,0.141592920354,True,central_material_loss_rule_satisfied|endpoint_material_support_observed|connected_bite_case
16909,broken,False,y,18.0,2.0,6.0,16.0,1.0,6.0,17.0,True,0.37610619469,0.33185840708,4174,4174,4174,1.0,1.0,1.0,0,0.26119603110753553,0.35398230088495575,0.1504424778761062,0.16224188790560473,0.45833333333333337,0.2712121212121212,0.17699115044247787,0.15151515151515152,5,0.33185840708,True,central_material_loss_rule_satisfied|endpoint_material_support_observed|connected_bite_case
16918,broken,False,y,18.0,2.0,7.0,17.0,1.0,7.0,18.0,True,0.314159292035,0.628318584071,4619,4619,4619,1.0,1.0,1.0,0,0.2980218636127017,0.5017699115044247,0.1504424778761062,0.16814159292035397,0.3350970017636684,0.4186118892001245,0.25088495575221237,0.4411764705882353,8,0.314159292035,True,central_material_loss_rule_satisfied|endpoint_material_support_observed|connected_bite_case
16921,broken,False,y,18.0,1.0,6.0,17.0,1.0,7.0,18.0,True,0.190265486726,0.70796460177,4753,4753,4753,1.0,1.0,1.0,0,0.34137838562617323,0.5097345132743363,0.18584070796460178,0.1946902654867257,0.3819444444444445,0.3426978114478114,0.25486725663716814,0.3333333333333333,11,0.190265486726,True,central_material_loss_rule_satisfied|endpoint_material_support_observed|connected_bite_case
16922,broken,False,y,18.0,1.0,8.0,17.0,1.0,7.0,18.0,True,0.194690265487,0.713864306785,4776,4776,4776,1.0,1.0,1.0,0,0.3545186377044784,0.5699115044247788,0.19469026548672566,0.19469026548672566,0.3416149068322981,0.39648033126293997,0.2849557522123894,0.30303030303030304,10,0.194690265487,True,central_material_loss_rule_satisfied|endpoint_material_support_observed|connected_bite_case
16934,broken,False,y,18.0,2.0,8.0,18.0,2.0,7.0,17.0,True,0.769911504425,0.212389380531,4873,4873,4873,1.0,1.0,1.0,0,0.3641727004558863,0.5716814159292035,0.21238938053097345,0.21238938053097345,0.3715170278637771,0.377802795759452,0.28584070796460176,0.42424242424242425,13,0.212389380531,True,central_material_loss_rule_satisfied|endpoint_material_support_observed|connected_bite_case
16935,broken,False,y,18.0,2.0,6.0,18.0,2.0,7.0,17.0,True,0.778761061947,0.221238938053,4688,4688,4688,1.0,1.0,1.0,0,0.32821447162935974,0.5929203539823009,0.18584070796460178,0.18879056047197643,0.318407960199005,0.46136962247585606,0.29646017699115046,0.6764705882352942,23,0.221238938053,True,central_material_loss_rule_satisfied|endpoint_material_support_observed|connected_bite_case
16940,broken,False,y,18.0,2.0,7.0,17.0,3.0,7.0,18.0,True,0.377581120944,0.83185840708,5292,5292,5292,1.0,1.0,1.0,0,0.48243496916063294,0.7079646017699115,0.3185840707964602,0.3303834808259587,0.4666666666666667,0.3318181818181818,0.35398230088495575,0.15151515151515152,2,0.377581120944,True,central_material_loss_rule_satisfied|endpoint_material_support_observed|connected_bite_case
16948,broken,False,y,18.0,3.0,6.0,17.0,4.0,7.0,17.0,True,0.0663716814159,0.0884955752212,3277,3277,3277,0.7878787878787878,0.36363636363636365,1.0,7,0.06221507106462859,0.07964601769911504,0.02654867256637168,0.032448377581120944,0.4074074074074074,0.23569023569023573,0.03982300884955752,0.21212121212121213,7,0.0663716814159,True,central_material_loss_rule_satisfied|endpoint_material_support_observed|connected_bite_case
16949,broken,False,y,18.0,3.0,6.0,17.0,3.0,7.0,18.0,True,0.225663716814,0.787610619469,5009,5009,5009,1.0,1.0,1.0,0,0.3759721104853848,0.6212389380530974,0.21238938053097345,0.2182890855457227,0.3513770180436847,0.40827074160407495,0.3106194690265487,0.45454545454545453,15,0.225663716814,True,central_material_loss_rule_satisfied|endpoint_material_support_observed|connected_bite_case
16950,broken,False,y,18.0,3.0,8.0,17.0,3.0,7.0,18.0,True,0.243362831858,0.70796460177,5055,5055,5055,1.0,1.0,1.0,0,0.3893805309734514,0.584070796460177,0.22123893805309736,0.22123893805309736,0.3787878787878788,0.3443526170798898,0.2920353982300885,0.24242424242424243,8,0.243362831858,True,central_material_loss_rule_satisfied|endpoint_material_support_observed|connected_bite_case
16962,broken,False,y,18.0,4.0,8.0,18.0,4.0,7.0,17.0,True,0.769911504425,0.225663716814,4984,4984,4984,1.0,1.0,1.0,0,0.38348082595870203,0.6088495575221239,0.22123893805309736,0.22713864306784662,0.37306201550387597,0.3815186751233263,0.30442477876106194,0.30303030303030304,9,0.225663716814,True,central_material_loss_rule_satisfied|endpoint_material_support_observed|connected_bite_case
16963,broken,False,y,18.0,4.0,6.0,18.0,4.0,7.0,17.0,True,0.694690265487,0.221238938053,4897,4897,4897,1.0,1.0,1.0,0,0.36846339501206754,0.6283185840707964,0.21238938053097345,0.2182890855457227,0.3474178403755869,0.419547588561673,0.3141592920353982,0.48484848484848486,16,0.221238938053,True,central_material_loss_rule_satisfied|endpoint_material_support_observed|connected_bite_case
16977,broken,False,y,18.0,5.0,6.0,17.0,5.0,7.0,18.0,True,0.283185840708,0.761061946903,4881,4881,4881,1.0,1.0,1.0,0,0.3669963560645497,0.5548672566371681,0.22123893805309736,0.22713864306784662,0.4093567251461989,0.3602589361103293,0.27743362831858404,0.4117647058823529,14,0.283185840708,True,central_material_loss_rule_satisfied|endpoint_material_support_observed|connected_bite_case
16978,broken,False,y,18.0,5.0,8.0,17.0,5.0,7.0,18.0,True,0.230088495575,0.663716814159,4947,4947,4947,1.0,1.0,1.0,0,0.3730222579780102,0.6088495575221239,0.18584070796460178,0.19174041297935104,0.31492248062015504,0.3938513037350247,0.30442477876106194,0.3939393939393939,11,0.230088495575,True,central_material_loss_rule_satisfied|endpoint_material_support_observed|connected_bite_case
16990,broken,False,y,18.0,6.0,8.0,18.0,6.0,7.0,17.0,True,0.676991150442,0.203539823009,4901,4901,4901,1.0,1.0,1.0,0,0.3502279431482971,0.5026548672566372,0.19469026548672566,0.20353982300884954,0.40492957746478864,0.3191421254801537,0.2513274336283186,0.2727272727272727,9,0.203539823009,True,central_material_loss_rule_satisfied|endpoint_material_support_observed|connected_bite_case
16991,broken,False,y,18.0,6.0,6.0,18.0,6.0,7.0,17.0,True,0.681415929204,0.238938053097,4963,4963,4963,1.0,1.0,1.0,0,0.37355859479753284,0.568141592920354,0.23008849557522124,0.23893805309734514,0.4205607476635514,0.3581610497498348,0.284070796460177,0.36363636363636365,6,0.238938053097,True,central_material_loss_rule_satisfied|endpoint_material_support_observed|connected_bite_case
16996,broken,False,y,18.0,6.0,7.0,17.0,7.0,7.0,18.0,True,0.323008849558,0.690265486726,4965,4965,4965,1.0,1.0,1.0,0,0.362295521587557,0.6176991150442478,0.11504424778761062,0.1327433628318584,0.21489971346704867,0.41599374837197184,0.3088495575221239,0.45454545454545453,15,0.323008849558,True,central_material_loss_rule_satisfied|endpoint_material_support_observed|connected_bite_case
17002,broken,False,y,18.0,8.0,7.0,17.0,7.0,7.0,18.0,True,0.508849557522,0.703539823009,5137,5137,5137,1.0,1.0,1.0,0,0.42182890855457233,0.6371681415929203,0.25663716814159293,0.26548672566371684,0.4166666666666667,0.34090909090909083,0.3185840707964602,0.3333333333333333,11,0.508849557522,True,central_material_loss_rule_satisfied|endpoint_material_support_observed|connected_bite_case
17005,broken,False,y,18.0,7.0,6.0,17.0,7.0,7.0,18.0,True,0.221238938053,0.632743362832,4811,4811,4811,1.0,1.0,1.0,0,0.3365513542504693,0.5398230088495575,0.21238938053097345,0.23303834808259588,0.4316939890710383,0.3845007451564828,0.26991150442477874,0.45454545454545453,8,0.221238938053,True,central_material_loss_rule_satisfied|endpoint_material_support_observed|connected_bite_case
17006,broken,False,y,18.0,7.0,8.0,17.0,7.0,7.0,18.0,True,0.212389380531,0.685840707965,4697,4697,4697,1.0,1.0,1.0,0,0.33413783856261736,0.5663716814159293,0.20353982300884957,0.2094395280235988,0.3697916666666666,0.4185606060606061,0.28318584070796465,0.6060606060606061,20,0.212389380531,True,central_material_loss_rule_satisfied|endpoint_material_support_observed|connected_bite_case
17019,broken,False,y,18.0,8.0,6.0,18.0,8.0,7.0,17.0,True,0.637168141593,0.238938053097,4805,4805,4805,1.0,1.0,1.0,0,0.34325556449450256,0.5433628318584071,0.20353982300884957,0.21533923303834807,0.3963083604777416,0.38327904451682954,0.27168141592920353,0.30303030303030304,9,0.238938053097,True,central_material_loss_rule_satisfied|endpoint_material_support_observed|connected_bite_case
17034,broken,False,y,18.0,9.0,8.0,17.0,9.0,7.0,18.0,True,0.238938053097,0.619469026549,4697,4697,4697,1.0,1.0,1.0,0,0.3161705551086082,0.49557522123893805,0.19469026548672566,0.20648967551622419,0.4166666666666667,0.3739177489177489,0.24778761061946902,0.30303030303030304,9,0.238938053097,True,central_material_loss_rule_satisfied|endpoint_material_support_observed|connected_bite_case
17037,broken,False,y,18.0,12.0,6.0,16.0,11.0,7.0,16.0,True,0.106194690265,0.163716814159,3464,3464,3464,0.9090909090909091,0.9090909090909091,1.0,3,0.09949048002145346,0.1415929203539823,0.04424778761061947,0.04424778761061947,0.3125,0.3068181818181818,0.07079646017699115,0.21212121212121213,7,0.106194690265,True,central_material_loss_rule_satisfied|endpoint_material_support_observed|connected_bite_case
17058,broken,False,y,18.0,12.0,7.0,17.0,11.0,7.0,18.0,True,0.411504424779,0.362831858407,4569,4569,4569,1.0,1.0,1.0,0,0.28318584070796454,0.37168141592920356,0.10619469026548672,0.10914454277286136,0.2936507936507936,0.24747474747474751,0.18584070796460178,0.21212121212121213,7,0.362831858407,True,central_material_loss_rule_satisfied|endpoint_material_support_observed|connected_bite_case
17077,broken,False,y,18.0,14.0,6.0,16.0,13.0,6.0,17.0,True,0.265486725664,0.353982300885,4014,4014,4014,1.0,1.0,1.0,0,0.23035666398498256,0.30973451327433627,0.11504424778761062,0.12389380530973451,0.4,0.25974025974025966,0.15486725663716813,0.09090909090909091,3,0.265486725664,True,central_material_loss_rule_satisfied|endpoint_material_support_observed|connected_bite_case
17082,broken,False,y,18.0,12.0,7.0,17.0,13.0,8.0,17.0,True,0.0884955752212,0.146017699115,3599,3599,3599,1.0,1.0,1.0,0,0.12684365781710913,0.1752212389380531,0.061946902654867256,0.07079646017699115,0.40404040404040403,0.28037955310682583,0.08761061946902655,0.21212121212121213,7,0.0884955752212,True,central_material_loss_rule_satisfied|endpoint_material_support_observed|connected_bite_case
17107,broken,False,y,18.0,16.0,6.0,18.0,15.0,6.0,17.0,False,0.393805309735,0.203539823009,2510,1669,1669,0.8484848484848485,1.0,0.5454545454545454,5,0.22123893805309733,0.37168141592920356,0.0,0.0058997050147492625,0.015873015873015872,0.4083694083694084,0.18584070796460178,0.36363636363636365,12,0.203539823009,True,central_material_loss_rule_satisfied|endpoint_material_support_observed|disconnected_fragment_case
17108,broken,False,y,18.0,14.0,7.0,17.0,15.0,7.0,18.0,False,0.393805309735,0.199115044248,2412,1711,1711,0.8484848484848485,1.0,0.5454545454545454,5,0.21560740144810941,0.3592920353982301,0.0,0.0029498525073746312,0.008210180623973726,0.4085684430512017,0.17964601769911506,0.45454545454545453,15,0.199115044248,True,central_material_loss_rule_satisfied|endpoint_material_support_observed|disconnected_fragment_case
17135,broken,False,y,18.0,18.0,8.0,18.0,18.0,7.0,17.0,True,0.0840707964602,0.163716814159,3005,3005,3005,1.0,1.0,1.0,0,0.1527180783817952,0.18584070796460178,0.07964601769911504,0.08259587020648967,0.4444444444444444,0.18775510204081633,0.09292035398230089,0.08571428571428572,3,0.0840707964602,True,central_material_loss_rule_satisfied|endpoint_material_support_observed|connected_bite_case
17139,broken,False,y,18.0,18.0,6.0,18.0,17.0,6.0,17.0,True,0.261061946903,0.0530973451327,3183,3183,3183,1.0,1.0,1.0,0,0.17430946634486458,0.2743362831858407,0.05309734513274336,0.058997050147492625,0.21505376344086022,0.3665689149560117,0.13716814159292035,0.42424242424242425,14,0.0530973451327,True,central_material_loss_rule_satisfied|endpoint_material_support_observed|connected_bite_case
17163,broken,False,y,18.0,0.0,8.0,18.0,0.0,9.0,17.0,True,0.685840707965,0.159292035398,3977,3977,3977,1.0,1.0,1.0,0,0.2807723250201127,0.3982300884955753,0.1504424778761062,0.15634218289085544,0.3925925925925925,0.33198653198653205,0.19911504424778764,0.24242424242424243,8,0.159292035398,True,central_material_loss_rule_satisfied|endpoint_material_support_observed|connected_bite_case
17168,broken,False,y,18.0,0.0,9.0,17.0,1.0,9.0,18.0,True,0.225663716814,0.712389380531,4115,4115,4115,1.0,1.0,1.0,0,0.30309734513274333,0.574336283185841,0.08849557522123894,0.10029498525073746,0.1746276322547508,0.4859399075500772,0.2871681415929205,0.53125,17,0.225663716814,True,central_material_loss_rule_satisfied|endpoint_material_support_observed|connected_bite_case
17178,broken,False,y,18.0,1.0,10.0,17.0,1.0,9.0,18.0,True,0.221238938053,0.719764011799,4858,4858,4858,1.0,1.0,1.0,0,0.37436310002681683,0.6212389380530974,0.21238938053097345,0.22123893805309733,0.35612535612535606,0.40827074160407495,0.3106194690265487,0.42424242424242425,14,0.221238938053,True,central_material_loss_rule_satisfied|endpoint_material_support_observed|connected_bite_case
17190,broken,False,y,18.0,2.0,10.0,18.0,2.0,9.0,17.0,True,0.747787610619,0.172566371681,4881,4881,4881,1.0,1.0,1.0,0,0.36470903727540893,0.5610619469026549,0.17699115044247787,0.20058997050147492,0.35751840168243953,0.3664085651467355,0.28053097345132744,0.3333333333333333,11,0.172566371681,True,central_material_loss_rule_satisfied|endpoint_material_support_observed|connected_bite_case
17191,broken,False,y,18.0,2.0,8.0,18.0,2.0,9.0,17.0,True,0.716814159292,0.216814159292,4943,4943,4943,1.0,1.0,1.0,0,0.37865379458299814,0.5911504424778762,0.21238938053097345,0.21238938053097345,0.35928143712574845,0.3707131192161133,0.2955752212389381,0.36363636363636365,12,0.216814159292,True,central_material_loss_rule_satisfied|endpoint_material_support_observed|connected_bite_case
17194,broken,False,y,18.0,2.0,8.0,18.0,3.0,8.0,17.0,True,0.761061946903,0.283185840708,5263,5263,5263,1.0,1.0,1.0,0,0.4466423737636647,0.6734513274336282,0.2831858407079646,0.303834808259587,0.45116075339465617,0.34281518126304394,0.3367256637168141,0.3235294117647059,7,0.283185840708,True,central_material_loss_rule_satisfied|endpoint_material_support_observed|connected_bite_case
17195,broken,False,y,18.0,4.0,8.0,18.0,3.0,8.0,17.0,True,0.917404129794,0.377581120944,5601,5601,5601,1.0,1.0,1.0,0,0.5377407600208225,0.8079646017699114,0.34513274336283184,0.36578171091445427,0.45271997079226,0.3453385735455189,0.4039823008849557,0.23529411764705882,5,0.377581120944,True,central_material_loss_rule_satisfied|endpoint_material_support_observed|connected_bite_case
17196,broken,False,y,18.0,2.0,9.0,17.0,3.0,9.0,18.0,True,0.336283185841,0.914454277286,5355,5355,5355,1.0,1.0,1.0,0,0.4979177511712649,0.7699115044247787,0.3185840707964602,0.3244837758112094,0.42145593869731796,0.3671399594320487,0.38495575221238937,0.38235294117647056,12,0.336283185841,True,central_material_loss_rule_satisfied|endpoint_material_support_observed|connected_bite_case
17198,broken,False,y,18.0,2.0,9.0,17.0,3.0,10.0,17.0,True,0.070796460177,0.110619469027,3361,3361,3361,1.0,1.0,1.0,0,0.08930008045052293,0.12920353982300886,0.061946902654867256,0.06489675516224189,0.502283105022831,0.3163138231631383,0.06460176991150443,0.18181818181818182,2,0.070796460177,True,central_material_loss_rule_satisfied|endpoint_material_support_observed|connected_bite_case
17202,broken,False,y,18.0,4.0,9.0,17.0,3.0,9.0,18.0,True,0.327433628319,0.747787610619,5371,5371,5371,1.0,1.0,1.0,0,0.48308172826652784,0.6646017699115044,0.2743362831858407,0.29203539823008845,0.43941411451398127,0.28080206783112716,0.3323008849557522,0.2647058823529412,9,0.327433628319,True,central_material_loss_rule_satisfied|endpoint_material_support_observed|connected_bite_case
17205,broken,False,y,18.0,3.0,8.0,17.0,3.0,9.0,18.0,True,0.234513274336,0.756637168142,5043,5043,5043,1.0,1.0,1.0,0,0.39528023598820056,0.6353982300884956,0.20353982300884957,0.21828908554572274,0.3435468895078923,0.38794631552291714,0.3176991150442478,0.42424242424242425,14,0.234513274336,True,central_material_loss_rule_satisfied|endpoint_material_support_observed|connected_bite_case
17206,broken,False,y,18.0,3.0,10.0,17.0,3.0,9.0,18.0,True,0.234513274336,0.756637168142,5038,5038,5038,1.0,1.0,1.0,0,0.3971574148565299,0.6123893805309735,0.21238938053097345,0.2182890855457227,0.3564547206165703,0.35855666491504645,0.30619469026548674,0.3333333333333333,11,0.234513274336,True,central_material_loss_rule_satisfied|endpoint_material_support_observed|connected_bite_case
17218,broken,False,y,18.0,4.0,10.0,18.0,4.0,9.0,17.0,True,0.765486725664,0.212389380531,4911,4911,4911,1.0,1.0,1.0,0,0.36417270045588623,0.5256637168141594,0.21238938053097345,0.2182890855457227,0.41526374859708187,0.33496581981430473,0.2628318584070797,0.18181818181818182,6,0.212389380531,True,central_material_loss_rule_satisfied|endpoint_material_support_observed|connected_bite_case
17219,broken,False,y,18.0,4.0,8.0,18.0,4.0,9.0,17.0,True,0.716814159292,0.190265486726,4938,4938,4938,1.0,1.0,1.0,0,0.38267632072941804,0.5628318584070796,0.19469026548672566,0.2094395280235988,0.3721174004192872,0.3294263388603011,0.2814159292035398,0.21212121212121213,7,0.190265486726,True,central_material_loss_rule_satisfied|endpoint_material_support_observed|connected_bite_case
17222,broken,False,y,18.0,4.0,8.0,18.0,5.0,8.0,17.0,True,0.805309734513,0.300884955752,5090,5090,5090,1.0,1.0,1.0,0,0.4109838625715773,0.643362831858407,0.26548672566371684,0.2772861356932153,0.4309949564419991,0.37462577878469133,0.3216814159292035,0.5,17,0.300884955752,True,central_material_loss_rule_satisfied|endpoint_material_support_observed|connected_bite_case
17232,broken,False,y,18.0,5.0,8.0,17.0,6.0,9.0,17.0,True,0.0929203539823,0.115044247788,3361,3361,3361,0.8787878787878788,1.0,1.0,3,0.0740144810941271,0.09557522123893805,0.035398230088495575,0.038348082595870206,0.4012345679012346,0.2418630751964085,0.047787610619469026,0.12121212121212122,3,0.0929203539823,True,central_material_loss_rule_satisfied|endpoint_material_support_observed|connected_bite_case
17233,broken,False,y,18.0,5.0,8.0,17.0,5.0,9.0,18.0,True,0.221238938053,0.778761061947,4921,4921,4921,1.0,1.0,1.0,0,0.36444086886564764,0.5646017699115045,0.18584070796460178,0.1946902654867257,0.3448275862068966,0.3724707893986891,0.28230088495575223,0.42424242424242425,8,0.221238938053,True,central_material_loss_rule_satisfied|endpoint_material_support_observed|connected_bite_case
17239,broken,False,y,18.0,6.0,10.0,16.0,7.0,9.0,16.0,True,0.137168141593,0.106194690265,3496,3496,3496,1.0,1.0,1.0,0,0.11772593188522393,0.1415929203539823,0.05309734513274336,0.058997050147492625,0.4166666666666667,0.17803030303030304,0.07079646017699115,0.09090909090909091,3,0.106194690265,True,central_material_loss_rule_satisfied|endpoint_material_support_observed|connected_bite_case
17246,broken,False,y,18.0,6.0,10.0,18.0,6.0,9.0,17.0,True,0.66814159292,0.225663716814,4841,4841,4841,1.0,1.0,1.0,0,0.3357468490211853,0.5115044247787611,0.21238938053097345,0.22123893805309733,0.43252595155709334,0.35818391527734095,0.25575221238938056,0.18181818181818182,4,0.225663716814,True,central_material_loss_rule_satisfied|endpoint_material_support_observed|connected_bite_case
17247,broken,False,y,18.0,6.0,8.0,18.0,6.0,9.0,17.0,True,0.62389380531,0.243362831858,4828,4828,4828,1.0,1.0,1.0,0,0.3510324483775811,0.5398230088495575,0.22123893805309736,0.22418879056047197,0.41530054644808745,0.35717834078489813,0.26991150442477874,0.36363636363636365,12,0.243362831858,True,central_material_loss_rule_satisfied|endpoint_material_support_observed|connected_bite_case
17249,broken,False,y,18.0,8.0,8.0,16.0,7.0,8.0,17.0,True,0.278761061947,0.345132743363,3936,3936,3936,1.0,1.0,1.0,0,0.23303834808259585,0.30796460176991153,0.11504424778761062,0.13569321533923304,0.4406130268199233,0.2535701846046674,0.15398230088495576,0.18181818181818182,6,0.278761061947,True,central_material_loss_rule_satisfied|endpoint_material_support_observed|connected_bite_case
17254,broken,False,y,18.0,6.0,9.0,17.0,7.0,10.0,17.0,True,0.0884955752212,0.0840707964602,3323,3323,3323,0.7575757575757576,0.36363636363636365,1.0,7,0.06087422901582193,0.07964601769911504,0.035398230088495575,0.035398230088495575,0.4444444444444444,0.24579124579124584,0.03982300884955752,0.21212121212121213,7,0.0840707964602,True,central_material_loss_rule_satisfied|endpoint_material_support_observed|connected_bite_case
17261,broken,False,y,18.0,7.0,8.0,17.0,7.0,9.0,18.0,True,0.227138643068,0.654867256637,4598,4598,4598,1.0,1.0,1.0,0,0.3209975864843122,0.4778761061946903,0.17699115044247787,0.19174041297935104,0.4012345679012346,0.3496071829405163,0.23893805309734514,0.21212121212121213,7,0.227138643068,True,central_material_loss_rule_satisfied|endpoint_material_support_observed|connected_bite_case
17275,broken,False,y,18.0,8.0,8.0,18.0,8.0,9.0,17.0,True,0.721238938053,0.181415929204,4733,4733,4733,1.0,1.0,1.0,0,0.316762103071317,0.4902654867256637,0.19469026548672566,0.20058997050147492,0.4091456077015644,0.37322149076236993,0.24513274336283186,0.3235294117647059,10,0.181415929204,True,central_material_loss_rule_satisfied|endpoint_material_support_observed|connected_bite_case
17288,broken,False,y,18.0,9.0,8.0,17.0,10.0,9.0,17.0,True,0.070796460177,0.0752212389381,3370,3370,3370,0.7352941176470589,1.0,0.8181818181818182,7,0.07418011452368559,0.11504424778761062,0.035398230088495575,0.04129793510324484,0.358974358974359,0.3642533936651584,0.05752212389380531,0.29411764705882354,7,0.070796460177,True,central_material_loss_rule_satisfied|endpoint_material_support_observed|connected_bite_case
17306,broken,False,y,18.0,10.0,8.0,18.0,11.0,8.0,17.0,True,0.703539823009,0.314159292035,5359,5359,5359,1.0,1.0,1.0,0,0.4963797264682221,0.6637168141592921,0.30973451327433627,0.3185840707964602,0.48,0.254949494949495,0.33185840707964603,0.09090909090909091,3,0.314159292035,True,central_material_loss_rule_satisfied|endpoint_material_support_observed|connected_bite_case
17310,broken,False,y,18.0,10.0,9.0,17.0,11.0,10.0,17.0,True,0.0796460176991,0.0929203539823,3380,3380,3380,0.9705882352941176,0.9090909090909091,1.0,1,0.08381051535658511,0.11238938053097344,0.04424778761061947,0.05014749262536873,0.4461942257217848,0.26169522927281147,0.05619469026548672,0.17647058823529413,5,0.0796460176991,True,central_material_loss_rule_satisfied|endpoint_material_support_observed|connected_bite_case
17364,broken,False,y,18.0,14.0,9.0,17.0,15.0,9.0,18.0,True,0.159292035398,0.371681415929,4342,4342,4342,1.0,1.0,1.0,0,0.2609278626977742,0.36106194690265486,0.1415929203539823,0.15044247787610618,0.41666666666666663,0.280154486036839,0.18053097345132743,0.24242424242424243,5,0.159292035398,True,central_material_loss_rule_satisfied|endpoint_material_support_observed|connected_bite_case
17390,broken,False,y,18.0,18.0,8.0,18.0,18.0,9.0,17.0,True,0.0752212389381,0.181415929204,2888,2888,2888,1.0,1.0,1.0,0,0.14679854242581988,0.20088495575221238,0.07964601769911504,0.08849557522123894,0.4405286343612335,0.27597823270277266,0.10044247787610619,0.23529411764705882,7,0.0752212389381,True,central_material_loss_rule_satisfied|endpoint_material_support_observed|connected_bite_case
17391,broken,False,y,18.0,18.0,10.0,18.0,18.0,9.0,17.0,True,0.0575221238938,0.159292035398,2878,2878,2878,1.0,1.0,1.0,0,0.14110127826941987,0.17256637168141592,0.061946902654867256,0.07079646017699115,0.4102564102564103,0.18945868945868938,0.08628318584070796,0.08333333333333333,3,0.0575221238938,True,central_material_loss_rule_satisfied|endpoint_material_support_observed|connected_bite_case
17397,broken,False,y,18.0,16.0,9.0,17.0,17.0,9.0,16.0,True,0.0619469026549,0.323008849558,3860,3860,3860,1.0,1.0,1.0,0,0.20783051756503085,0.30973451327433627,0.05309734513274336,0.058997050147492625,0.1904761904761905,0.33160173160173156,0.15486725663716813,0.24242424242424243,7,0.0619469026549,True,central_material_loss_rule_satisfied|endpoint_material_support_observed|connected_bite_case
17402,broken,False,y,18.0,18.0,9.0,17.0,17.0,9.0,18.0,True,0.256637168142,0.159292035398,3550,3550,3550,1.0,1.0,1.0,0,0.22204344328238138,0.32389380530973455,0.13274336283185842,0.13569321533923304,0.418943533697632,0.31826461334658057,0.16194690265486728,0.18181818181818182,5,0.159292035398,True,central_material_loss_rule_satisfied|endpoint_material_support_observed|connected_bite_case
17418,broken,False,y,18.0,0.0,12.0,18.0,0.0,11.0,17.0,True,0.676991150442,0.146017699115,4021,4021,4021,1.0,1.0,1.0,0,0.2891723060905778,0.443362831858407,0.1415929203539823,0.1504424778761062,0.3393213572854292,0.37924151696606784,0.2216814159292035,0.2647058823529412,7,0.146017699115,True,central_material_loss_rule_satisfied|endpoint_material_support_observed|connected_bite_case
17419,broken,False,y,18.0,0.0,10.0,18.0,0.0,11.0,17.0,True,0.601769911504,0.146017699115,3909,3909,3909,1.0,1.0,1.0,0,0.29069455618128187,0.4761061946902655,0.1415929203539823,0.14749262536873156,0.3097893432465923,0.41241410386391797,0.23805309734513275,0.30303030303030304,10,0.146017699115,True,central_material_loss_rule_satisfied|endpoint_material_support_observed|connected_bite_case
17422,broken,False,y,18.0,0.0,10.0,18.0,1.0,10.0,17.0,True,0.713864306785,0.336283185841,4565,4565,4565,1.0,1.0,1.0,0,0.36621551275377406,0.5610619469026549,0.23008849557522124,0.25073746312684364,0.44689800210304936,0.36741510484319906,0.28053097345132744,0.17647058823529413,3,0.336283185841,True,central_material_loss_rule_satisfied|endpoint_material_support_observed|connected_bite_case
17424,broken,False,y,18.0,0.0,11.0,17.0,1.0,11.0,18.0,True,0.261061946903,0.756637168142,4486,4486,4486,1.0,1.0,1.0,0,0.40293141592920356,0.6159292035398231,0.25663716814159293,0.26253687315634217,0.4262452107279693,0.36000359195402304,0.30796460176991153,0.09375,3,0.261061946903,True,central_material_loss_rule_satisfied|endpoint_material_support_observed|connected_bite_case
17430,broken,False,y,18.0,2.0,11.0,17.0,1.0,11.0,18.0,True,0.327433628319,0.663716814159,4997,4997,4997,1.0,1.0,1.0,0,0.41539286672030035,0.6283185840707964,0.25663716814159293,0.2713864306784661,0.431924882629108,0.34400341442594956,0.3141592920353982,0.24242424242424243,6,0.327433628319,True,central_material_loss_rule_satisfied|endpoint_material_support_observed|connected_bite_case
17433,broken,False,y,18.0,1.0,10.0,17.0,1.0,11.0,18.0,True,0.199115044248,0.646017699115,4721,4721,4721,1.0,1.0,1.0,0,0.3357468490211853,0.4938053097345133,0.17699115044247787,0.1887905604719764,0.38231780167264034,0.33517975453459325,0.24690265486725665,0.24242424242424243,8,0.199115044248,True,central_material_loss_rule_satisfied|endpoint_material_support_observed|connected_bite_case
17434,broken,False,y,18.0,1.0,12.0,17.0,1.0,11.0,18.0,True,0.191740412979,0.70796460177,4779,4779,4779,1.0,1.0,1.0,0,0.35559131134352373,0.5539823008849557,0.168141592920354,0.17699115044247787,0.31948881789137384,0.3714783618936973,0.27699115044247785,0.3939393939393939,13,0.191740412979,True,central_material_loss_rule_satisfied|endpoint_material_support_observed|connected_bite_case
17446,broken,False,y,18.0,2.0,12.0,18.0,2.0,11.0,17.0,True,0.725663716814,0.176991150442,4694,4694,4694,1.0,1.0,1.0,0,0.3153660498793242,0.5486725663716814,0.168141592920354,0.168141592920354,0.30645161290322587,0.44477028347996084,0.2743362831858407,0.45454545454545453,15,0.176991150442,True,central_material_loss_rule_satisfied|endpoint_material_support_observed|connected_bite_case
17447,broken,False,y,18.0,2.0,10.0,18.0,2.0,11.0,17.0,True,0.721238938053,0.185840707965,4820,4820,4820,1.0,1.0,1.0,0,0.35076427996781984,0.5557522123893806,0.19469026548672566,0.1976401179941003,0.3556263269639066,0.3841922408801389,0.2778761061946903,0.3939393939393939,13,0.185840707965,True,central_material_loss_rule_satisfied|endpoint_material_support_observed|connected_bite_case
17450,broken,False,y,18.0,2.0,10.0,18.0,3.0,10.0,17.0,True,0.765486725664,0.362831858407,5453,5453,5453,1.0,1.0,1.0,0,0.49817803227485674,0.7088495575221239,0.30973451327433627,0.3333333333333333,0.4702455264253017,0.30182859660718214,0.35442477876106193,0.17647058823529413,6,0.362831858407,True,central_material_loss_rule_satisfied|endpoint_material_support_observed|connected_bite_case
17451,broken,False,y,18.0,4.0,10.0,18.0,3.0,10.0,17.0,True,0.896755162242,0.356932153392,5400,5400,5400,1.0,1.0,1.0,0,0.5062467464862052,0.7787610619469026,0.2831858407079646,0.2949852507374631,0.3787878787878788,0.35895721925133683,0.3893805309734513,0.3235294117647059,11,0.356932153392,True,central_material_loss_rule_satisfied|endpoint_material_support_observed|connected_bite_case
17452,broken,False,y,18.0,2.0,11.0,17.0,3.0,11.0,18.0,True,0.345132743363,0.88790560472,5299,5299,5299,1.0,1.0,1.0,0,0.4862051015096304,0.7442477876106194,0.30973451327433627,0.3215339233038348,0.43202536662703134,0.3616143246835,0.3721238938053097,0.35294117647058826,8,0.345132743363,True,central_material_loss_rule_satisfied|endpoint_material_support_observed|connected_bite_case
17453,broken,False,y,18.0,2.0,11.0,17.0,3.0,11.0,16.0,True,0.221238938053,0.256637168142,3831,3831,3831,1.0,1.0,1.0,0,0.2040761598283722,0.23716814159292038,0.07079646017699115,0.09734513274336283,0.4104477611940298,0.14043419267299873,0.11858407079646019,0.09090909090909091,3,0.221238938053,True,central_material_loss_rule_satisfied|endpoint_material_support_observed|connected_bite_case
17458,broken,False,y,18.0,4.0,11.0,17.0,3.0,11.0,18.0,True,0.33185840708,0.769911504425,5228,5228,5228,1.0,1.0,1.0,0,0.4717082327701797,0.6672566371681417,0.2831858407079646,0.2949852507374631,0.44208664898320066,0.300056265573507,0.3336283185840708,0.21212121212121213,3,0.33185840708,True,central_material_loss_rule_satisfied|endpoint_material_support_observed|connected_bite_case
17461,broken,False,y,18.0,3.0,10.0,17.0,3.0,11.0,18.0,True,0.185840707965,0.721238938053,4890,4890,4890,1.0,1.0,1.0,0,0.3644408688656476,0.5539823008849558,0.18584070796460178,0.21238938053097345,0.3833865814696485,0.35889243876464333,0.2769911504424779,0.36363636363636365,12,0.185840707965,True,central_material_loss_rule_satisfied|endpoint_material_support_observed|connected_bite_case
17462,broken,False,y,18.0,3.0,12.0,17.0,3.0,11.0,18.0,True,0.221238938053,0.79203539823,4930,4930,4930,1.0,1.0,1.0,0,0.36470903727540893,0.5380530973451327,0.18584070796460178,0.18879056047197643,0.3508771929824562,0.3390151515151515,0.26902654867256637,0.30303030303030304,10,0.221238938053,True,central_material_loss_rule_satisfied|endpoint_material_support_observed|connected_bite_case
17474,broken,False,y,18.0,4.0,12.0,18.0,4.0,11.0,17.0,True,0.772861356932,0.209439528024,4704,4704,4704,1.0,1.0,1.0,0,0.34877667881311814,0.5823008849557522,0.21238938053097345,0.21238938053097345,0.36474164133738607,0.4206150545324513,0.2911504424778761,0.47058823529411764,16,0.209439528024,True,central_material_loss_rule_satisfied|endpoint_material_support_observed|connected_bite_case
17475,broken,False,y,18.0,4.0,10.0,18.0,4.0,11.0,17.0,True,0.712389380531,0.230088495575,4904,4904,4904,1.0,1.0,1.0,0,0.37436310002681683,0.5592920353982301,0.19469026548672566,0.20058997050147492,0.3586497890295358,0.33745684695051786,0.27964601769911507,0.2727272727272727,9,0.230088495575,True,central_material_loss_rule_satisfied|endpoint_material_support_observed|connected_bite_case
17478,broken,False,y,18.0,4.0,10.0,18.0,5.0,10.0,17.0,True,0.787610619469,0.340707964602,5588,5588,5588,1.0,1.0,1.0,0,0.5364393545028632,0.7849557522123893,0.3185840707964602,0.3185840707964602,0.40586245772266066,0.31964984415412157,0.39247787610619467,0.2647058823529412,9,0.340707964602,True,central_material_loss_rule_satisfied|endpoint_material_support_observed|connected_bite_case
17479,broken,False,y,18.0,6.0,10.0,18.0,5.0,10.0,17.0,True,0.867256637168,0.3598820059,5401,5401,5401,1.0,1.0,1.0,0,0.4966478948779833,0.7982300884955753,0.3185840707964602,0.33628318584070793,0.42128603104212853,0.38191224887455494,0.39911504424778765,0.45454545454545453,10,0.3598820059,True,central_material_loss_rule_satisfied|endpoint_material_support_observed|connected_bite_case
17480,broken,False,y,18.0,4.0,11.0,17.0,5.0,11.0,18.0,True,0.3598820059,0.849557522124,5320,5320,5320,1.0,1.0,1.0,0,0.4859448204060386,0.7716814159292035,0.26548672566371684,0.2920353982300885,0.3784403669724771,0.37641662169454937,0.38584070796460174,0.4411764705882353,15,0.3598820059,True,central_material_loss_rule_satisfied|endpoint_material_support_observed|connected_bite_case
17488,broken,False,y,18.0,5.0,10.0,17.0,6.0,11.0,17.0,True,0.0575221238938,0.0752212389381,3382,3382,3382,0.8484848484848485,0.5454545454545454,1.0,5,0.08554572271386429,0.11504424778761062,0.017699115044247787,0.02654867256637168,0.23076923076923078,0.2680652680652681,0.05752212389380531,0.18181818181818182,6,0.0575221238938,True,central_material_loss_rule_satisfied|endpoint_material_support_observed|connected_bite_case
17489,broken,False,y,18.0,5.0,10.0,17.0,5.0,11.0,18.0,True,0.225663716814,0.690265486726,4906,4906,4906,1.0,1.0,1.0,0,0.3609546795387503,0.5185840707964602,0.21238938053097345,0.21238938053097345,0.40955631399317405,0.3192677629537698,0.2592920353982301,0.24242424242424243,4,0.225663716814,True,central_material_loss_rule_satisfied|endpoint_material_support_observed|connected_bite_case
17490,broken,False,y,18.0,5.0,12.0,17.0,5.0,11.0,18.0,True,0.221238938053,0.672566371681,4828,4828,4828,1.0,1.0,1.0,0,0.34540091177259324,0.5716814159292035,0.168141592920354,0.19174041297935102,0.3353973168214654,0.40266441504831596,0.28584070796460176,0.45454545454545453,15,0.221238938053,True,central_material_loss_rule_satisfied|endpoint_material_support_observed|connected_bite_case
17502,broken,False,y,18.0,6.0,12.0,18.0,6.0,11.0,17.0,True,0.752212389381,0.185840707965,4745,4745,4745,1.0,1.0,1.0,0,0.30678466076696165,0.4353982300884956,0.17699115044247787,0.18289085545722714,0.4200542005420054,0.3410938654841094,0.2176991150442478,0.24242424242424243,8,0.185840707965,True,central_material_loss_rule_satisfied|endpoint_material_support_observed|connected_bite_case
17503,broken,False,y,18.0,6.0,10.0,18.0,6.0,11.0,17.0,True,0.659292035398,0.199115044248,4760,4760,4760,1.0,1.0,1.0,0,0.3437919013140252,0.5026548672566372,0.19469026548672566,0.21533923303834807,0.4284037558685445,0.3266111822449851,0.2513274336283186,0.21212121212121213,5,0.199115044248,True,central_material_loss_rule_satisfied|endpoint_material_support_observed|connected_bite_case
17505,broken,False,y,18.0,8.0,10.0,16.0,7.0,10.0,17.0,True,0.296460176991,0.287610619469,4039,4039,4039,1.0,1.0,1.0,0,0.23034877667881312,0.3008849557522124,0.13274336283185842,0.13569321533923304,0.4509803921568627,0.24653979238754326,0.1504424778761062,0.08823529411764706,3,0.287610619469,True,central_material_loss_rule_satisfied|endpoint_material_support_observed|connected_bite_case
17508,broken,False,y,18.0,6.0,11.0,17.0,7.0,11.0,18.0,True,0.393805309735,0.721238938053,5131,5131,5131,1.0,1.0,1.0,0,0.4172700455886296,0.6407079646017699,0.2920353982300885,0.30088495575221236,0.4696132596685082,0.35727440147329653,0.32035398230088497,0.15151515151515152,5,0.393805309735,True,central_material_loss_rule_satisfied|endpoint_material_support_observed|connected_bite_case
17510,broken,False,y,18.0,6.0,11.0,17.0,7.0,12.0,17.0,True,0.0929203539823,0.0929203539823,3525,3525,3525,1.0,1.0,1.0,0,0.10307131702238417,0.14778761061946902,0.061946902654867256,0.06784660766961652,0.45908183632734534,0.30468474815075725,0.07389380530973451,0.17647058823529413,4,0.0929203539823,True,central_material_loss_rule_satisfied|endpoint_material_support_observed|connected_bite_case
17517,broken,False,y,18.0,7.0,10.0,17.0,7.0,11.0,18.0,True,0.199115044248,0.632743362832,4648,4648,4648,1.0,1.0,1.0,0,0.2807723250201126,0.41238938053097346,0.168141592920354,0.168141592920354,0.40772532188841204,0.34620886981402,0.20619469026548673,0.3939393939393939,13,0.199115044248,True,central_material_loss_rule_satisfied|endpoint_material_support_observed|connected_bite_case
17518,broken,False,y,18.0,7.0,12.0,17.0,7.0,11.0,18.0,True,0.234513274336,0.548672566372,4583,4583,4583,1.0,1.0,1.0,0,0.29498525073746307,0.4300884955752213,0.18584070796460178,0.1887905604719764,0.438957475994513,0.3282204763686246,0.21504424778761064,0.24242424242424243,8,0.234513274336,True,central_material_loss_rule_satisfied|endpoint_material_support_observed|connected_bite_case
17531,broken,False,y,18.0,8.0,10.0,18.0,8.0,11.0,17.0,True,0.615044247788,0.234513274336,4623,4623,4623,1.0,1.0,1.0,0,0.3156342182890855,0.4389380530973452,0.21238938053097345,0.21238938053097345,0.48387096774193544,0.3014418377321603,0.2194690265486726,0.09090909090909091,3,0.234513274336,True,central_material_loss_rule_satisfied|endpoint_material_support_observed|connected_bite_case
17532,broken,False,y,18.0,8.0,10.0,16.0,9.0,10.0,17.0,True,0.309734513274,0.327433628319,3959,3959,3959,1.0,1.0,1.0,0,0.23813354786806112,0.336283185840708,0.13274336283185842,0.13274336283185842,0.39473684210526316,0.29186602870813405,0.168141592920354,0.3333333333333333,11,0.309734513274,True,central_material_loss_rule_satisfied|endpoint_material_support_observed|connected_bite_case
17533,broken,False,y,18.0,10.0,10.0,16.0,9.0,10.0,17.0,False,0.256637168142,0.0663716814159,2033,1555,1555,0.8181818181818182,1.0,0.45454545454545453,6,0.13676588897827838,0.24601769911504426,0.0,0.0058997050147492625,0.023980815347721823,0.4482232395901461,0.12300884955752213,0.3333333333333333,11,0.0663716814159,True,central_material_loss_rule_satisfied|endpoint_material_support_observed|disconnected_fragment_case
17546,broken,False,y,18.0,9.0,12.0,17.0,9.0,11.0,18.0,True,0.225663716814,0.610619469027,4631,4631,4631,1.0,1.0,1.0,0,0.2980218636127017,0.4663716814159292,0.20353982300884957,0.2094395280235988,0.4490828589500316,0.36946087733005917,0.2331858407079646,0.3235294117647059,7,0.225663716814,True,central_material_loss_rule_satisfied|endpoint_material_support_observed|connected_bite_case
17572,broken,False,y,18.0,11.0,10.0,17.0,12.0,11.0,17.0,True,0.0914454277286,0.0648967551622,3284,3284,3284,0.9117647058823529,1.0,0.7272727272727273,3,0.08407079646017698,0.11238938053097344,0.017699115044247787,0.029498525073746312,0.26246719160104987,0.2570634553033811,0.05619469026548672,0.11764705882352941,4,0.0648967551622,True,central_material_loss_rule_satisfied|endpoint_material_support_observed|connected_bite_case
17619,broken,False,y,18.0,16.0,10.0,18.0,15.0,10.0,17.0,True,0.37610619469,0.420353982301,4324,4324,4324,1.0,1.0,1.0,0,0.2662912308930008,0.3893805309734513,0.061946902654867256,0.07374631268436578,0.1893939393939394,0.32093663911845727,0.19469026548672566,0.2727272727272727,9,0.37610619469,True,central_material_loss_rule_satisfied|endpoint_material_support_observed|connected_bite_case
17658,broken,False,y,18.0,18.0,11.0,17.0,17.0,11.0,18.0,True,0.261061946903,0.234513274336,3463,3463,3463,1.0,1.0,1.0,0,0.19629927594529362,0.26548672566371684,0.11504424778761062,0.11504424778761062,0.4333333333333333,0.2646464646464647,0.13274336283185842,0.18181818181818182,6,0.234513274336,True,central_material_loss_rule_satisfied|endpoint_material_support_observed|connected_bite_case
17674,broken,False,y,18.0,0.0,14.0,18.0,0.0,13.0,17.0,True,0.646017699115,0.176991150442,4032,4032,4032,1.0,1.0,1.0,0,0.2874765352641459,0.4230088495575221,0.17699115044247787,0.18879056047197643,0.4463040446304045,0.34563205274502345,0.21150442477876105,0.30303030303030304,5,0.176991150442,True,central_material_loss_rule_satisfied|endpoint_material_support_observed|connected_bite_case
17675,broken,False,y,18.0,0.0,12.0,18.0,0.0,13.0,17.0,True,0.592920353982,0.16814159292,3952,3952,3952,1.0,1.0,1.0,0,0.2732636095467954,0.4761061946902655,0.1504424778761062,0.1592920353982301,0.33457249070631967,0.445646051594007,0.23805309734513275,0.5151515151515151,16,0.16814159292,True,central_material_loss_rule_satisfied|endpoint_material_support_observed|connected_bite_case
17678,broken,False,y,18.0,0.0,12.0,18.0,1.0,12.0,17.0,True,0.699115044248,0.294985250737,4396,4396,4396,1.0,1.0,1.0,0,0.31572097865694954,0.5557522123893804,0.168141592920354,0.17404129793510323,0.3131634819532909,0.4524166354439864,0.2778761061946902,0.4411764705882353,14,0.294985250737,True,central_material_loss_rule_satisfied|endpoint_material_support_observed|connected_bite_case
17679,broken,False,y,18.0,2.0,12.0,18.0,1.0,12.0,17.0,True,0.890855457227,0.353982300885,5245,5245,5245,1.0,1.0,1.0,0,0.45705361790733995,0.7327433628318584,0.3274336283185841,0.33628318584070793,0.45893719806763283,0.3889599317988064,0.3663716814159292,0.38235294117647056,7,0.353982300885,True,central_material_loss_rule_satisfied|endpoint_material_support_observed|connected_bite_case
17680,broken,False,y,18.0,0.0,13.0,17.0,1.0,13.0,18.0,True,0.256637168142,0.809734513274,4505,4505,4505,1.0,1.0,1.0,0,0.39988938053097345,0.6194690265486725,0.23893805309734514,0.2654867256637168,0.42857142857142855,0.3723214285714285,0.30973451327433627,0.28125,5,0.256637168142,True,central_material_loss_rule_satisfied|endpoint_material_support_observed|connected_bite_case
17686,broken,False,y,18.0,2.0,13.0,17.0,1.0,13.0,18.0,True,0.318584070796,0.672566371681,4961,4961,4961,1.0,1.0,1.0,0,0.39769375167605253,0.6106194690265486,0.2743362831858407,0.2831858407079646,0.463768115942029,0.3557312252964426,0.3053097345132743,0.12121212121212122,4,0.318584070796,True,central_material_loss_rule_satisfied|endpoint_material_support_observed|connected_bite_case
17689,broken,False,y,18.0,1.0,12.0,17.0,1.0,13.0,18.0,True,0.203539823009,0.659292035398,4760,4760,4760,1.0,1.0,1.0,0,0.3421828908554572,0.5292035398230088,0.19469026548672566,0.20943952802359883,0.3957636566332219,0.37103476233911015,0.2646017699115044,0.3333333333333333,11,0.203539823009,True,central_material_loss_rule_satisfied|endpoint_material_support_observed|connected_bite_case
17690,broken,False,y,18.0,1.0,14.0,17.0,1.0,13.0,18.0,True,0.212389380531,0.646017699115,4647,4647,4647,1.0,1.0,1.0,0,0.31107535532314295,0.5274336283185841,0.18584070796460178,0.19174041297935104,0.3635346756152125,0.4272930648769575,0.26371681415929205,0.5454545454545454,18,0.212389380531,True,central_material_loss_rule_satisfied|endpoint_material_support_observed|connected_bite_case
17702,broken,False,y,18.0,2.0,14.0,18.0,2.0,13.0,17.0,True,0.769911504425,0.188790560472,4677,4677,4677,1.0,1.0,1.0,0,0.32502011263073216,0.552212389380531,0.17699115044247787,0.1887905604719764,0.3418803418803419,0.431041181041181,0.2761061946902655,0.5454545454545454,18,0.188790560472,True,central_material_loss_rule_satisfied|endpoint_material_support_observed|connected_bite_case
17703,broken,False,y,18.0,2.0,12.0,18.0,2.0,13.0,17.0,True,0.79203539823,0.159292035398,4694,4694,4694,1.0,1.0,1.0,0,0.3140252078305175,0.5008849557522124,0.1592920353982301,0.16519174041297935,0.3297997644287397,0.3953314059321126,0.2504424778761062,0.36363636363636365,11,0.159292035398,True,central_material_loss_rule_satisfied|endpoint_material_support_observed|connected_bite_case
17706,broken,False,y,18.0,2.0,12.0,18.0,3.0,12.0,17.0,True,0.867256637168,0.336283185841,5333,5333,5333,1.0,1.0,1.0,0,0.4679538750335211,0.6973451327433628,0.2920353982300885,0.3067846607669616,0.43993231810490685,0.3450238424857715,0.3486725663716814,0.2727272727272727,6,0.336283185841,True,central_material_loss_rule_satisfied|endpoint_material_support_observed|connected_bite_case
17707,broken,False,y,18.0,4.0,12.0,18.0,3.0,12.0,17.0,True,0.873156342183,0.40412979351,5184,5184,5184,1.0,1.0,1.0,0,0.4528891202498699,0.7646017699115044,0.26548672566371684,0.2979351032448378,0.38966049382716056,0.41836873638344224,0.3823008849557522,0.5882352941176471,20,0.40412979351,True,central_material_loss_rule_satisfied|endpoint_material_support_observed|connected_bite_case
17708,broken,False,y,18.0,2.0,13.0,17.0,3.0,13.0,18.0,True,0.321533923304,0.834808259587,4980,4980,4980,1.0,1.0,1.0,0,0.41244301421292573,0.7008849557522124,0.25663716814159293,0.2654867256637168,0.37878787878787873,0.4253902662993572,0.3504424778761062,0.6060606060606061,20,0.321533923304,True,central_material_loss_rule_satisfied|endpoint_material_support_observed|connected_bite_case
17714,broken,False,y,18.0,4.0,13.0,17.0,3.0,13.0,18.0,True,0.362831858407,0.756637168142,5109,5109,5109,1.0,1.0,1.0,0,0.4288012872083668,0.6672566371681417,0.2743362831858407,0.2802359882005899,0.41998231653404056,0.36154649947753403,0.3336283185840708,0.3333333333333333,11,0.362831858407,True,central_material_loss_rule_satisfied|endpoint_material_support_observed|connected_bite_case
17717,broken,False,y,18.0,3.0,12.0,17.0,3.0,13.0,18.0,True,0.221238938053,0.730088495575,4920,4920,4920,1.0,1.0,1.0,0,0.35666398498256907,0.5557522123893806,0.21238938053097345,0.23303834808259588,0.41932059447983017,0.3764717236054816,0.2778761061946903,0.45454545454545453,15,0.221238938053,True,central_material_loss_rule_satisfied|endpoint_material_support_observed|connected_bite_case
17718,broken,False,y,18.0,3.0,14.0,17.0,3.0,13.0,18.0,True,0.212389380531,0.787610619469,4823,4823,4823,1.0,1.0,1.0,0,0.3480825958702065,0.5716814159292035,0.18584070796460178,0.19174041297935104,0.33539731682146545,0.4125152453325827,0.28584070796460176,0.45454545454545453,15,0.212389380531,True,central_material_loss_rule_satisfied|endpoint_material_support_observed|connected_bite_case
17730,broken,False,y,18.0,4.0,14.0,18.0,4.0,13.0,17.0,True,0.787610619469,0.209439528024,4713,4713,4713,1.0,1.0,1.0,0,0.3336803748047892,0.5867256637168141,0.20353982300884957,0.21238938053097348,0.3619909502262444,0.45470676958566225,0.29336283185840706,0.6470588235294118,22,0.209439528024,True,central_material_loss_rule_satisfied|endpoint_material_support_observed|connected_bite_case
17731,broken,False,y,18.0,4.0,12.0,18.0,4.0,13.0,17.0,True,0.827433628319,0.181415929204,4817,4817,4817,1.0,1.0,1.0,0,0.35290962724591046,0.584070796460177,0.18584070796460178,0.19469026548672566,0.3333333333333333,0.41138659320477505,0.2920353982300885,0.45454545454545453,13,0.181415929204,True,central_material_loss_rule_satisfied|endpoint_material_support_observed|connected_bite_case
17734,broken,False,y,18.0,4.0,12.0,18.0,5.0,12.0,17.0,True,0.716814159292,0.393805309735,5195,5195,5195,1.0,1.0,1.0,0,0.444355054974524,0.6353982300884956,0.2743362831858407,0.2831858407079646,0.4456824512534819,0.30480290368869756,0.3176991150442478,0.12121212121212122,4,0.393805309735,True,central_material_loss_rule_satisfied|endpoint_material_support_observed|connected_bite_case
17735,broken,False,y,18.0,6.0,12.0,18.0,5.0,12.0,17.0,True,0.849557522124,0.398230088496,5172,5172,5172,1.0,1.0,1.0,0,0.41887905604719766,0.6991150442477876,0.2831858407079646,0.2861356932153392,0.4092827004219409,0.412734944380514,0.3495575221238938,0.3939393939393939,7,0.398230088496,True,central_material_loss_rule_satisfied|endpoint_material_support_observed|connected_bite_case
17736,broken,False,y,18.0,4.0,13.0,17.0,5.0,13.0,18.0,True,0.401179941003,0.852507374631,5381,5381,5381,1.0,1.0,1.0,0,0.5084473049074819,0.7787610619469026,0.336283185840708,0.34513274336283184,0.4431818181818182,0.3526170798898072,0.3893805309734513,0.24242424242424243,4,0.401179941003,True,central_material_loss_rule_satisfied|endpoint_material_support_observed|connected_bite_case
17738,broken,False,y,18.0,4.0,13.0,17.0,5.0,14.0,17.0,True,0.101769911504,0.0929203539823,3413,3413,3413,0.9696969696969697,1.0,0.9090909090909091,1,0.09868597479216948,0.1415929203539823,0.04424778761061947,0.05014749262536873,0.3541666666666667,0.3125,0.07079646017699115,0.21212121212121213,4,0.0929203539823,True,central_material_loss_rule_satisfied|endpoint_material_support_observed|connected_bite_case
17745,broken,False,y,18.0,5.0,12.0,17.0,5.0,13.0,18.0,True,0.230088495575,0.756637168142,4742,4742,4742,1.0,1.0,1.0,0,0.3134888710109949,0.5238938053097345,0.18584070796460178,0.19469026548672566,0.3716216216216216,0.4288493038493038,0.26194690265486725,0.5151515151515151,17,0.230088495575,True,central_material_loss_rule_satisfied|endpoint_material_support_observed|connected_bite_case
17746,broken,False,y,18.0,5.0,14.0,17.0,5.0,13.0,18.0,True,0.212389380531,0.712389380531,4742,4742,4742,1.0,1.0,1.0,0,0.3360150174309466,0.4690265486725664,0.19469026548672566,0.20648967551622419,0.44025157232704404,0.30817610062893086,0.2345132743362832,0.2727272727272727,6,0.212389380531,True,central_material_loss_rule_satisfied|endpoint_material_support_observed|connected_bite_case
17758,broken,False,y,18.0,6.0,14.0,18.0,6.0,13.0,17.0,True,0.747787610619,0.234513274336,4761,4761,4761,1.0,1.0,1.0,0,0.3137570394207563,0.536283185840708,0.21238938053097345,0.21238938053097345,0.396039603960396,0.43324332433243323,0.268141592920354,0.6060606060606061,20,0.234513274336,True,central_material_loss_rule_satisfied|endpoint_material_support_observed|connected_bite_case
17759,broken,False,y,18.0,6.0,12.0,18.0,6.0,13.0,17.0,True,0.690265486726,0.203539823009,4692,4692,4692,1.0,1.0,1.0,0,0.3231429337624027,0.48672566371681414,0.20353982300884957,0.2153392330383481,0.44242424242424244,0.3526170798898072,0.24336283185840707,0.36363636363636365,9,0.203539823009,True,central_material_loss_rule_satisfied|endpoint_material_support_observed|connected_bite_case
17763,broken,False,y,18.0,8.0,12.0,18.0,7.0,12.0,17.0,True,0.79203539823,0.424778761062,5247,5247,5247,1.0,1.0,1.0,0,0.4451595602038081,0.688495575221239,0.26548672566371684,0.27728613569321536,0.40274207369323045,0.3654280595154632,0.3442477876106195,0.24242424242424243,8,0.424778761062,True,central_material_loss_rule_satisfied|endpoint_material_support_observed|connected_bite_case
17764,broken,False,y,18.0,6.0,13.0,17.0,7.0,13.0,18.0,True,0.367256637168,0.809734513274,5122,5122,5122,1.0,1.0,1.0,0,0.4164655403593457,0.7061946902654868,0.23893805309734514,0.25368731563421826,0.35923141186299073,0.41968557758031444,0.3530973451327434,0.3333333333333333,10,0.367256637168,True,central_material_loss_rule_satisfied|endpoint_material_support_observed|connected_bite_case
17786,broken,False,y,18.0,8.0,14.0,18.0,8.0,13.0,17.0,True,0.659292035398,0.203539823009,4548,4548,4548,1.0,1.0,1.0,0,0.25985518905872884,0.3982300884955753,0.18584070796460178,0.18584070796460178,0.4666666666666666,0.3777777777777778,0.19911504424778764,0.18181818181818182,3,0.203539823009,True,central_material_loss_rule_satisfied|endpoint_material_support_observed|connected_bite_case
17787,broken,False,y,18.0,8.0,12.0,18.0,8.0,13.0,17.0,True,0.58407079646,0.190265486726,4598,4598,4598,1.0,1.0,1.0,0,0.3137570394207562,0.5026548672566372,0.18584070796460178,0.19174041297935104,0.3814553990610329,0.38156209987195905,0.2513274336283186,0.36363636363636365,12,0.190265486726,True,central_material_loss_rule_satisfied|endpoint_material_support_observed|connected_bite_case
17794,broken,False,y,18.0,8.0,13.0,17.0,9.0,14.0,17.0,True,0.101769911504,0.101769911504,3473,3473,3473,0.8823529411764706,0.6363636363636364,1.0,4,0.09760541384695472,0.13008849557522123,0.02654867256637168,0.032448377581120944,0.24943310657596374,0.2681072428971588,0.06504424778761062,0.17647058823529413,6,0.101769911504,True,central_material_loss_rule_satisfied|endpoint_material_support_observed|connected_bite_case
17802,broken,False,y,18.0,9.0,14.0,17.0,9.0,13.0,18.0,True,0.225663716814,0.646017699115,4478,4478,4478,1.0,1.0,1.0,0,0.25585632483081727,0.3938053097345133,0.17699115044247787,0.18289085545722714,0.4644194756554307,0.3813615333773959,0.19690265486725664,0.2647058823529412,3,0.225663716814,True,central_material_loss_rule_satisfied|endpoint_material_support_observed|connected_bite_case
17822,broken,False,y,18.0,10.0,13.0,17.0,11.0,14.0,17.0,True,0.106194690265,0.101769911504,3422,3422,3422,0.8823529411764706,0.7272727272727273,1.0,3,0.07756376887038001,0.10973451327433627,0.035398230088495575,0.038348082595870206,0.34946236559139787,0.30360531309297906,0.054867256637168134,0.17647058823529413,5,0.101769911504,True,central_material_loss_rule_satisfied|endpoint_material_support_observed|connected_bite_case
17828,broken,False,y,18.0,11.0,12.0,17.0,12.0,13.0,17.0,True,0.0530973451327,0.0796460176991,3363,3363,3363,0.7352941176470589,0.5454545454545454,0.9090909090909091,5,0.07287870900572618,0.10619469026548672,0.035398230088495575,0.035398230088495575,0.3333333333333333,0.3284313725490196,0.05309734513274336,0.2647058823529412,5,0.0530973451327,True,central_material_loss_rule_satisfied|endpoint_material_support_observed|connected_bite_case
17878,broken,False,y,18.0,14.0,13.0,17.0,15.0,14.0,17.0,True,0.0752212389381,0.0663716814159,3299,3299,3299,0.9090909090909091,1.0,1.0,3,0.07106462858675248,0.09734513274336283,0.017699115044247787,0.02359882005899705,0.24242424242424243,0.2837465564738292,0.048672566371681415,0.09090909090909091,3,0.0663716814159,True,central_material_loss_rule_satisfied|endpoint_material_support_observed|connected_bite_case
17903,broken,False,y,18.0,18.0,14.0,18.0,18.0,13.0,17.0,True,0.0973451327434,0.172566371681,2820,2820,2820,1.0,1.0,1.0,0,0.1361848574237955,0.17699115044247787,0.05309734513274336,0.058997050147492625,0.3333333333333333,0.23333333333333328,0.08849557522123894,0.2222222222222222,8,0.0973451327434,True,central_material_loss_rule_satisfied|endpoint_material_support_observed|connected_bite_case
17912,broken,False,y,18.0,18.0,13.0,17.0,17.0,13.0,16.0,True,0.247787610619,0.278761061947,3438,3438,3438,1.0,1.0,1.0,0,0.1992491284526683,0.2743362831858407,0.07079646017699115,0.07374631268436578,0.2688172043010753,0.27956989247311825,0.13716814159292035,0.21212121212121213,7,0.247787610619,True,central_material_loss_rule_satisfied|endpoint_material_support_observed|connected_bite_case
17916,broken,False,y,18.0,17.0,12.0,17.0,18.0,13.0,17.0,True,0.0796460176991,0.150442477876,3041,3041,3041,0.9090909090909091,0.7272727272727273,1.0,3,0.11289890050951999,0.1504424778761062,0.035398230088495575,0.04129793510324484,0.2745098039215686,0.2495543672014261,0.0752212389380531,0.18181818181818182,6,0.0796460176991,True,central_material_loss_rule_satisfied|endpoint_material_support_observed|connected_bite_case
17930,broken,False,y,18.0,0.0,16.0,18.0,0.0,15.0,17.0,True,0.46017699115,0.146017699115,3805,3805,3805,1.0,1.0,1.0,0,0.26012335746849025,0.3504424778761062,0.1415929203539823,0.14749262536873156,0.42087542087542085,0.27731864095500464,0.1752212389380531,0.12121212121212122,4,0.146017699115,True,central_material_loss_rule_satisfied|endpoint_material_support_observed|connected_bite_case
17931,broken,False,y,18.0,0.0,14.0,18.0,0.0,15.0,17.0,True,0.513274336283,0.181415929204,3832,3832,3832,1.0,1.0,1.0,0,0.25878251541968356,0.41415929203539825,0.168141592920354,0.17699115044247787,0.42735042735042733,0.3866873866873867,0.20707964601769913,0.3333333333333333,3,0.181415929204,True,central_material_loss_rule_satisfied|endpoint_material_support_observed|connected_bite_case
17934,broken,False,y,18.0,0.0,14.0,18.0,1.0,14.0,17.0,True,0.722713864307,0.29203539823,4759,4759,4759,1.0,1.0,1.0,0,0.41957313899010934,0.6504424778761062,0.23893805309734514,0.24778761061946902,0.38095238095238093,0.36174469787915164,0.3252212389380531,0.29411764705882354,5,0.29203539823,True,central_material_loss_rule_satisfied|endpoint_material_support_observed|connected_bite_case
17935,broken,False,y,18.0,2.0,14.0,18.0,1.0,14.0,17.0,True,0.817109144543,0.280235988201,5174,5174,5174,1.0,1.0,1.0,0,0.45965642894325875,0.7088495575221239,0.2743362831858407,0.2831858407079646,0.3995006242197254,0.3605786884042006,0.35442477876106193,0.2647058823529412,9,0.280235988201,True,central_material_loss_rule_satisfied|endpoint_material_support_observed|connected_bite_case
17942,broken,False,y,18.0,2.0,15.0,17.0,1.0,15.0,18.0,True,0.33185840708,0.730088495575,4985,4985,4985,1.0,1.0,1.0,0,0.40573880396889245,0.6300884955752213,0.2743362831858407,0.2831858407079646,0.449438202247191,0.365083418454205,0.31504424778761064,0.42424242424242425,14,0.33185840708,True,central_material_loss_rule_satisfied|endpoint_material_support_observed|connected_bite_case
17945,broken,False,y,18.0,1.0,14.0,17.0,1.0,15.0,18.0,True,0.172566371681,0.62389380531,4504,4504,4504,1.0,1.0,1.0,0,0.27969965138106734,0.49734513274336284,0.1592920353982301,0.16519174041297935,0.33214709371293,0.4538984147525073,0.24867256637168142,0.6363636363636364,21,0.172566371681,True,central_material_loss_rule_satisfied|endpoint_material_support_observed|connected_bite_case
17946,broken,False,y,18.0,1.0,16.0,17.0,1.0,15.0,18.0,True,0.190265486726,0.601769911504,4451,4451,4451,1.0,1.0,1.0,0,0.27621346205417,0.45840707964601773,0.17699115044247787,0.18289085545722714,0.39897039897039893,0.4102024102024102,0.22920353982300887,0.48484848484848486,14,0.190265486726,True,central_material_loss_rule_satisfied|endpoint_material_support_observed|connected_bite_case
17958,broken,False,y,18.0,2.0,16.0,18.0,2.0,15.0,17.0,True,0.643067846608,0.200589970501,4402,4402,4402,1.0,1.0,1.0,0,0.2748568453930245,0.5265486725663716,0.13274336283185842,0.14454277286135694,0.2745098039215687,0.49036085022244197,0.2632743362831858,0.7058823529411765,24,0.200589970501,True,central_material_loss_rule_satisfied|endpoint_material_support_observed|connected_bite_case
17959,broken,False,y,18.0,2.0,14.0,18.0,2.0,15.0,17.0,True,0.769911504425,0.176991150442,4584,4584,4584,1.0,1.0,1.0,0,0.2928399034593725,0.5168141592920354,0.1592920353982301,0.17404129793510326,0.3367579908675799,0.45122457451224574,0.2584070796460177,0.5757575757575758,18,0.176991150442,True,central_material_loss_rule_satisfied|endpoint_material_support_observed|connected_bite_case
17962,broken,False,y,18.0,2.0,14.0,18.0,3.0,14.0,17.0,True,0.703539823009,0.274336283186,4753,4753,4753,1.0,1.0,1.0,0,0.3496916063287745,0.5911504424778762,0.19469026548672566,0.2094395280235988,0.3542914171656686,0.416984213391399,0.2955752212389381,0.6060606060606061,13,0.274336283186,True,central_material_loss_rule_satisfied|endpoint_material_support_observed|connected_bite_case
17963,broken,False,y,18.0,4.0,14.0,18.0,3.0,14.0,17.0,True,0.787610619469,0.305309734513,5072,5072,5072,1.0,1.0,1.0,0,0.4084204880665058,0.6902654867256637,0.2831858407079646,0.2920353982300885,0.42307692307692313,0.41802641802641793,0.34513274336283184,0.42424242424242425,6,0.305309734513,True,central_material_loss_rule_satisfied|endpoint_material_support_observed|connected_bite_case
17964,broken,False,y,18.0,2.0,15.0,17.0,3.0,15.0,18.0,True,0.371681415929,0.823008849558,5089,5089,5089,1.0,1.0,1.0,0,0.4411764705882353,0.715929203539823,0.3008849557522124,0.3185840707964602,0.4449938195302843,0.3944593906783974,0.3579646017699115,0.35294117647058826,4,0.371681415929,True,central_material_loss_rule_satisfied|endpoint_material_support_observed|connected_bite_case
17970,broken,False,y,18.0,4.0,15.0,17.0,3.0,15.0,18.0,True,0.300884955752,0.716814159292,4823,4823,4823,1.0,1.0,1.0,0,0.37168141592920356,0.5716814159292035,0.23893805309734514,0.25663716814159293,0.44891640866873067,0.3646683553804297,0.28584070796460176,0.30303030303030304,6,0.300884955752,True,central_material_loss_rule_satisfied|endpoint_material_support_observed|connected_bite_case
17973,broken,False,y,18.0,3.0,14.0,17.0,3.0,15.0,18.0,True,0.199115044248,0.712389380531,4630,4630,4630,1.0,1.0,1.0,0,0.3016894609814964,0.5256637168141594,0.18584070796460178,0.19174041297935104,0.36475869809203143,0.445668809305173,0.2628318584070797,0.5151515151515151,17,0.199115044248,True,central_material_loss_rule_satisfied|endpoint_material_support_observed|connected_bite_case
17974,broken,False,y,18.0,3.0,16.0,17.0,3.0,15.0,18.0,True,0.212389380531,0.663716814159,4484,4484,4484,1.0,1.0,1.0,0,0.279431482971306,0.431858407079646,0.1592920353982301,0.16519174041297935,0.3825136612021858,0.380153999006458,0.215929203539823,0.42424242424242425,12,0.212389380531,True,central_material_loss_rule_satisfied|endpoint_material_support_observed|connected_bite_case
17986,broken,False,y,18.0,4.0,16.0,18.0,4.0,15.0,17.0,True,0.648967551622,0.206489675516,4466,4466,4466,1.0,1.0,1.0,0,0.29073399271212913,0.5035398230088496,0.19469026548672566,0.20058997050147492,0.3983596953719976,0.44091801922878116,0.2517699115044248,0.5882352941176471,20,0.206489675516,True,central_material_loss_rule_satisfied|endpoint_material_support_observed|connected_bite_case
17987,broken,False,y,18.0,4.0,14.0,18.0,4.0,15.0,17.0,True,0.747787610619,0.185840707965,4620,4620,4620,1.0,1.0,1.0,0,0.30785733440600693,0.48849557522123893,0.17699115044247787,0.19174041297935104,0.392512077294686,0.39953886693017127,0.24424778761061947,0.48484848484848486,16,0.185840707965,True,central_material_loss_rule_satisfied|endpoint_material_support_observed|connected_bite_case
17990,broken,False,y,18.0,4.0,14.0,18.0,5.0,14.0,17.0,True,0.79203539823,0.323008849558,5102,5102,5102,1.0,1.0,1.0,0,0.41539286672030035,0.6070796460176991,0.23893805309734514,0.25073746312684364,0.41302235179786195,0.3292693700856966,0.3035398230088496,0.18181818181818182,6,0.323008849558,True,central_material_loss_rule_satisfied|endpoint_material_support_observed|connected_bite_case
17991,broken,False,y,18.0,6.0,14.0,18.0,5.0,14.0,17.0,True,0.740412979351,0.3598820059,4840,4840,4840,1.0,1.0,1.0,0,0.3701197293076523,0.6743362831858406,0.21238938053097345,0.22418879056047197,0.33245844269466324,0.4581596418094796,0.3371681415929203,0.6764705882352942,23,0.3598820059,True,central_material_loss_rule_satisfied|endpoint_material_support_observed|connected_bite_case
17992,broken,False,y,18.0,4.0,15.0,17.0,5.0,15.0,18.0,True,0.324483775811,0.808259587021,4944,4944,4944,1.0,1.0,1.0,0,0.4013534617386778,0.6849557522123894,0.24778761061946902,0.25958702064896755,0.3789836347975883,0.42559659522723814,0.3424778761061947,0.6470588235294118,22,0.324483775811,True,central_material_loss_rule_satisfied|endpoint_material_support_observed|connected_bite_case
18001,broken,False,y,18.0,5.0,14.0,17.0,5.0,15.0,18.0,True,0.233038348083,0.728613569322,4672,4672,4672,1.0,1.0,1.0,0,0.31643872351836955,0.5734513274336284,0.19469026548672566,0.20353982300884957,0.35493827160493824,0.4677328843995511,0.2867256637168142,0.696969696969697,22,0.233038348083,True,central_material_loss_rule_satisfied|endpoint_material_support_observed|connected_bite_case
18002,broken,False,y,18.0,5.0,16.0,17.0,5.0,15.0,18.0,True,0.176991150442,0.632743362832,4417,4417,4417,1.0,1.0,1.0,0,0.26736390453204617,0.4495575221238938,0.1504424778761062,0.1622418879056047,0.3608923884514435,0.4224528752087807,0.2247787610619469,0.5757575757575758,19,0.176991150442,True,central_material_loss_rule_satisfied|endpoint_material_support_observed|connected_bite_case
18015,broken,False,y,18.0,6.0,14.0,18.0,6.0,15.0,17.0,True,0.610619469027,0.199115044248,4582,4582,4582,1.0,1.0,1.0,0,0.28839146277980215,0.4469026548672566,0.168141592920354,0.1976401179941003,0.4422442244224423,0.3715783343040186,0.2234513274336283,0.3235294117647059,7,0.199115044248,True,central_material_loss_rule_satisfied|endpoint_material_support_observed|connected_bite_case
18019,broken,False,y,18.0,8.0,14.0,18.0,7.0,14.0,17.0,True,0.787610619469,0.356932153392,5041,5041,5041,1.0,1.0,1.0,0,0.41163850898364174,0.672566371681416,0.2920353982300885,0.303834808259587,0.4517543859649122,0.4007177033492823,0.336283185840708,0.24242424242424243,4,0.356932153392,True,central_material_loss_rule_satisfied|endpoint_material_support_observed|connected_bite_case
18020,broken,False,y,18.0,6.0,15.0,17.0,7.0,15.0,18.0,True,0.398230088496,0.79203539823,5174,5174,5174,1.0,1.0,1.0,0,0.42048806650576565,0.6637168141592921,0.2920353982300885,0.30088495575221236,0.45333333333333325,0.37898989898989904,0.33185840707964603,0.21212121212121213,4,0.398230088496,True,central_material_loss_rule_satisfied|endpoint_material_support_observed|connected_bite_case
18026,broken,False,y,18.0,8.0,15.0,17.0,7.0,15.0,18.0,True,0.37610619469,0.646017699115,4855,4855,4855,1.0,1.0,1.0,0,0.3526414588361491,0.5185840707964602,0.20353982300884957,0.22123893805309736,0.42662116040955633,0.32909297755714134,0.2592920353982301,0.21212121212121213,7,0.37610619469,True,central_material_loss_rule_satisfied|endpoint_material_support_observed|connected_bite_case
18029,broken,False,y,18.0,7.0,14.0,17.0,7.0,15.0,18.0,True,0.221238938053,0.654867256637,4505,4505,4505,1.0,1.0,1.0,0,0.27850078084331076,0.42035398230088494,0.19469026548672566,0.20058997050147492,0.47719298245614034,0.3727554179566563,0.21017699115044247,0.17647058823529413,4,0.221238938053,True,central_material_loss_rule_satisfied|endpoint_material_support_observed|connected_bite_case
18030,broken,False,y,18.0,7.0,16.0,17.0,7.0,15.0,18.0,True,0.199115044248,0.588495575221,4346,4346,4346,1.0,1.0,1.0,0,0.25395548404397966,0.4194690265486726,0.17699115044247787,0.18289085545722714,0.43600562587904357,0.41145633550696836,0.2097345132743363,0.45454545454545453,7,0.199115044248,True,central_material_loss_rule_satisfied|endpoint_material_support_observed|connected_bite_case
18043,broken,False,y,18.0,8.0,14.0,18.0,8.0,15.0,17.0,True,0.694690265487,0.212389380531,4626,4626,4626,1.0,1.0,1.0,0,0.29567933368037486,0.5831858407079645,0.18584070796460178,0.19469026548672566,0.3338391502276176,0.5003124163170579,0.29159292035398227,0.7058823529411765,21,0.212389380531,True,central_material_loss_rule_satisfied|endpoint_material_support_observed|connected_bite_case
18047,broken,False,y,18.0,10.0,14.0,18.0,9.0,14.0,17.0,True,0.734513274336,0.336283185841,4861,4861,4861,1.0,1.0,1.0,0,0.356663984982569,0.5168141592920354,0.25663716814159293,0.25663716814159293,0.4965753424657534,0.33603154836031557,0.2584070796460177,0.09090909090909091,3,0.336283185841,True,central_material_loss_rule_satisfied|endpoint_material_support_observed|connected_bite_case
18054,broken,False,y,18.0,10.0,15.0,17.0,9.0,15.0,18.0,True,0.380530973451,0.588495575221,4750,4750,4750,1.0,1.0,1.0,0,0.33172432287476533,0.47433628318584076,0.18584070796460178,0.1976401179941003,0.41666666666666663,0.3117367706919946,0.23716814159292038,0.15151515151515152,5,0.380530973451,True,central_material_loss_rule_satisfied|endpoint_material_support_observed|connected_bite_case
18056,broken,False,y,18.0,9.0,14.0,17.0,10.0,15.0,17.0,True,0.137168141593,0.0929203539823,3473,3473,3473,1.0,1.0,1.0,0,0.09707696433360151,0.13274336283185842,0.05309734513274336,0.05604719764011799,0.42222222222222217,0.27272727272727276,0.06637168141592921,0.12121212121212122,4,0.0929203539823,True,central_material_loss_rule_satisfied|endpoint_material_support_observed|connected_bite_case
18058,broken,False,y,18.0,9.0,16.0,17.0,9.0,15.0,18.0,True,0.20796460177,0.522123893805,4241,4241,4241,1.0,1.0,1.0,0,0.21587556985787074,0.3256637168141593,0.13274336283185842,0.1415929203539823,0.43478260869565216,0.3624835309617918,0.16283185840707964,0.24242424242424243,4,0.20796460177,True,central_material_loss_rule_satisfied|endpoint_material_support_observed|connected_bite_case
18078,broken,False,y,18.0,10.0,15.0,17.0,11.0,16.0,17.0,True,0.070796460177,0.119469026549,3402,3402,3402,0.9393939393939394,0.9090909090909091,1.0,1,0.0863502279431483,0.11504424778761062,0.04424778761061947,0.05014749262536873,0.4358974358974359,0.2517482517482517,0.05752212389380531,0.15151515151515152,3,0.070796460177,True,central_material_loss_rule_satisfied|endpoint_material_support_observed|connected_bite_case
18140,broken,False,y,18.0,15.0,14.0,17.0,16.0,15.0,17.0,True,0.0752212389381,0.0619469026549,3285,3285,3285,0.7575757575757576,0.5454545454545454,0.7272727272727273,4,0.06731027085009385,0.09734513274336283,0.035398230088495575,0.038348082595870206,0.3939393939393939,0.3168044077134986,0.048672566371681415,0.24242424242424243,4,0.0619469026549,True,central_material_loss_rule_satisfied|endpoint_material_support_observed|connected_bite_case
18159,broken,False,y,18.0,18.0,16.0,18.0,18.0,15.0,17.0,True,0.070796460177,0.16814159292,2626,2626,2626,0.9166666666666666,0.75,1.0,3,0.1147984267453294,0.1592920353982301,0.035398230088495575,0.038348082595870206,0.24074074074074073,0.2854938271604939,0.07964601769911504,0.1388888888888889,5,0.070796460177,True,central_material_loss_rule_satisfied|endpoint_material_support_observed|connected_bite_case
18187,broken,False,y,18.0,0.0,16.0,18.0,0.0,17.0,17.0,True,0.371681415929,0.12389380531,3628,3628,3628,1.0,1.0,1.0,0,0.23737636647579385,0.3424778761061947,0.12389380530973451,0.15044247787610618,0.4392764857881137,0.3191974464204286,0.17123893805309734,0.17647058823529413,3,0.12389380531,True,central_material_loss_rule_satisfied|endpoint_material_support_observed|connected_bite_case
18191,broken,False,y,18.0,2.0,16.0,18.0,1.0,16.0,17.0,True,0.666666666667,0.297935103245,4686,4686,4686,1.0,1.0,1.0,0,0.3545028630921396,0.5769911504424778,0.23893805309734514,0.2448377581120944,0.4243353783231084,0.3942619992782389,0.2884955752212389,0.4117647058823529,7,0.297935103245,True,central_material_loss_rule_satisfied|endpoint_material_support_observed|connected_bite_case
18202,broken,False,y,18.0,2.0,17.0,17.0,1.0,17.0,18.0,True,0.323008849558,0.464601769912,4518,4518,4518,1.0,1.0,1.0,0,0.3604183427192277,0.5946902654867258,0.23893805309734514,0.24778761061946902,0.4166666666666666,0.39853896103896114,0.2973451327433629,0.5151515151515151,11,0.323008849558,True,central_material_loss_rule_satisfied|endpoint_material_support_observed|connected_bite_case
18205,broken,False,y,18.0,1.0,16.0,17.0,1.0,17.0,18.0,True,0.194690265487,0.46017699115,4196,4196,4196,1.0,1.0,1.0,0,0.2493492972410203,0.3787610619469026,0.17699115044247787,0.18289085545722714,0.4828660436137072,0.3525288620120945,0.1893805309734513,0.17647058823529413,5,0.194690265487,True,central_material_loss_rule_satisfied|endpoint_material_support_observed|connected_bite_case
18219,broken,False,y,18.0,2.0,16.0,18.0,2.0,17.0,17.0,True,0.544247787611,0.185840707965,4197,4197,4197,1.0,1.0,1.0,0,0.2569053365513543,0.3858407079646018,0.1592920353982301,0.16814159292035397,0.4357798165137614,0.3484848484848485,0.1929203539823009,0.21212121212121213,5,0.185840707965,True,central_material_loss_rule_satisfied|endpoint_material_support_observed|connected_bite_case
18222,broken,False,y,18.0,2.0,16.0,18.0,3.0,16.0,17.0,True,0.597345132743,0.296460176991,4769,4769,4769,1.0,1.0,1.0,0,0.364709037275409,0.5221238938053098,0.22123893805309736,0.24188790560471976,0.46327683615819204,0.3045711350796097,0.2610619469026549,0.21212121212121213,3,0.296460176991,True,central_material_loss_rule_satisfied|endpoint_material_support_observed|connected_bite_case
18223,broken,False,y,18.0,4.0,16.0,18.0,3.0,16.0,17.0,True,0.681415929204,0.374631268437,4729,4729,4729,1.0,1.0,1.0,0,0.3636127017178553,0.5318584070796459,0.23893805309734514,0.24483775811209438,0.46034387132556853,0.33277870216306155,0.26592920353982297,0.17647058823529413,5,0.374631268437,True,central_material_loss_rule_satisfied|endpoint_material_support_observed|connected_bite_case
18228,broken,False,y,18.0,2.0,17.0,17.0,3.0,17.0,18.0,True,0.29203539823,0.634218289086,4463,4463,4463,1.0,1.0,1.0,0,0.33199249128452674,0.5557522123893806,0.1415929203539823,0.15634218289085544,0.281316348195329,0.4102489866821077,0.2778761061946903,0.48484848484848486,16,0.29203539823,True,central_material_loss_rule_satisfied|endpoint_material_support_observed|connected_bite_case
18251,broken,False,y,18.0,4.0,16.0,18.0,4.0,17.0,17.0,True,0.517699115044,0.221238938053,4322,4322,4322,1.0,1.0,1.0,0,0.25976054138469556,0.404424778761062,0.17699115044247787,0.18289085545722714,0.4522246535375638,0.36491182906422964,0.202212389380531,0.17647058823529413,4,0.221238938053,True,central_material_loss_rule_satisfied|endpoint_material_support_observed|connected_bite_case
18252,broken,False,y,18.0,4.0,16.0,16.0,5.0,16.0,17.0,False,0.0973451327434,0.238938053097,1537,2193,1537,0.8181818181818182,0.45454545454545453,1.0,6,0.1764548136229552,0.26548672566371684,0.0,0.0,0.0,0.34242424242424246,0.13274336283185842,0.2727272727272727,9,0.0973451327434,True,central_material_loss_rule_satisfied|endpoint_material_support_observed|disconnected_fragment_case
18260,broken,False,y,18.0,4.0,17.0,17.0,5.0,17.0,18.0,True,0.256637168142,0.597345132743,4573,4573,4573,1.0,1.0,1.0,0,0.32260659694288013,0.49380530973451325,0.18584070796460178,0.21238938053097345,0.43010752688172044,0.3628760725534919,0.24690265486725663,0.18181818181818182,6,0.256637168142,True,central_material_loss_rule_satisfied|endpoint_material_support_observed|connected_bite_case
18261,broken,False,y,18.0,4.0,17.0,17.0,5.0,17.0,16.0,True,0.243362831858,0.33185840708,3861,3861,3861,1.0,1.0,1.0,0,0.21614373826763209,0.2743362831858407,0.08849557522123894,0.10619469026548672,0.38709677419354843,0.22091886608015637,0.13716814159292035,0.12121212121212122,4,0.243362831858,True,central_material_loss_rule_satisfied|endpoint_material_support_observed|connected_bite_case
18264,broken,False,y,18.0,6.0,17.0,17.0,5.0,17.0,16.0,True,0.296460176991,0.37610619469,4027,4027,4027,1.0,1.0,1.0,0,0.24886028425851436,0.3274336283185841,0.1504424778761062,0.15634218289085544,0.47747747747747743,0.24488124488124488,0.16371681415929204,0.18181818181818182,5,0.296460176991,True,central_material_loss_rule_satisfied|endpoint_material_support_observed|connected_bite_case
18283,broken,False,y,18.0,6.0,16.0,18.0,6.0,17.0,17.0,True,0.491150442478,0.20796460177,4296,4296,4296,1.0,1.0,1.0,0,0.24751944220970767,0.37168141592920356,0.1415929203539823,0.15339233038348082,0.4126984126984127,0.3542568542568542,0.18584070796460178,0.24242424242424243,8,0.20796460177,True,central_material_loss_rule_satisfied|endpoint_material_support_observed|connected_bite_case
18286,broken,False,y,18.0,6.0,16.0,18.0,7.0,16.0,17.0,True,0.62389380531,0.305309734513,4499,4499,4499,1.0,1.0,1.0,0,0.28881737731295254,0.5008849557522124,0.1592920353982301,0.168141592920354,0.3356890459363958,0.43441481957383016,0.2504424778761062,0.48484848484848486,12,0.305309734513,True,central_material_loss_rule_satisfied|endpoint_material_support_observed|connected_bite_case
18287,broken,False,y,18.0,8.0,16.0,18.0,7.0,16.0,17.0,True,0.648967551622,0.424778761062,4545,4545,4545,1.0,1.0,1.0,0,0.3092139510671525,0.5141592920353982,0.18584070796460178,0.19764011799410028,0.3843947217441193,0.41257466842158547,0.2570796460176991,0.5,11,0.424778761062,True,central_material_loss_rule_satisfied|endpoint_material_support_observed|connected_bite_case
18314,broken,True,y,18.0,8.0,18.0,18.0,8.0,17.0,17.0,False,0.129793510324,0.250737463127,1029,2346,1029,1.0,1.0,1.0,0,0.17673086933888602,0.23628318584070795,0.10619469026548672,0.10914454277286136,0.46192259675405745,0.2566644635382242,0.11814159292035398,0.08823529411764706,3,0.129793510324,True,central_material_loss_rule_satisfied|endpoint_material_support_observed|disconnected_fragment_case
18315,broken,False,y,18.0,8.0,16.0,18.0,8.0,17.0,17.0,True,0.455752212389,0.194690265487,4229,4229,4229,1.0,1.0,1.0,0,0.23464735854116386,0.3823008849557522,0.1504424778761062,0.15634218289085547,0.40895061728395066,0.39758698092031425,0.1911504424778761,0.30303030303030304,6,0.194690265487,True,central_material_loss_rule_satisfied|endpoint_material_support_observed|connected_bite_case
18330,broken,False,y,18.0,10.0,17.0,17.0,9.0,17.0,18.0,True,0.318584070796,0.398230088496,4215,4215,4215,1.0,1.0,1.0,0,0.24430142129257174,0.3274336283185841,0.1504424778761062,0.15634218289085544,0.47747747747747743,0.2645372645372646,0.16371681415929204,0.21212121212121213,5,0.318584070796,True,central_material_loss_rule_satisfied|endpoint_material_support_observed|connected_bite_case
18346,broken,True,y,18.0,10.0,18.0,18.0,10.0,17.0,17.0,False,0.110619469027,0.216814159292,984,2256,984,1.0,1.0,1.0,0,0.16787342451059264,0.21061946902654868,0.08849557522123894,0.09144542772861357,0.43417366946778707,0.2052457346574994,0.10530973451327434,0.15151515151515152,5,0.110619469027,True,central_material_loss_rule_satisfied|endpoint_material_support_observed|disconnected_fragment_case
18389,broken,False,y,18.0,12.0,17.0,17.0,13.0,17.0,16.0,True,0.278761061947,0.221238938053,3864,3864,3864,1.0,1.0,1.0,0,0.21238938053097342,0.2920353982300885,0.13274336283185842,0.13569321533923304,0.46464646464646464,0.2754820936639118,0.14601769911504425,0.15151515151515152,3,0.221238938053,True,central_material_loss_rule_satisfied|endpoint_material_support_observed|connected_bite_case
18414,broken,False,y,18.0,14.0,16.0,18.0,15.0,16.0,17.0,True,0.367256637168,0.411504424779,4252,4252,4252,1.0,1.0,1.0,0,0.2448377581120944,0.3787610619469027,0.1504424778761062,0.1592920353982301,0.4205607476635514,0.3612291135655622,0.18938053097345134,0.3333333333333333,6,0.367256637168,True,central_material_loss_rule_satisfied|endpoint_material_support_observed|connected_bite_case
18450,broken,False,y,18.0,16.0,16.0,18.0,17.0,16.0,17.0,True,0.119469026549,0.261061946903,3849,3849,3849,1.0,1.0,1.0,0,0.18986323411102174,0.24601769911504426,0.10619469026548672,0.10914454277286136,0.4436450839328537,0.22912579027686947,0.12300884955752213,0.12121212121212122,3,0.119469026549,True,central_material_loss_rule_satisfied|endpoint_material_support_observed|connected_bite_case
